true_label,meta_K5,meta_ratio_0,meta_ratio_1
0,0,0.96875,0.03125
0,0,0.96875,0.03125
0,0,0.96875,0.03125
0,0,0.96875,0.03125
0,0,0.96875,0.03125
0,0,0.96875,0.03125
0,0,0.96875,0.03125
0,0,0.96875,0.03125
0,0,0.96875,0.03125
0,0,0.96875,0.03125
0,0,0.96875,0.03125
0,0,0.96875,0.03125
0,0,0.96875,0.03125
0,0,0.96875,0.03125
0,0,0.96875,0.03125
0,0,0.96875,0.03125
0,0,0.96875,0.03125
0,0,0.96875,0.03125
0,0,0.96875,0.03125
0,0,0.96875,0.03125
0,0,0.96875,0.03125
0,0,0.96875,0.03125
0,0,0.96875,0.03125
0,0,0.96875,0.03125
0,0,0.96875,0.03125
0,0,0.96875,0.03125
0,0,0.96875,0.03125
0,0,0.96875,0.03125
0,0,0.96875,0.03125
0,0,0.96875,0.03125
0,0,0.96875,0.03125
0,0,0.96875,0.03125
0,0,0.953125,0.046875
0,0,0.953125,0.046875
0,0,0.953125,0.046875
0,0,0.953125,0.046875
0,0,0.953125,0.046875
0,0,0.953125,0.046875
0,0,0.953125,0.046875
0,0,0.953125,0.046875
0,0,0.953125,0.046875
0,0,0.953125,0.046875
0,0,0.953125,0.046875
0,0,0.953125,0.046875
0,0,0.953125,0.046875
0,0,0.953125,0.046875
0,0,0.953125,0.046875
0,0,0.953125,0.046875
0,0,0.953125,0.046875
0,0,0.953125,0.046875
0,0,0.953125,0.046875
0,0,0.953125,0.046875
0,0,0.953125,0.046875
0,0,0.953125,0.046875
0,0,0.953125,0.046875
0,0,0.953125,0.046875
0,0,0.953125,0.046875
0,0,0.953125,0.046875
0,0,0.953125,0.046875
0,0,0.953125,0.046875
0,0,0.953125,0.046875
0,0,0.953125,0.046875
0,0,0.953125,0.046875
0,0,0.953125,0.046875
0,0,0.921875,0.078125
0,0,0.921875,0.078125
0,0,0.921875,0.078125
0,0,0.921875,0.078125
0,0,0.921875,0.078125
0,0,0.921875,0.078125
0,0,0.921875,0.078125
0,0,0.921875,0.078125
0,0,0.921875,0.078125
0,0,0.921875,0.078125
0,0,0.921875,0.078125
0,0,0.921875,0.078125
0,0,0.921875,0.078125
0,0,0.921875,0.078125
0,0,0.921875,0.078125
0,0,0.921875,0.078125
0,0,0.90625,0.09375
0,0,0.90625,0.09375
0,0,0.90625,0.09375
0,0,0.90625,0.09375
0,0,0.890625,0.109375
0,0,0.890625,0.109375
0,0,0.890625,0.109375
0,0,0.890625,0.109375
0,0,0.890625,0.109375
0,0,0.890625,0.109375
0,0,0.890625,0.109375
0,0,0.890625,0.109375
0,0,0.890625,0.109375
0,0,0.890625,0.109375
0,0,0.890625,0.109375
0,0,0.890625,0.109375
0,0,0.9375,0.0625
0,0,0.9375,0.0625
0,0,0.9375,0.0625
0,0,0.9375,0.0625
0,0,0.9375,0.0625
0,0,0.9375,0.0625
0,0,0.9375,0.0625
0,0,0.9375,0.0625
0,0,0.9375,0.0625
0,0,0.9375,0.0625
0,0,0.9375,0.0625
0,0,0.9375,0.0625
0,0,0.9375,0.0625
0,0,0.9375,0.0625
0,0,0.9375,0.0625
0,0,0.9375,0.0625
0,0,0.96875,0.03125
0,0,0.96875,0.03125
0,0,0.96875,0.03125
0,0,0.96875,0.03125
0,0,0.96875,0.03125
0,0,0.96875,0.03125
0,0,0.96875,0.03125
0,0,0.96875,0.03125
0,0,0.984375,0.015625
0,0,0.984375,0.015625
0,0,0.984375,0.015625
0,0,0.984375,0.015625
0,0,0.984375,0.015625
0,0,0.984375,0.015625
0,0,0.984375,0.015625
0,0,0.984375,0.015625
0,0,0.96825397,0.031746034
0,0,0.96825397,0.031746034
0,0,0.96825397,0.031746034
0,0,0.96825397,0.031746034
0,0,0.9677419,0.032258064
0,0,0.9677419,0.032258064
0,0,0.9677419,0.032258064
0,0,0.9677419,0.032258064
0,0,0.9677419,0.032258064
0,0,0.9677419,0.032258064
0,0,0.9677419,0.032258064
0,0,0.9677419,0.032258064
0,0,0.9677419,0.032258064
0,0,0.9677419,0.032258064
0,0,0.9677419,0.032258064
0,0,0.9677419,0.032258064
0,0,0.96875,0.03125
0,0,0.96875,0.03125
0,0,0.96875,0.03125
0,0,0.96875,0.03125
0,0,0.96875,0.03125
0,0,0.96875,0.03125
0,0,0.96875,0.03125
0,0,0.96875,0.03125
0,0,0.96875,0.03125
0,0,0.96875,0.03125
0,0,0.96875,0.03125
0,0,0.96875,0.03125
0,0,0.96875,0.03125
0,0,0.96875,0.03125
0,0,0.96875,0.03125
0,0,0.96875,0.03125
0,0,0.984375,0.015625
0,0,0.984375,0.015625
0,0,0.984375,0.015625
0,0,0.984375,0.015625
0,0,0.984375,0.015625
0,0,0.984375,0.015625
0,0,0.984375,0.015625
0,0,0.984375,0.015625
0,0,0.984375,0.015625
0,0,0.984375,0.015625
0,0,0.984375,0.015625
0,0,0.984375,0.015625
0,0,0.984375,0.015625
0,0,0.984375,0.015625
0,0,0.984375,0.015625
0,0,0.984375,0.015625
0,0,0.984375,0.015625
0,0,0.984375,0.015625
0,0,0.984375,0.015625
0,0,0.984375,0.015625
0,0,0.984375,0.015625
0,0,0.984375,0.015625
0,0,0.984375,0.015625
0,0,0.984375,0.015625
0,0,0.984375,0.015625
0,0,0.984375,0.015625
0,0,0.984375,0.015625
0,0,0.984375,0.015625
0,0,0.984375,0.015625
0,0,0.984375,0.015625
0,0,0.984375,0.015625
0,0,0.984375,0.015625
0,0,0.93650794,0.06349207
0,0,0.93650794,0.06349207
0,0,0.93650794,0.06349207
0,0,0.93650794,0.06349207
0,0,0.93650794,0.06349207
0,0,0.93650794,0.06349207
0,0,0.93650794,0.06349207
0,0,0.93650794,0.06349207
0,0,0.93650794,0.06349207
0,0,0.93650794,0.06349207
0,0,0.93650794,0.06349207
0,0,0.93650794,0.06349207
0,0,0.921875,0.078125
0,0,0.921875,0.078125
0,0,0.921875,0.078125
0,0,0.921875,0.078125
0,0,0.921875,0.078125
0,0,0.921875,0.078125
0,0,0.921875,0.078125
0,0,0.921875,0.078125
0,0,0.921875,0.078125
0,0,0.921875,0.078125
0,0,0.921875,0.078125
0,0,0.921875,0.078125
0,0,0.921875,0.078125
0,0,0.921875,0.078125
0,0,0.921875,0.078125
0,0,0.921875,0.078125
0,0,0.921875,0.078125
0,0,0.921875,0.078125
0,0,0.921875,0.078125
0,0,0.921875,0.078125
0,0,0.9375,0.0625
0,0,0.9375,0.0625
0,0,0.9375,0.0625
0,0,0.9375,0.0625
0,0,0.9375,0.0625
0,0,0.9375,0.0625
0,0,0.9375,0.0625
0,0,0.9375,0.0625
0,0,0.9375,0.0625
0,0,0.9375,0.0625
0,0,0.9375,0.0625
0,0,0.9375,0.0625
0,0,0.9375,0.0625
0,0,0.9375,0.0625
0,0,0.9375,0.0625
0,0,0.9375,0.0625
0,0,0.9375,0.0625
0,0,0.9375,0.0625
0,0,0.9375,0.0625
0,0,0.9375,0.0625
0,0,0.9375,0.0625
0,0,0.9375,0.0625
0,0,0.9375,0.0625
0,0,0.9375,0.0625
0,0,0.9375,0.0625
0,0,0.9375,0.0625
0,0,0.9375,0.0625
0,0,0.9375,0.0625
0,0,0.9375,0.0625
0,0,0.9375,0.0625
0,0,0.9375,0.0625
0,0,0.9375,0.0625
0,0,0.9375,0.0625
0,0,0.9375,0.0625
0,0,0.9375,0.0625
0,0,0.9375,0.0625
0,0,0.9375,0.0625
0,0,0.9375,0.0625
0,0,0.9375,0.0625
0,0,0.9375,0.0625
0,0,0.9375,0.0625
0,0,0.9375,0.0625
0,0,0.9375,0.0625
0,0,0.9375,0.0625
0,0,0.9375,0.0625
0,0,0.9375,0.0625
0,0,0.9375,0.0625
0,0,0.9375,0.0625
0,0,0.9375,0.0625
0,0,0.9375,0.0625
0,0,0.9375,0.0625
0,0,0.9375,0.0625
0,0,0.9375,0.0625
0,0,0.9375,0.0625
0,0,0.9375,0.0625
0,0,0.9375,0.0625
0,0,0.9375,0.0625
0,0,0.9375,0.0625
0,0,0.9375,0.0625
0,0,0.9375,0.0625
0,0,0.9375,0.0625
0,0,0.9375,0.0625
0,0,0.9375,0.0625
0,0,0.9375,0.0625
0,0,0.921875,0.078125
0,0,0.921875,0.078125
0,0,0.921875,0.078125
0,0,0.921875,0.078125
0,0,0.921875,0.078125
0,0,0.921875,0.078125
0,0,0.921875,0.078125
0,0,0.921875,0.078125
0,0,0.9206349,0.07936508
0,0,0.9206349,0.07936508
0,0,0.9206349,0.07936508
0,0,0.9206349,0.07936508
0,0,0.93650794,0.06349207
0,0,0.93650794,0.06349207
0,0,0.93650794,0.06349207
0,0,0.93650794,0.06349207
0,0,0.95238096,0.04761905
0,0,0.95238096,0.04761905
0,0,0.95238096,0.04761905
0,0,0.95238096,0.04761905
0,0,0.95238096,0.04761905
0,0,0.95238096,0.04761905
0,0,0.95238096,0.04761905
0,0,0.95238096,0.04761905
0,0,0.953125,0.046875
0,0,0.953125,0.046875
0,0,0.953125,0.046875
0,0,0.953125,0.046875
0,0,0.953125,0.046875
0,0,0.953125,0.046875
0,0,0.953125,0.046875
0,0,0.953125,0.046875
0,0,0.984375,0.015625
0,0,0.984375,0.015625
0,0,0.984375,0.015625
0,0,0.984375,0.015625
0,0,0.984375,0.015625
0,0,0.984375,0.015625
0,0,0.984375,0.015625
0,0,0.984375,0.015625
0,0,0.984375,0.015625
0,0,0.984375,0.015625
0,0,0.984375,0.015625
0,0,0.984375,0.015625
0,0,0.984375,0.015625
0,0,0.984375,0.015625
0,0,0.984375,0.015625
0,0,0.984375,0.015625
0,0,1.0,0.0
0,0,1.0,0.0
0,0,1.0,0.0
0,0,1.0,0.0
0,0,1.0,0.0
0,0,1.0,0.0
0,0,1.0,0.0
0,0,1.0,0.0
0,0,1.0,0.0
0,0,1.0,0.0
0,0,1.0,0.0
0,0,1.0,0.0
0,0,1.0,0.0
0,0,1.0,0.0
0,0,1.0,0.0
0,0,1.0,0.0
0,0,1.0,0.0
0,0,1.0,0.0
0,0,1.0,0.0
0,0,1.0,0.0
0,0,1.0,0.0
0,0,1.0,0.0
0,0,1.0,0.0
0,0,1.0,0.0
0,0,1.0,0.0
0,0,1.0,0.0
0,0,1.0,0.0
0,0,1.0,0.0
0,0,1.0,0.0
0,0,1.0,0.0
0,0,1.0,0.0
0,0,1.0,0.0
0,0,1.0,0.0
0,0,1.0,0.0
0,0,1.0,0.0
0,0,1.0,0.0
0,0,1.0,0.0
0,0,1.0,0.0
0,0,1.0,0.0
0,0,1.0,0.0
0,0,1.0,0.0
0,0,1.0,0.0
0,0,1.0,0.0
0,0,1.0,0.0
0,0,1.0,0.0
0,0,1.0,0.0
0,0,1.0,0.0
0,0,1.0,0.0
0,0,0.984127,0.015873017
0,0,0.984127,0.015873017
0,0,0.984127,0.015873017
0,0,0.984127,0.015873017
0,0,0.984127,0.015873017
0,0,0.984127,0.015873017
0,0,0.984127,0.015873017
0,0,0.984127,0.015873017
0,0,0.984127,0.015873017
0,0,0.984127,0.015873017
0,0,0.984127,0.015873017
0,0,0.984127,0.015873017
0,0,0.984127,0.015873017
0,0,0.984127,0.015873017
0,0,0.984127,0.015873017
0,0,0.984127,0.015873017
0,0,0.984375,0.015625
0,0,0.984375,0.015625
0,0,0.984375,0.015625
0,0,0.984375,0.015625
0,0,0.984375,0.015625
0,0,0.984375,0.015625
0,0,0.984375,0.015625
0,0,0.984375,0.015625
0,0,0.984375,0.015625
0,0,0.984375,0.015625
0,0,0.984375,0.015625
0,0,0.984375,0.015625
0,0,0.984375,0.015625
0,0,0.984375,0.015625
0,0,0.984375,0.015625
0,0,0.984375,0.015625
0,0,0.96875,0.03125
0,0,0.96875,0.03125
0,0,0.96875,0.03125
0,0,0.96875,0.03125
0,0,0.96875,0.03125
0,0,0.96875,0.03125
0,0,0.96875,0.03125
0,0,0.96875,0.03125
0,0,0.96875,0.03125
0,0,0.96875,0.03125
0,0,0.96875,0.03125
0,0,0.96875,0.03125
0,0,0.96875,0.03125
0,0,0.96875,0.03125
0,0,0.96875,0.03125
0,0,0.96875,0.03125
0,0,0.9375,0.0625
0,0,0.9375,0.0625
0,0,0.9375,0.0625
0,0,0.9375,0.0625
0,0,0.9375,0.0625
0,0,0.9375,0.0625
0,0,0.9375,0.0625
0,0,0.9375,0.0625
0,0,0.921875,0.078125
0,0,0.921875,0.078125
0,0,0.921875,0.078125
0,0,0.921875,0.078125
0,0,0.921875,0.078125
0,0,0.921875,0.078125
0,0,0.921875,0.078125
0,0,0.921875,0.078125
0,0,0.921875,0.078125
0,0,0.921875,0.078125
0,0,0.921875,0.078125
0,0,0.921875,0.078125
0,0,0.90625,0.09375
0,0,0.90625,0.09375
0,0,0.90625,0.09375
0,0,0.90625,0.09375
0,0,0.921875,0.078125
0,0,0.921875,0.078125
0,0,0.921875,0.078125
0,0,0.921875,0.078125
0,0,0.921875,0.078125
0,0,0.921875,0.078125
0,0,0.921875,0.078125
0,0,0.921875,0.078125
0,0,0.890625,0.109375
0,0,0.890625,0.109375
0,0,0.890625,0.109375
0,0,0.890625,0.109375
0,0,0.921875,0.078125
0,0,0.921875,0.078125
0,0,0.921875,0.078125
0,0,0.921875,0.078125
0,0,0.921875,0.078125
0,0,0.921875,0.078125
0,0,0.921875,0.078125
0,0,0.921875,0.078125
0,0,0.90625,0.09375
0,0,0.90625,0.09375
0,0,0.90625,0.09375
0,0,0.90625,0.09375
0,0,0.90625,0.09375
0,0,0.90625,0.09375
0,0,0.90625,0.09375
0,0,0.90625,0.09375
0,0,0.90625,0.09375
0,0,0.90625,0.09375
0,0,0.90625,0.09375
0,0,0.90625,0.09375
0,0,0.90625,0.09375
0,0,0.90625,0.09375
0,0,0.90625,0.09375
0,0,0.90625,0.09375
0,0,0.90625,0.09375
0,0,0.90625,0.09375
0,0,0.90625,0.09375
0,0,0.90625,0.09375
0,0,0.90625,0.09375
0,0,0.90625,0.09375
0,0,0.90625,0.09375
0,0,0.90625,0.09375
0,0,0.90625,0.09375
0,0,0.90625,0.09375
0,0,0.90625,0.09375
0,0,0.90625,0.09375
0,0,0.90625,0.09375
0,0,0.90625,0.09375
0,0,0.90625,0.09375
0,0,0.90625,0.09375
0,0,0.90625,0.09375
0,0,0.90625,0.09375
0,0,0.90625,0.09375
0,0,0.90625,0.09375
0,0,0.875,0.125
0,0,0.875,0.125
0,0,0.875,0.125
0,0,0.875,0.125
0,0,0.875,0.125
0,0,0.875,0.125
0,0,0.875,0.125
0,0,0.875,0.125
0,0,0.875,0.125
0,0,0.875,0.125
0,0,0.875,0.125
0,0,0.875,0.125
0,0,0.875,0.125
0,0,0.875,0.125
0,0,0.875,0.125
0,0,0.875,0.125
0,0,0.875,0.125
0,0,0.875,0.125
0,0,0.875,0.125
0,0,0.875,0.125
0,0,0.859375,0.140625
0,0,0.859375,0.140625
0,0,0.859375,0.140625
0,0,0.859375,0.140625
0,0,0.84375,0.15625
0,0,0.84375,0.15625
0,0,0.84375,0.15625
0,0,0.84375,0.15625
0,0,0.84375,0.15625
0,0,0.84375,0.15625
0,0,0.84375,0.15625
0,0,0.84375,0.15625
0,0,0.859375,0.140625
0,0,0.859375,0.140625
0,0,0.859375,0.140625
0,0,0.859375,0.140625
0,0,0.859375,0.140625
0,0,0.859375,0.140625
0,0,0.859375,0.140625
0,0,0.859375,0.140625
0,0,0.84375,0.15625
0,0,0.84375,0.15625
0,0,0.84375,0.15625
0,0,0.84375,0.15625
0,0,0.84375,0.15625
0,0,0.84375,0.15625
0,0,0.84375,0.15625
0,0,0.84375,0.15625
0,0,0.859375,0.140625
0,0,0.859375,0.140625
0,0,0.859375,0.140625
0,0,0.859375,0.140625
0,0,0.84375,0.15625
0,0,0.84375,0.15625
0,0,0.84375,0.15625
0,0,0.84375,0.15625
0,0,0.84375,0.15625
0,0,0.84375,0.15625
0,0,0.84375,0.15625
0,0,0.84375,0.15625
0,0,0.84375,0.15625
0,0,0.84375,0.15625
0,0,0.84375,0.15625
0,0,0.84375,0.15625
0,0,0.84375,0.15625
0,0,0.84375,0.15625
0,0,0.84375,0.15625
0,0,0.84375,0.15625
0,0,0.84375,0.15625
0,0,0.84375,0.15625
0,0,0.84375,0.15625
0,0,0.84375,0.15625
0,0,0.84375,0.15625
0,0,0.84375,0.15625
0,0,0.84375,0.15625
0,0,0.84375,0.15625
0,0,0.859375,0.140625
0,0,0.859375,0.140625
0,0,0.859375,0.140625
0,0,0.859375,0.140625
0,0,0.8125,0.1875
0,0,0.8125,0.1875
0,0,0.8125,0.1875
0,0,0.8125,0.1875
0,0,0.8125,0.1875
0,0,0.8125,0.1875
0,0,0.8125,0.1875
0,0,0.8125,0.1875
0,0,0.859375,0.140625
0,0,0.859375,0.140625
0,0,0.859375,0.140625
0,0,0.859375,0.140625
0,0,0.84375,0.15625
0,0,0.84375,0.15625
0,0,0.84375,0.15625
0,0,0.84375,0.15625
0,0,0.828125,0.171875
0,0,0.828125,0.171875
0,0,0.828125,0.171875
0,0,0.828125,0.171875
0,0,0.84375,0.15625
0,0,0.84375,0.15625
0,0,0.84375,0.15625
0,0,0.84375,0.15625
0,0,0.828125,0.171875
0,0,0.828125,0.171875
0,0,0.828125,0.171875
0,0,0.828125,0.171875
0,0,0.828125,0.171875
0,0,0.828125,0.171875
0,0,0.828125,0.171875
0,0,0.828125,0.171875
0,0,0.859375,0.140625
0,0,0.859375,0.140625
0,0,0.859375,0.140625
0,0,0.859375,0.140625
0,0,0.859375,0.140625
0,0,0.859375,0.140625
0,0,0.859375,0.140625
0,0,0.859375,0.140625
0,0,0.828125,0.171875
0,0,0.828125,0.171875
0,0,0.828125,0.171875
0,0,0.828125,0.171875
0,0,0.828125,0.171875
0,0,0.828125,0.171875
0,0,0.828125,0.171875
0,0,0.828125,0.171875
0,0,0.8125,0.1875
0,0,0.8125,0.1875
0,0,0.8125,0.1875
0,0,0.8125,0.1875
0,0,0.8125,0.1875
0,0,0.8125,0.1875
0,0,0.8125,0.1875
0,0,0.8125,0.1875
0,0,0.828125,0.171875
0,0,0.828125,0.171875
0,0,0.828125,0.171875
0,0,0.828125,0.171875
0,0,0.828125,0.171875
0,0,0.828125,0.171875
0,0,0.828125,0.171875
0,0,0.828125,0.171875
0,0,0.8125,0.1875
0,0,0.8125,0.1875
0,0,0.8125,0.1875
0,0,0.8125,0.1875
0,0,0.8125,0.1875
0,0,0.8125,0.1875
0,0,0.8125,0.1875
0,0,0.8125,0.1875
0,0,0.8125,0.1875
0,0,0.8125,0.1875
0,0,0.8125,0.1875
0,0,0.8125,0.1875
0,0,0.8125,0.1875
0,0,0.8125,0.1875
0,0,0.8125,0.1875
0,0,0.8125,0.1875
0,0,0.84375,0.15625
0,0,0.84375,0.15625
0,0,0.84375,0.15625
0,0,0.84375,0.15625
0,0,0.84375,0.15625
0,0,0.84375,0.15625
0,0,0.84375,0.15625
0,0,0.84375,0.15625
0,0,0.84375,0.15625
0,0,0.84375,0.15625
0,0,0.84375,0.15625
0,0,0.84375,0.15625
0,0,0.84375,0.15625
0,0,0.84375,0.15625
0,0,0.84375,0.15625
0,0,0.84375,0.15625
0,0,0.84375,0.15625
0,0,0.84375,0.15625
0,0,0.84375,0.15625
0,0,0.84375,0.15625
0,0,0.84375,0.15625
0,0,0.84375,0.15625
0,0,0.84375,0.15625
0,0,0.84375,0.15625
0,0,0.84375,0.15625
0,0,0.84375,0.15625
0,0,0.84375,0.15625
0,0,0.84375,0.15625
0,0,0.84375,0.15625
0,0,0.84375,0.15625
0,0,0.84375,0.15625
0,0,0.84375,0.15625
0,0,0.84375,0.15625
0,0,0.84375,0.15625
0,0,0.84375,0.15625
0,0,0.84375,0.15625
0,0,0.828125,0.171875
0,0,0.828125,0.171875
0,0,0.828125,0.171875
0,0,0.828125,0.171875
0,0,0.828125,0.171875
0,0,0.828125,0.171875
0,0,0.828125,0.171875
0,0,0.828125,0.171875
0,0,0.828125,0.171875
0,0,0.828125,0.171875
0,0,0.828125,0.171875
0,0,0.828125,0.171875
0,0,0.828125,0.171875
0,0,0.828125,0.171875
0,0,0.828125,0.171875
0,0,0.828125,0.171875
0,0,0.828125,0.171875
0,0,0.828125,0.171875
0,0,0.828125,0.171875
0,0,0.828125,0.171875
0,0,0.828125,0.171875
0,0,0.828125,0.171875
0,0,0.828125,0.171875
0,0,0.828125,0.171875
0,0,0.84375,0.15625
0,0,0.84375,0.15625
0,0,0.84375,0.15625
0,0,0.84375,0.15625
0,0,0.859375,0.140625
0,0,0.859375,0.140625
0,0,0.859375,0.140625
0,0,0.859375,0.140625
0,0,0.859375,0.140625
0,0,0.859375,0.140625
0,0,0.859375,0.140625
0,0,0.859375,0.140625
0,0,0.859375,0.140625
0,0,0.859375,0.140625
0,0,0.859375,0.140625
0,0,0.859375,0.140625
0,0,0.859375,0.140625
0,0,0.859375,0.140625
0,0,0.859375,0.140625
0,0,0.859375,0.140625
0,0,0.859375,0.140625
0,0,0.859375,0.140625
0,0,0.859375,0.140625
0,0,0.859375,0.140625
0,0,0.859375,0.140625
0,0,0.859375,0.140625
0,0,0.859375,0.140625
0,0,0.859375,0.140625
0,0,0.875,0.125
0,0,0.875,0.125
0,0,0.875,0.125
0,0,0.875,0.125
0,0,0.875,0.125
0,0,0.875,0.125
0,0,0.875,0.125
0,0,0.875,0.125
0,0,0.859375,0.140625
0,0,0.859375,0.140625
0,0,0.859375,0.140625
0,0,0.859375,0.140625
0,0,0.859375,0.140625
0,0,0.859375,0.140625
0,0,0.859375,0.140625
0,0,0.859375,0.140625
0,0,0.859375,0.140625
0,0,0.859375,0.140625
0,0,0.859375,0.140625
0,0,0.859375,0.140625
0,0,0.859375,0.140625
0,0,0.859375,0.140625
0,0,0.859375,0.140625
0,0,0.859375,0.140625
0,0,0.859375,0.140625
0,0,0.859375,0.140625
0,0,0.859375,0.140625
0,0,0.859375,0.140625
0,0,0.859375,0.140625
0,0,0.859375,0.140625
0,0,0.859375,0.140625
0,0,0.859375,0.140625
0,0,0.875,0.125
0,0,0.875,0.125
0,0,0.875,0.125
0,0,0.875,0.125
0,0,0.875,0.125
0,0,0.875,0.125
0,0,0.875,0.125
0,0,0.875,0.125
0,0,0.875,0.125
0,0,0.875,0.125
0,0,0.875,0.125
0,0,0.875,0.125
0,0,0.890625,0.109375
0,0,0.890625,0.109375
0,0,0.890625,0.109375
0,0,0.890625,0.109375
0,0,0.890625,0.109375
0,0,0.890625,0.109375
0,0,0.890625,0.109375
0,0,0.890625,0.109375
0,0,0.890625,0.109375
0,0,0.890625,0.109375
0,0,0.890625,0.109375
0,0,0.890625,0.109375
0,0,0.890625,0.109375
0,0,0.890625,0.109375
0,0,0.890625,0.109375
0,0,0.890625,0.109375
0,0,0.890625,0.109375
0,0,0.890625,0.109375
0,0,0.890625,0.109375
0,0,0.890625,0.109375
0,0,0.875,0.125
0,0,0.875,0.125
0,0,0.875,0.125
0,0,0.875,0.125
0,0,0.875,0.125
0,0,0.875,0.125
0,0,0.875,0.125
0,0,0.875,0.125
0,0,0.85714287,0.14285715
0,0,0.85714287,0.14285715
0,0,0.85714287,0.14285715
0,0,0.85714287,0.14285715
0,0,0.85714287,0.14285715
0,0,0.85714287,0.14285715
0,0,0.85714287,0.14285715
0,0,0.85714287,0.14285715
0,0,0.85714287,0.14285715
0,0,0.85714287,0.14285715
0,0,0.85714287,0.14285715
0,0,0.85714287,0.14285715
0,0,0.84126985,0.15873016
0,0,0.84126985,0.15873016
0,0,0.84126985,0.15873016
0,0,0.84126985,0.15873016
0,0,0.84126985,0.15873016
0,0,0.84126985,0.15873016
0,0,0.84126985,0.15873016
0,0,0.84126985,0.15873016
0,0,0.84126985,0.15873016
0,0,0.84126985,0.15873016
0,0,0.84126985,0.15873016
0,0,0.84126985,0.15873016
0,0,0.82539684,0.17460318
0,0,0.82539684,0.17460318
0,0,0.82539684,0.17460318
0,0,0.82539684,0.17460318
0,0,0.82539684,0.17460318
0,0,0.82539684,0.17460318
0,0,0.82539684,0.17460318
0,0,0.82539684,0.17460318
0,0,0.8095238,0.1904762
0,0,0.8095238,0.1904762
0,0,0.8095238,0.1904762
0,0,0.8095238,0.1904762
0,0,0.8095238,0.1904762
0,0,0.8095238,0.1904762
0,0,0.8095238,0.1904762
0,0,0.8095238,0.1904762
0,0,0.7936508,0.20634921
0,0,0.7936508,0.20634921
0,0,0.7936508,0.20634921
0,0,0.7936508,0.20634921
0,0,0.796875,0.203125
0,0,0.796875,0.203125
0,0,0.796875,0.203125
0,0,0.796875,0.203125
0,0,0.765625,0.234375
0,0,0.765625,0.234375
0,0,0.765625,0.234375
0,0,0.765625,0.234375
0,0,0.765625,0.234375
0,0,0.765625,0.234375
0,0,0.765625,0.234375
0,0,0.765625,0.234375
0,0,0.78125,0.21875
0,0,0.78125,0.21875
0,0,0.78125,0.21875
0,0,0.78125,0.21875
0,0,0.78125,0.21875
0,0,0.78125,0.21875
0,0,0.78125,0.21875
0,0,0.78125,0.21875
0,0,0.765625,0.234375
0,0,0.765625,0.234375
0,0,0.765625,0.234375
0,0,0.765625,0.234375
0,0,0.765625,0.234375
0,0,0.765625,0.234375
0,0,0.765625,0.234375
0,0,0.765625,0.234375
0,0,0.765625,0.234375
0,0,0.765625,0.234375
0,0,0.765625,0.234375
0,0,0.765625,0.234375
0,0,0.765625,0.234375
0,0,0.765625,0.234375
0,0,0.765625,0.234375
0,0,0.765625,0.234375
0,0,0.78125,0.21875
0,0,0.78125,0.21875
0,0,0.78125,0.21875
0,0,0.78125,0.21875
0,0,0.78125,0.21875
0,0,0.78125,0.21875
0,0,0.78125,0.21875
0,0,0.78125,0.21875
0,0,0.78125,0.21875
0,0,0.78125,0.21875
0,0,0.78125,0.21875
0,0,0.78125,0.21875
0,0,0.78125,0.21875
0,0,0.78125,0.21875
0,0,0.78125,0.21875
0,0,0.78125,0.21875
0,0,0.828125,0.171875
0,0,0.828125,0.171875
0,0,0.828125,0.171875
0,0,0.828125,0.171875
0,0,0.828125,0.171875
0,0,0.828125,0.171875
0,0,0.828125,0.171875
0,0,0.828125,0.171875
0,0,0.828125,0.171875
0,0,0.828125,0.171875
0,0,0.828125,0.171875
0,0,0.828125,0.171875
0,0,0.828125,0.171875
0,0,0.828125,0.171875
0,0,0.828125,0.171875
0,0,0.828125,0.171875
0,0,0.8125,0.1875
0,0,0.8125,0.1875
0,0,0.8125,0.1875
0,0,0.8125,0.1875
0,0,0.8095238,0.1904762
0,0,0.8095238,0.1904762
0,0,0.8095238,0.1904762
0,0,0.8095238,0.1904762
0,0,0.8095238,0.1904762
0,0,0.8095238,0.1904762
0,0,0.8095238,0.1904762
0,0,0.8095238,0.1904762
0,0,0.8095238,0.1904762
0,0,0.8095238,0.1904762
0,0,0.8095238,0.1904762
0,0,0.8095238,0.1904762
0,0,0.8095238,0.1904762
0,0,0.8095238,0.1904762
0,0,0.8095238,0.1904762
0,0,0.8095238,0.1904762
0,0,0.8064516,0.19354838
0,0,0.8064516,0.19354838
0,0,0.8064516,0.19354838
0,0,0.8064516,0.19354838
0,0,0.8064516,0.19354838
0,0,0.8064516,0.19354838
0,0,0.8064516,0.19354838
0,0,0.8064516,0.19354838
0,0,0.8064516,0.19354838
0,0,0.8064516,0.19354838
0,0,0.8064516,0.19354838
0,0,0.8064516,0.19354838
0,0,0.8064516,0.19354838
0,0,0.8064516,0.19354838
0,0,0.8064516,0.19354838
0,0,0.8064516,0.19354838
0,0,0.8064516,0.19354838
0,0,0.8064516,0.19354838
0,0,0.8064516,0.19354838
0,0,0.8064516,0.19354838
0,0,0.82258064,0.17741935
0,0,0.82258064,0.17741935
0,0,0.82258064,0.17741935
0,0,0.82258064,0.17741935
0,0,0.82258064,0.17741935
0,0,0.82258064,0.17741935
0,0,0.82258064,0.17741935
0,0,0.82258064,0.17741935
0,0,0.8305085,0.16949153
0,0,0.8305085,0.16949153
0,0,0.8305085,0.16949153
0,0,0.8305085,0.16949153
0,0,0.84745765,0.15254237
0,0,0.84745765,0.15254237
0,0,0.84745765,0.15254237
0,0,0.84745765,0.15254237
1,0,0.84745765,0.15254237
1,0,0.84745765,0.15254237
1,0,0.84745765,0.15254237
1,0,0.84745765,0.15254237
1,0,0.84745765,0.15254237
1,0,0.84745765,0.15254237
1,0,0.84745765,0.15254237
1,0,0.84745765,0.15254237
1,0,0.86206895,0.13793103
1,0,0.86206895,0.13793103
1,0,0.86206895,0.13793103
1,0,0.86206895,0.13793103
1,0,0.8596491,0.14035088
1,0,0.8596491,0.14035088
1,0,0.8596491,0.14035088
1,0,0.8596491,0.14035088
1,0,0.8596491,0.14035088
1,0,0.8596491,0.14035088
1,0,0.8596491,0.14035088
1,0,0.8596491,0.14035088
1,0,0.8596491,0.14035088
1,0,0.8596491,0.14035088
1,0,0.8596491,0.14035088
1,0,0.8596491,0.14035088
1,0,0.8245614,0.1754386
1,0,0.8245614,0.1754386
1,0,0.8245614,0.1754386
1,0,0.8245614,0.1754386
1,0,0.8245614,0.1754386
1,0,0.8245614,0.1754386
1,0,0.8245614,0.1754386
1,0,0.8245614,0.1754386
1,0,0.82758623,0.1724138
1,0,0.82758623,0.1724138
1,0,0.82758623,0.1724138
1,0,0.82758623,0.1724138
1,0,0.8305085,0.16949153
1,0,0.8305085,0.16949153
1,0,0.8305085,0.16949153
1,0,0.8305085,0.16949153
1,0,0.85,0.15
1,0,0.85,0.15
1,0,0.85,0.15
1,0,0.85,0.15
1,0,0.85,0.15
1,0,0.85,0.15
1,0,0.85,0.15
1,0,0.85,0.15
1,0,0.85,0.15
1,0,0.85,0.15
1,0,0.85,0.15
1,0,0.85,0.15
1,0,0.85,0.15
1,0,0.85,0.15
1,0,0.85,0.15
1,0,0.85,0.15
1,0,0.93333334,0.06666667
1,0,0.93333334,0.06666667
1,0,0.93333334,0.06666667
1,0,0.93333334,0.06666667
1,0,0.93333334,0.06666667
1,0,0.93333334,0.06666667
1,0,0.93333334,0.06666667
1,0,0.93333334,0.06666667
1,0,0.9166667,0.083333336
1,0,0.9166667,0.083333336
1,0,0.9166667,0.083333336
1,0,0.9166667,0.083333336
1,0,0.9166667,0.083333336
1,0,0.9166667,0.083333336
1,0,0.9166667,0.083333336
1,0,0.9166667,0.083333336
1,0,0.91803277,0.08196721
1,0,0.91803277,0.08196721
1,0,0.91803277,0.08196721
1,0,0.91803277,0.08196721
1,0,0.90163934,0.09836066
1,0,0.90163934,0.09836066
1,0,0.90163934,0.09836066
1,0,0.90163934,0.09836066
1,0,0.88709676,0.11290322
1,0,0.88709676,0.11290322
1,0,0.88709676,0.11290322
1,0,0.88709676,0.11290322
1,0,0.8888889,0.11111111
1,0,0.8888889,0.11111111
1,0,0.8888889,0.11111111
1,0,0.8888889,0.11111111
1,0,0.921875,0.078125
1,0,0.921875,0.078125
1,0,0.921875,0.078125
1,0,0.921875,0.078125
1,0,0.921875,0.078125
1,0,0.921875,0.078125
1,0,0.921875,0.078125
1,0,0.921875,0.078125
1,0,0.921875,0.078125
1,0,0.921875,0.078125
1,0,0.921875,0.078125
1,0,0.921875,0.078125
1,0,0.921875,0.078125
1,0,0.921875,0.078125
1,0,0.921875,0.078125
1,0,0.921875,0.078125
1,0,0.921875,0.078125
1,0,0.921875,0.078125
1,0,0.921875,0.078125
1,0,0.921875,0.078125
1,0,0.921875,0.078125
1,0,0.921875,0.078125
1,0,0.921875,0.078125
1,0,0.921875,0.078125
1,0,0.921875,0.078125
1,0,0.921875,0.078125
1,0,0.921875,0.078125
1,0,0.921875,0.078125
1,0,0.921875,0.078125
1,0,0.921875,0.078125
1,0,0.921875,0.078125
1,0,0.921875,0.078125
1,0,0.921875,0.078125
1,0,0.921875,0.078125
1,0,0.921875,0.078125
1,0,0.921875,0.078125
1,0,0.921875,0.078125
1,0,0.921875,0.078125
1,0,0.921875,0.078125
1,0,0.921875,0.078125
1,0,0.921875,0.078125
1,0,0.921875,0.078125
1,0,0.921875,0.078125
1,0,0.921875,0.078125
1,0,0.921875,0.078125
1,0,0.921875,0.078125
1,0,0.921875,0.078125
1,0,0.921875,0.078125
1,0,0.90625,0.09375
1,0,0.90625,0.09375
1,0,0.90625,0.09375
1,0,0.90625,0.09375
1,0,0.90625,0.09375
1,0,0.90625,0.09375
1,0,0.90625,0.09375
1,0,0.90625,0.09375
1,0,0.9047619,0.0952381
1,0,0.9047619,0.0952381
1,0,0.9047619,0.0952381
1,0,0.9047619,0.0952381
1,0,0.9047619,0.0952381
1,0,0.9047619,0.0952381
1,0,0.9047619,0.0952381
1,0,0.9047619,0.0952381
1,0,0.9032258,0.09677419
1,0,0.9032258,0.09677419
1,0,0.9032258,0.09677419
1,0,0.9032258,0.09677419
1,0,0.9032258,0.09677419
1,0,0.9032258,0.09677419
1,0,0.9032258,0.09677419
1,0,0.9032258,0.09677419
1,0,0.9032258,0.09677419
1,0,0.9032258,0.09677419
1,0,0.9032258,0.09677419
1,0,0.9032258,0.09677419
1,0,0.9032258,0.09677419
1,0,0.9032258,0.09677419
1,0,0.9032258,0.09677419
1,0,0.9032258,0.09677419
1,0,0.88709676,0.11290322
1,0,0.88709676,0.11290322
1,0,0.88709676,0.11290322
1,0,0.88709676,0.11290322
1,0,0.88709676,0.11290322
1,0,0.88709676,0.11290322
1,0,0.88709676,0.11290322
1,0,0.88709676,0.11290322
1,0,0.9032258,0.09677419
1,0,0.9032258,0.09677419
1,0,0.9032258,0.09677419
1,0,0.9032258,0.09677419
1,0,0.9032258,0.09677419
1,0,0.9032258,0.09677419
1,0,0.9032258,0.09677419
1,0,0.9032258,0.09677419
1,0,0.9032258,0.09677419
1,0,0.9032258,0.09677419
1,0,0.9032258,0.09677419
1,0,0.9032258,0.09677419
1,0,0.8888889,0.11111111
1,0,0.8888889,0.11111111
1,0,0.8888889,0.11111111
1,0,0.8888889,0.11111111
1,0,0.88709676,0.11290322
1,0,0.88709676,0.11290322
1,0,0.88709676,0.11290322
1,0,0.88709676,0.11290322
1,0,0.88709676,0.11290322
1,0,0.88709676,0.11290322
1,0,0.88709676,0.11290322
1,0,0.88709676,0.11290322
1,0,0.7704918,0.22950819
1,0,0.7704918,0.22950819
1,0,0.7704918,0.22950819
1,0,0.7704918,0.22950819
1,0,0.7704918,0.22950819
1,0,0.7704918,0.22950819
1,0,0.7704918,0.22950819
1,0,0.7704918,0.22950819
1,0,0.75409836,0.24590164
1,0,0.75409836,0.24590164
1,0,0.75409836,0.24590164
1,0,0.75409836,0.24590164
1,0,0.6885246,0.3114754
1,0,0.6885246,0.3114754
1,0,0.6885246,0.3114754
1,0,0.6885246,0.3114754
1,0,0.6557377,0.3442623
1,0,0.6557377,0.3442623
1,0,0.6557377,0.3442623
1,0,0.6557377,0.3442623
1,0,0.6557377,0.3442623
1,0,0.6557377,0.3442623
1,0,0.6557377,0.3442623
1,0,0.6557377,0.3442623
1,0,0.5833333,0.41666666
1,0,0.5833333,0.41666666
1,0,0.5833333,0.41666666
1,0,0.5833333,0.41666666
1,0,0.56666666,0.43333334
1,0,0.56666666,0.43333334
1,0,0.56666666,0.43333334
1,0,0.56666666,0.43333334
1,1,0.4918033,0.5081967
1,1,0.4918033,0.5081967
1,1,0.4918033,0.5081967
1,1,0.4918033,0.5081967
1,1,0.4918033,0.5081967
1,1,0.4918033,0.5081967
1,1,0.4918033,0.5081967
1,1,0.4918033,0.5081967
1,1,0.4918033,0.5081967
1,1,0.4918033,0.5081967
1,1,0.4918033,0.5081967
1,1,0.4918033,0.5081967
1,1,0.4918033,0.5081967
1,1,0.4918033,0.5081967
1,1,0.4918033,0.5081967
1,1,0.4918033,0.5081967
1,1,0.37704918,0.6229508
1,1,0.37704918,0.6229508
1,1,0.37704918,0.6229508
1,1,0.37704918,0.6229508
1,1,0.36065573,0.6393443
1,1,0.36065573,0.6393443
1,1,0.36065573,0.6393443
1,1,0.36065573,0.6393443
1,1,0.32786885,0.6721311
1,1,0.32786885,0.6721311
1,1,0.32786885,0.6721311
1,1,0.32786885,0.6721311
1,1,0.29032257,0.7096774
1,1,0.29032257,0.7096774
1,1,0.29032257,0.7096774
1,1,0.29032257,0.7096774
1,1,0.22580644,0.7741935
1,1,0.22580644,0.7741935
1,1,0.22580644,0.7741935
1,1,0.22580644,0.7741935
1,1,0.22580644,0.7741935
1,1,0.22580644,0.7741935
1,1,0.22580644,0.7741935
1,1,0.22580644,0.7741935
1,1,0.21875,0.78125
1,1,0.21875,0.78125
1,1,0.21875,0.78125
1,1,0.21875,0.78125
1,1,0.21875,0.78125
1,1,0.21875,0.78125
1,1,0.21875,0.78125
1,1,0.21875,0.78125
1,1,0.171875,0.828125
1,1,0.171875,0.828125
1,1,0.171875,0.828125
1,1,0.171875,0.828125
1,1,0.171875,0.828125
1,1,0.171875,0.828125
1,1,0.171875,0.828125
1,1,0.171875,0.828125
1,1,0.171875,0.828125
1,1,0.171875,0.828125
1,1,0.171875,0.828125
1,1,0.171875,0.828125
1,1,0.171875,0.828125
1,1,0.171875,0.828125
1,1,0.171875,0.828125
1,1,0.171875,0.828125
1,1,0.09375,0.90625
1,1,0.09375,0.90625
1,1,0.09375,0.90625
1,1,0.09375,0.90625
1,1,0.09375,0.90625
1,1,0.09375,0.90625
1,1,0.09375,0.90625
1,1,0.09375,0.90625
1,1,0.078125,0.921875
1,1,0.078125,0.921875
1,1,0.078125,0.921875
1,1,0.078125,0.921875
1,1,0.0625,0.9375
1,1,0.0625,0.9375
1,1,0.0625,0.9375
1,1,0.0625,0.9375
1,1,0.03125,0.96875
1,1,0.03125,0.96875
1,1,0.03125,0.96875
1,1,0.03125,0.96875
1,1,0.03125,0.96875
1,1,0.03125,0.96875
1,1,0.03125,0.96875
1,1,0.03125,0.96875
1,1,0.015625,0.984375
1,1,0.015625,0.984375
1,1,0.015625,0.984375
1,1,0.015625,0.984375
1,1,0.015625,0.984375
1,1,0.015625,0.984375
1,1,0.015625,0.984375
1,1,0.015625,0.984375
1,1,0.015625,0.984375
1,1,0.015625,0.984375
1,1,0.015625,0.984375
1,1,0.015625,0.984375
1,1,0.015625,0.984375
1,1,0.015625,0.984375
1,1,0.015625,0.984375
1,1,0.015625,0.984375
1,1,0.015625,0.984375
1,1,0.015625,0.984375
1,1,0.015625,0.984375
1,1,0.015625,0.984375
1,1,0.015625,0.984375
1,1,0.015625,0.984375
1,1,0.015625,0.984375
1,1,0.015625,0.984375
1,1,0.078125,0.921875
1,1,0.078125,0.921875
1,1,0.078125,0.921875
1,1,0.078125,0.921875
1,1,0.078125,0.921875
1,1,0.078125,0.921875
1,1,0.078125,0.921875
1,1,0.078125,0.921875
1,1,0.078125,0.921875
1,1,0.078125,0.921875
1,1,0.078125,0.921875
1,1,0.078125,0.921875
1,1,0.078125,0.921875
1,1,0.078125,0.921875
1,1,0.078125,0.921875
1,1,0.078125,0.921875
1,1,0.078125,0.921875
1,1,0.078125,0.921875
1,1,0.078125,0.921875
1,1,0.078125,0.921875
1,1,0.09375,0.90625
1,1,0.09375,0.90625
1,1,0.09375,0.90625
1,1,0.09375,0.90625
1,1,0.09375,0.90625
1,1,0.09375,0.90625
1,1,0.09375,0.90625
1,1,0.09375,0.90625
1,1,0.09375,0.90625
1,1,0.09375,0.90625
1,1,0.09375,0.90625
1,1,0.09375,0.90625
1,1,0.09375,0.90625
1,1,0.09375,0.90625
1,1,0.09375,0.90625
1,1,0.09375,0.90625
1,1,0.09375,0.90625
1,1,0.09375,0.90625
1,1,0.09375,0.90625
1,1,0.09375,0.90625
1,1,0.09375,0.90625
1,1,0.09375,0.90625
1,1,0.09375,0.90625
1,1,0.09375,0.90625
1,1,0.09375,0.90625
1,1,0.09375,0.90625
1,1,0.09375,0.90625
1,1,0.09375,0.90625
1,1,0.078125,0.921875
1,1,0.078125,0.921875
1,1,0.078125,0.921875
1,1,0.078125,0.921875
1,1,0.078125,0.921875
1,1,0.078125,0.921875
1,1,0.078125,0.921875
1,1,0.078125,0.921875
1,1,0.078125,0.921875
1,1,0.078125,0.921875
1,1,0.078125,0.921875
1,1,0.078125,0.921875
1,1,0.078125,0.921875
1,1,0.078125,0.921875
1,1,0.078125,0.921875
1,1,0.078125,0.921875
1,1,0.09375,0.90625
1,1,0.09375,0.90625
1,1,0.09375,0.90625
1,1,0.09375,0.90625
1,1,0.09375,0.90625
1,1,0.09375,0.90625
1,1,0.09375,0.90625
1,1,0.09375,0.90625
1,1,0.109375,0.890625
1,1,0.109375,0.890625
1,1,0.109375,0.890625
1,1,0.109375,0.890625
1,1,0.109375,0.890625
1,1,0.109375,0.890625
1,1,0.109375,0.890625
1,1,0.109375,0.890625
1,1,0.09375,0.90625
1,1,0.09375,0.90625
1,1,0.09375,0.90625
1,1,0.09375,0.90625
1,1,0.09375,0.90625
1,1,0.09375,0.90625
1,1,0.09375,0.90625
1,1,0.09375,0.90625
1,1,0.09375,0.90625
1,1,0.09375,0.90625
1,1,0.09375,0.90625
1,1,0.09375,0.90625
1,1,0.09375,0.90625
1,1,0.09375,0.90625
1,1,0.09375,0.90625
1,1,0.09375,0.90625
1,1,0.09375,0.90625
1,1,0.09375,0.90625
1,1,0.09375,0.90625
1,1,0.09375,0.90625
1,1,0.09375,0.90625
1,1,0.09375,0.90625
1,1,0.09375,0.90625
1,1,0.09375,0.90625
1,1,0.09375,0.90625
1,1,0.09375,0.90625
1,1,0.09375,0.90625
1,1,0.09375,0.90625
1,1,0.078125,0.921875
1,1,0.078125,0.921875
1,1,0.078125,0.921875
1,1,0.078125,0.921875
1,1,0.09375,0.90625
1,1,0.09375,0.90625
1,1,0.09375,0.90625
1,1,0.09375,0.90625
1,1,0.09375,0.90625
1,1,0.09375,0.90625
1,1,0.09375,0.90625
1,1,0.09375,0.90625
1,1,0.078125,0.921875
1,1,0.078125,0.921875
1,1,0.078125,0.921875
1,1,0.078125,0.921875
1,1,0.078125,0.921875
1,1,0.078125,0.921875
1,1,0.078125,0.921875
1,1,0.078125,0.921875
1,1,0.046875,0.953125
1,1,0.046875,0.953125
1,1,0.046875,0.953125
1,1,0.046875,0.953125
1,1,0.046875,0.953125
1,1,0.046875,0.953125
1,1,0.046875,0.953125
1,1,0.046875,0.953125
1,1,0.046875,0.953125
1,1,0.046875,0.953125
1,1,0.046875,0.953125
1,1,0.046875,0.953125
1,1,0.046875,0.953125
1,1,0.046875,0.953125
1,1,0.046875,0.953125
1,1,0.046875,0.953125
1,1,0.07936508,0.9206349
1,1,0.07936508,0.9206349
1,1,0.07936508,0.9206349
1,1,0.07936508,0.9206349
1,1,0.07936508,0.9206349
1,1,0.07936508,0.9206349
1,1,0.07936508,0.9206349
1,1,0.07936508,0.9206349
1,1,0.06349207,0.93650794
1,1,0.06349207,0.93650794
1,1,0.06349207,0.93650794
1,1,0.06349207,0.93650794
1,1,0.06349207,0.93650794
1,1,0.06349207,0.93650794
1,1,0.06349207,0.93650794
1,1,0.06349207,0.93650794
1,1,0.078125,0.921875
1,1,0.078125,0.921875
1,1,0.078125,0.921875
1,1,0.078125,0.921875
1,1,0.078125,0.921875
1,1,0.078125,0.921875
1,1,0.078125,0.921875
1,1,0.078125,0.921875
1,1,0.09375,0.90625
1,1,0.09375,0.90625
1,1,0.09375,0.90625
1,1,0.09375,0.90625
1,1,0.09375,0.90625
1,1,0.09375,0.90625
1,1,0.09375,0.90625
1,1,0.09375,0.90625
1,1,0.140625,0.859375
1,1,0.140625,0.859375
1,1,0.140625,0.859375
1,1,0.140625,0.859375
1,1,0.125,0.875
1,1,0.125,0.875
1,1,0.125,0.875
1,1,0.125,0.875
1,1,0.125,0.875
1,1,0.125,0.875
1,1,0.125,0.875
1,1,0.125,0.875
1,1,0.140625,0.859375
1,1,0.140625,0.859375
1,1,0.140625,0.859375
1,1,0.140625,0.859375
1,1,0.1875,0.8125
1,1,0.1875,0.8125
1,1,0.1875,0.8125
1,1,0.1875,0.8125
1,1,0.1875,0.8125
1,1,0.1875,0.8125
1,1,0.1875,0.8125
1,1,0.1875,0.8125
1,1,0.203125,0.796875
1,1,0.203125,0.796875
1,1,0.203125,0.796875
1,1,0.203125,0.796875
1,1,0.21875,0.78125
1,1,0.21875,0.78125
1,1,0.21875,0.78125
1,1,0.21875,0.78125
1,1,0.234375,0.765625
1,1,0.234375,0.765625
1,1,0.234375,0.765625
1,1,0.234375,0.765625
1,1,0.234375,0.765625
1,1,0.234375,0.765625
1,1,0.234375,0.765625
1,1,0.234375,0.765625
1,1,0.21875,0.78125
1,1,0.21875,0.78125
1,1,0.21875,0.78125
1,1,0.21875,0.78125
1,1,0.21875,0.78125
1,1,0.21875,0.78125
1,1,0.21875,0.78125
1,1,0.21875,0.78125
1,1,0.21875,0.78125
1,1,0.21875,0.78125
1,1,0.21875,0.78125
1,1,0.21875,0.78125
1,1,0.21875,0.78125
1,1,0.21875,0.78125
1,1,0.21875,0.78125
1,1,0.21875,0.78125
1,1,0.21875,0.78125
1,1,0.21875,0.78125
1,1,0.21875,0.78125
1,1,0.21875,0.78125
1,1,0.21875,0.78125
1,1,0.21875,0.78125
1,1,0.21875,0.78125
1,1,0.21875,0.78125
1,1,0.1875,0.8125
1,1,0.1875,0.8125
1,1,0.1875,0.8125
1,1,0.1875,0.8125
1,1,0.1875,0.8125
1,1,0.1875,0.8125
1,1,0.1875,0.8125
1,1,0.1875,0.8125
1,1,0.171875,0.828125
1,1,0.171875,0.828125
1,1,0.171875,0.828125
1,1,0.171875,0.828125
1,1,0.15625,0.84375
1,1,0.15625,0.84375
1,1,0.15625,0.84375
1,1,0.15625,0.84375
1,1,0.125,0.875
1,1,0.125,0.875
1,1,0.125,0.875
1,1,0.125,0.875
1,1,0.125,0.875
1,1,0.125,0.875
1,1,0.125,0.875
1,1,0.125,0.875
1,1,0.109375,0.890625
1,1,0.109375,0.890625
1,1,0.109375,0.890625
1,1,0.109375,0.890625
1,1,0.109375,0.890625
1,1,0.109375,0.890625
1,1,0.109375,0.890625
1,1,0.109375,0.890625
1,1,0.09375,0.90625
1,1,0.09375,0.90625
1,1,0.09375,0.90625
1,1,0.09375,0.90625
1,1,0.09375,0.90625
1,1,0.09375,0.90625
1,1,0.09375,0.90625
1,1,0.09375,0.90625
1,1,0.078125,0.921875
1,1,0.078125,0.921875
1,1,0.078125,0.921875
1,1,0.078125,0.921875
1,1,0.09375,0.90625
1,1,0.09375,0.90625
1,1,0.09375,0.90625
1,1,0.09375,0.90625
1,1,0.06349207,0.93650794
1,1,0.06349207,0.93650794
1,1,0.06349207,0.93650794
1,1,0.06349207,0.93650794
1,1,0.06349207,0.93650794
1,1,0.06349207,0.93650794
1,1,0.06349207,0.93650794
1,1,0.06349207,0.93650794
1,1,0.06349207,0.93650794
1,1,0.06349207,0.93650794
1,1,0.06349207,0.93650794
1,1,0.06349207,0.93650794
1,1,0.06349207,0.93650794
1,1,0.06349207,0.93650794
1,1,0.06349207,0.93650794
1,1,0.06349207,0.93650794
1,1,0.04761905,0.95238096
1,1,0.04761905,0.95238096
1,1,0.04761905,0.95238096
1,1,0.04761905,0.95238096
1,1,0.04761905,0.95238096
1,1,0.04761905,0.95238096
1,1,0.04761905,0.95238096
1,1,0.04761905,0.95238096
1,1,0.06349207,0.93650794
1,1,0.06349207,0.93650794
1,1,0.06349207,0.93650794
1,1,0.06349207,0.93650794
1,1,0.06349207,0.93650794
1,1,0.06349207,0.93650794
1,1,0.06349207,0.93650794
1,1,0.06349207,0.93650794
1,1,0.046875,0.953125
1,1,0.046875,0.953125
1,1,0.046875,0.953125
1,1,0.046875,0.953125
1,1,0.046875,0.953125
1,1,0.046875,0.953125
1,1,0.046875,0.953125
1,1,0.046875,0.953125
1,1,0.046875,0.953125
1,1,0.046875,0.953125
1,1,0.046875,0.953125
1,1,0.046875,0.953125
1,1,0.046875,0.953125
1,1,0.046875,0.953125
1,1,0.046875,0.953125
1,1,0.046875,0.953125
1,1,0.0625,0.9375
1,1,0.0625,0.9375
1,1,0.0625,0.9375
1,1,0.0625,0.9375
1,1,0.0625,0.9375
1,1,0.0625,0.9375
1,1,0.0625,0.9375
1,1,0.0625,0.9375
1,1,0.0625,0.9375
1,1,0.0625,0.9375
1,1,0.0625,0.9375
1,1,0.0625,0.9375
1,1,0.0625,0.9375
1,1,0.0625,0.9375
1,1,0.0625,0.9375
1,1,0.0625,0.9375
1,1,0.078125,0.921875
1,1,0.078125,0.921875
1,1,0.078125,0.921875
1,1,0.078125,0.921875
1,1,0.078125,0.921875
1,1,0.078125,0.921875
1,1,0.078125,0.921875
1,1,0.078125,0.921875
1,1,0.08064516,0.91935486
1,1,0.08064516,0.91935486
1,1,0.08064516,0.91935486
1,1,0.08064516,0.91935486
1,1,0.08064516,0.91935486
1,1,0.08064516,0.91935486
1,1,0.08064516,0.91935486
1,1,0.08064516,0.91935486
1,1,0.09677419,0.9032258
1,1,0.09677419,0.9032258
1,1,0.09677419,0.9032258
1,1,0.09677419,0.9032258
1,1,0.09677419,0.9032258
1,1,0.09677419,0.9032258
1,1,0.09677419,0.9032258
1,1,0.09677419,0.9032258
1,1,0.09677419,0.9032258
1,1,0.09677419,0.9032258
1,1,0.09677419,0.9032258
1,1,0.09677419,0.9032258
1,1,0.09677419,0.9032258
1,1,0.09677419,0.9032258
1,1,0.09677419,0.9032258
1,1,0.09677419,0.9032258
1,1,0.20634921,0.7936508
1,1,0.20634921,0.7936508
1,1,0.20634921,0.7936508
1,1,0.20634921,0.7936508
1,1,0.20634921,0.7936508
1,1,0.20634921,0.7936508
1,1,0.20634921,0.7936508
1,1,0.20634921,0.7936508
1,1,0.20634921,0.7936508
1,1,0.20634921,0.7936508
1,1,0.20634921,0.7936508
1,1,0.20634921,0.7936508
1,1,0.23809524,0.7619048
1,1,0.23809524,0.7619048
1,1,0.23809524,0.7619048
1,1,0.23809524,0.7619048
1,1,0.2857143,0.71428573
1,1,0.2857143,0.71428573
1,1,0.2857143,0.71428573
1,1,0.2857143,0.71428573
1,1,0.2857143,0.71428573
1,1,0.2857143,0.71428573
1,1,0.2857143,0.71428573
1,1,0.2857143,0.71428573
1,1,0.28125,0.71875
1,1,0.28125,0.71875
1,1,0.28125,0.71875
1,1,0.28125,0.71875
1,1,0.28125,0.71875
1,1,0.28125,0.71875
1,1,0.28125,0.71875
1,1,0.28125,0.71875
1,1,0.34375,0.65625
1,1,0.34375,0.65625
1,1,0.34375,0.65625
1,1,0.34375,0.65625
1,1,0.34375,0.65625
1,1,0.34375,0.65625
1,1,0.34375,0.65625
1,1,0.34375,0.65625
1,1,0.34375,0.65625
1,1,0.34375,0.65625
1,1,0.34375,0.65625
1,1,0.34375,0.65625
1,1,0.34375,0.65625
1,1,0.34375,0.65625
1,1,0.34375,0.65625
1,1,0.34375,0.65625
1,1,0.359375,0.640625
1,1,0.359375,0.640625
1,1,0.359375,0.640625
1,1,0.359375,0.640625
1,1,0.359375,0.640625
1,1,0.359375,0.640625
1,1,0.359375,0.640625
1,1,0.359375,0.640625
1,1,0.34375,0.65625
1,1,0.34375,0.65625
1,1,0.34375,0.65625
1,1,0.34375,0.65625
1,1,0.34375,0.65625
1,1,0.34375,0.65625
1,1,0.34375,0.65625
1,1,0.34375,0.65625
1,1,0.3125,0.6875
1,1,0.3125,0.6875
1,1,0.3125,0.6875
1,1,0.3125,0.6875
1,1,0.3125,0.6875
1,1,0.3125,0.6875
1,1,0.3125,0.6875
1,1,0.3125,0.6875
1,1,0.296875,0.703125
1,1,0.296875,0.703125
1,1,0.296875,0.703125
1,1,0.296875,0.703125
1,1,0.28125,0.71875
1,1,0.28125,0.71875
1,1,0.28125,0.71875
1,1,0.28125,0.71875
1,1,0.28125,0.71875
1,1,0.28125,0.71875
1,1,0.28125,0.71875
1,1,0.28125,0.71875
1,1,0.28125,0.71875
1,1,0.28125,0.71875
1,1,0.28125,0.71875
1,1,0.28125,0.71875
1,1,0.28125,0.71875
1,1,0.28125,0.71875
1,1,0.28125,0.71875
1,1,0.28125,0.71875
1,1,0.28125,0.71875
1,1,0.28125,0.71875
1,1,0.28125,0.71875
1,1,0.28125,0.71875
1,1,0.25,0.75
1,1,0.25,0.75
1,1,0.25,0.75
1,1,0.25,0.75
1,1,0.25,0.75
1,1,0.25,0.75
1,1,0.25,0.75
1,1,0.25,0.75
1,1,0.234375,0.765625
1,1,0.234375,0.765625
1,1,0.234375,0.765625
1,1,0.234375,0.765625
1,1,0.21875,0.78125
1,1,0.21875,0.78125
1,1,0.21875,0.78125
1,1,0.21875,0.78125
1,1,0.21875,0.78125
1,1,0.21875,0.78125
1,1,0.21875,0.78125
1,1,0.21875,0.78125
1,1,0.21875,0.78125
1,1,0.21875,0.78125
1,1,0.21875,0.78125
1,1,0.21875,0.78125
1,1,0.21875,0.78125
1,1,0.21875,0.78125
1,1,0.21875,0.78125
1,1,0.21875,0.78125
1,1,0.21875,0.78125
1,1,0.21875,0.78125
1,1,0.21875,0.78125
1,1,0.21875,0.78125
1,1,0.25,0.75
1,1,0.25,0.75
1,1,0.25,0.75
1,1,0.25,0.75
1,1,0.25,0.75
1,1,0.25,0.75
1,1,0.25,0.75
1,1,0.25,0.75
1,1,0.234375,0.765625
1,1,0.234375,0.765625
1,1,0.234375,0.765625
1,1,0.234375,0.765625
1,1,0.234375,0.765625
1,1,0.234375,0.765625
1,1,0.234375,0.765625
1,1,0.234375,0.765625
1,1,0.234375,0.765625
1,1,0.234375,0.765625
1,1,0.234375,0.765625
1,1,0.234375,0.765625
1,1,0.234375,0.765625
1,1,0.234375,0.765625
1,1,0.234375,0.765625
1,1,0.234375,0.765625
1,1,0.25,0.75
1,1,0.25,0.75
1,1,0.25,0.75
1,1,0.25,0.75
1,1,0.25,0.75
1,1,0.25,0.75
1,1,0.25,0.75
1,1,0.25,0.75
1,1,0.265625,0.734375
1,1,0.265625,0.734375
1,1,0.265625,0.734375
1,1,0.265625,0.734375
1,1,0.265625,0.734375
1,1,0.265625,0.734375
1,1,0.265625,0.734375
1,1,0.265625,0.734375
1,1,0.296875,0.703125
1,1,0.296875,0.703125
1,1,0.296875,0.703125
1,1,0.296875,0.703125
1,1,0.296875,0.703125
1,1,0.296875,0.703125
1,1,0.296875,0.703125
1,1,0.296875,0.703125
1,1,0.28125,0.71875
1,1,0.28125,0.71875
1,1,0.28125,0.71875
1,1,0.28125,0.71875
1,1,0.28125,0.71875
1,1,0.28125,0.71875
1,1,0.28125,0.71875
1,1,0.28125,0.71875
1,1,0.296875,0.703125
1,1,0.296875,0.703125
1,1,0.296875,0.703125
1,1,0.296875,0.703125
1,1,0.296875,0.703125
1,1,0.296875,0.703125
1,1,0.296875,0.703125
1,1,0.296875,0.703125
1,1,0.328125,0.671875
1,1,0.328125,0.671875
1,1,0.328125,0.671875
1,1,0.328125,0.671875
1,1,0.328125,0.671875
1,1,0.328125,0.671875
1,1,0.328125,0.671875
1,1,0.328125,0.671875
1,1,0.34375,0.65625
1,1,0.34375,0.65625
1,1,0.34375,0.65625
1,1,0.34375,0.65625
1,1,0.34375,0.65625
1,1,0.34375,0.65625
1,1,0.34375,0.65625
1,1,0.34375,0.65625
1,1,0.34375,0.65625
1,1,0.34375,0.65625
1,1,0.34375,0.65625
1,1,0.34375,0.65625
1,1,0.34375,0.65625
1,1,0.34375,0.65625
1,1,0.34375,0.65625
1,1,0.34375,0.65625
1,1,0.359375,0.640625
1,1,0.359375,0.640625
1,1,0.359375,0.640625
1,1,0.359375,0.640625
1,1,0.359375,0.640625
1,1,0.359375,0.640625
1,1,0.359375,0.640625
1,1,0.359375,0.640625
1,1,0.3809524,0.61904764
1,1,0.3809524,0.61904764
1,1,0.3809524,0.61904764
1,1,0.3809524,0.61904764
1,1,0.41269842,0.5873016
1,1,0.41269842,0.5873016
1,1,0.41269842,0.5873016
1,1,0.41269842,0.5873016
1,1,0.41269842,0.5873016
1,1,0.41269842,0.5873016
1,1,0.41269842,0.5873016
1,1,0.41269842,0.5873016
1,1,0.41269842,0.5873016
1,1,0.41269842,0.5873016
1,1,0.41269842,0.5873016
1,1,0.41269842,0.5873016
1,1,0.421875,0.578125
1,1,0.421875,0.578125
1,1,0.421875,0.578125
1,1,0.421875,0.578125
1,1,0.42857143,0.5714286
1,1,0.42857143,0.5714286
1,1,0.42857143,0.5714286
1,1,0.42857143,0.5714286
1,0,0.50793654,0.4920635
1,0,0.50793654,0.4920635
1,0,0.50793654,0.4920635
1,0,0.50793654,0.4920635
1,0,0.50793654,0.4920635
1,0,0.50793654,0.4920635
1,0,0.50793654,0.4920635
1,0,0.50793654,0.4920635
1,0,0.7936508,0.20634921
1,0,0.7936508,0.20634921
1,0,0.7936508,0.20634921
1,0,0.7936508,0.20634921
1,0,0.84126985,0.15873016
1,0,0.84126985,0.15873016
1,0,0.84126985,0.15873016
1,0,0.84126985,0.15873016
1,0,0.9206349,0.07936508
1,0,0.9206349,0.07936508
1,0,0.9206349,0.07936508
1,0,0.9206349,0.07936508
1,0,0.96875,0.03125
1,0,0.96875,0.03125
1,0,0.96875,0.03125
