true_label,meta_K7,meta_ratio_0,meta_ratio_1
0,0,0.953125,0.046875
0,0,0.953125,0.046875
0,0,0.953125,0.046875
0,0,0.953125,0.046875
0,0,0.953125,0.046875
0,0,0.953125,0.046875
0,0,0.953125,0.046875
0,0,0.953125,0.046875
0,0,0.953125,0.046875
0,0,0.953125,0.046875
0,0,0.953125,0.046875
0,0,0.953125,0.046875
0,0,0.953125,0.046875
0,0,0.953125,0.046875
0,0,0.953125,0.046875
0,0,0.953125,0.046875
0,0,0.953125,0.046875
0,0,0.953125,0.046875
0,0,0.953125,0.046875
0,0,0.953125,0.046875
0,0,0.953125,0.046875
0,0,0.953125,0.046875
0,0,0.953125,0.046875
0,0,0.953125,0.046875
0,0,0.953125,0.046875
0,0,0.953125,0.046875
0,0,0.953125,0.046875
0,0,0.953125,0.046875
0,0,0.953125,0.046875
0,0,0.953125,0.046875
0,0,0.953125,0.046875
0,0,0.953125,0.046875
0,0,0.953125,0.046875
0,0,0.953125,0.046875
0,0,0.953125,0.046875
0,0,0.953125,0.046875
0,0,0.953125,0.046875
0,0,0.953125,0.046875
0,0,0.953125,0.046875
0,0,0.953125,0.046875
0,0,0.953125,0.046875
0,0,0.953125,0.046875
0,0,0.953125,0.046875
0,0,0.953125,0.046875
0,0,0.953125,0.046875
0,0,0.953125,0.046875
0,0,0.953125,0.046875
0,0,0.953125,0.046875
0,0,0.953125,0.046875
0,0,0.953125,0.046875
0,0,0.953125,0.046875
0,0,0.953125,0.046875
0,0,0.953125,0.046875
0,0,0.953125,0.046875
0,0,0.953125,0.046875
0,0,0.953125,0.046875
0,0,0.953125,0.046875
0,0,0.953125,0.046875
0,0,0.953125,0.046875
0,0,0.953125,0.046875
0,0,0.953125,0.046875
0,0,0.953125,0.046875
0,0,0.953125,0.046875
0,0,0.953125,0.046875
0,0,0.953125,0.046875
0,0,0.953125,0.046875
0,0,0.953125,0.046875
0,0,0.953125,0.046875
0,0,0.953125,0.046875
0,0,0.953125,0.046875
0,0,0.953125,0.046875
0,0,0.953125,0.046875
0,0,0.96875,0.03125
0,0,0.96875,0.03125
0,0,0.96875,0.03125
0,0,0.96875,0.03125
0,0,0.96875,0.03125
0,0,0.96875,0.03125
0,0,0.96875,0.03125
0,0,0.96875,0.03125
0,0,0.984375,0.015625
0,0,0.984375,0.015625
0,0,0.984375,0.015625
0,0,0.984375,0.015625
0,0,0.984375,0.015625
0,0,0.984375,0.015625
0,0,0.984375,0.015625
0,0,0.984375,0.015625
0,0,0.984375,0.015625
0,0,0.984375,0.015625
0,0,0.984375,0.015625
0,0,0.984375,0.015625
0,0,0.984375,0.015625
0,0,0.984375,0.015625
0,0,0.984375,0.015625
0,0,0.984375,0.015625
0,0,0.984375,0.015625
0,0,0.984375,0.015625
0,0,0.984375,0.015625
0,0,0.984375,0.015625
0,0,0.984375,0.015625
0,0,0.984375,0.015625
0,0,0.984375,0.015625
0,0,0.984375,0.015625
0,0,0.984375,0.015625
0,0,0.984375,0.015625
0,0,0.984375,0.015625
0,0,0.984375,0.015625
0,0,0.984375,0.015625
0,0,0.984375,0.015625
0,0,0.984375,0.015625
0,0,0.984375,0.015625
0,0,0.984375,0.015625
0,0,0.984375,0.015625
0,0,0.984375,0.015625
0,0,0.984375,0.015625
0,0,0.984375,0.015625
0,0,0.984375,0.015625
0,0,0.984375,0.015625
0,0,0.984375,0.015625
0,0,0.984375,0.015625
0,0,0.984375,0.015625
0,0,0.984375,0.015625
0,0,0.984375,0.015625
0,0,0.984375,0.015625
0,0,0.984375,0.015625
0,0,0.984375,0.015625
0,0,0.984375,0.015625
0,0,1.0,0.0
0,0,1.0,0.0
0,0,1.0,0.0
0,0,1.0,0.0
0,0,1.0,0.0
0,0,1.0,0.0
0,0,1.0,0.0
0,0,1.0,0.0
0,0,1.0,0.0
0,0,1.0,0.0
0,0,1.0,0.0
0,0,1.0,0.0
0,0,1.0,0.0
0,0,1.0,0.0
0,0,1.0,0.0
0,0,1.0,0.0
0,0,1.0,0.0
0,0,1.0,0.0
0,0,1.0,0.0
0,0,1.0,0.0
0,0,1.0,0.0
0,0,1.0,0.0
0,0,1.0,0.0
0,0,1.0,0.0
0,0,1.0,0.0
0,0,1.0,0.0
0,0,1.0,0.0
0,0,1.0,0.0
0,0,1.0,0.0
0,0,1.0,0.0
0,0,1.0,0.0
0,0,1.0,0.0
0,0,1.0,0.0
0,0,1.0,0.0
0,0,1.0,0.0
0,0,1.0,0.0
0,0,1.0,0.0
0,0,1.0,0.0
0,0,1.0,0.0
0,0,1.0,0.0
0,0,1.0,0.0
0,0,1.0,0.0
0,0,1.0,0.0
0,0,1.0,0.0
0,0,1.0,0.0
0,0,1.0,0.0
0,0,1.0,0.0
0,0,1.0,0.0
0,0,1.0,0.0
0,0,1.0,0.0
0,0,1.0,0.0
0,0,1.0,0.0
0,0,1.0,0.0
0,0,1.0,0.0
0,0,1.0,0.0
0,0,1.0,0.0
0,0,1.0,0.0
0,0,1.0,0.0
0,0,1.0,0.0
0,0,1.0,0.0
0,0,1.0,0.0
0,0,1.0,0.0
0,0,1.0,0.0
0,0,1.0,0.0
0,0,1.0,0.0
0,0,1.0,0.0
0,0,1.0,0.0
0,0,1.0,0.0
0,0,1.0,0.0
0,0,1.0,0.0
0,0,1.0,0.0
0,0,1.0,0.0
0,0,1.0,0.0
0,0,1.0,0.0
0,0,1.0,0.0
0,0,1.0,0.0
0,0,1.0,0.0
0,0,1.0,0.0
0,0,1.0,0.0
0,0,1.0,0.0
0,0,1.0,0.0
0,0,1.0,0.0
0,0,1.0,0.0
0,0,1.0,0.0
0,0,1.0,0.0
0,0,1.0,0.0
0,0,1.0,0.0
0,0,1.0,0.0
0,0,1.0,0.0
0,0,1.0,0.0
0,0,1.0,0.0
0,0,1.0,0.0
0,0,0.984375,0.015625
0,0,0.984375,0.015625
0,0,0.984375,0.015625
0,0,0.984375,0.015625
0,0,0.984375,0.015625
0,0,0.984375,0.015625
0,0,0.984375,0.015625
0,0,0.984375,0.015625
0,0,0.984375,0.015625
0,0,0.984375,0.015625
0,0,0.984375,0.015625
0,0,0.984375,0.015625
0,0,0.984375,0.015625
0,0,0.984375,0.015625
0,0,0.984375,0.015625
0,0,0.984375,0.015625
0,0,0.984375,0.015625
0,0,0.984375,0.015625
0,0,0.984375,0.015625
0,0,0.984375,0.015625
0,0,0.984375,0.015625
0,0,0.984375,0.015625
0,0,0.984375,0.015625
0,0,0.984375,0.015625
0,0,0.984375,0.015625
0,0,0.984375,0.015625
0,0,0.984375,0.015625
0,0,0.984375,0.015625
0,0,0.984375,0.015625
0,0,0.984375,0.015625
0,0,0.984375,0.015625
0,0,0.984375,0.015625
0,0,0.984375,0.015625
0,0,0.984375,0.015625
0,0,0.984375,0.015625
0,0,0.984375,0.015625
0,0,0.984375,0.015625
0,0,0.984375,0.015625
0,0,0.984375,0.015625
0,0,0.984375,0.015625
0,0,0.984375,0.015625
0,0,0.984375,0.015625
0,0,0.984375,0.015625
0,0,0.984375,0.015625
0,0,0.984375,0.015625
0,0,0.984375,0.015625
0,0,0.984375,0.015625
0,0,0.984375,0.015625
0,0,0.984375,0.015625
0,0,0.984375,0.015625
0,0,0.984375,0.015625
0,0,0.984375,0.015625
0,0,0.984375,0.015625
0,0,0.984375,0.015625
0,0,0.984375,0.015625
0,0,0.984375,0.015625
0,0,0.984375,0.015625
0,0,0.984375,0.015625
0,0,0.984375,0.015625
0,0,0.984375,0.015625
0,0,0.984375,0.015625
0,0,0.984375,0.015625
0,0,0.984375,0.015625
0,0,0.984375,0.015625
0,0,0.984375,0.015625
0,0,0.984375,0.015625
0,0,0.984375,0.015625
0,0,0.984375,0.015625
0,0,0.984127,0.015873017
0,0,0.984127,0.015873017
0,0,0.984127,0.015873017
0,0,0.984127,0.015873017
0,0,0.984127,0.015873017
0,0,0.984127,0.015873017
0,0,0.984127,0.015873017
0,0,0.984127,0.015873017
0,0,0.984127,0.015873017
0,0,0.984127,0.015873017
0,0,0.984127,0.015873017
0,0,0.984127,0.015873017
0,0,0.984127,0.015873017
0,0,0.984127,0.015873017
0,0,0.984127,0.015873017
0,0,0.984127,0.015873017
0,0,0.983871,0.016129032
0,0,0.983871,0.016129032
0,0,0.983871,0.016129032
0,0,0.983871,0.016129032
0,0,0.983871,0.016129032
0,0,0.983871,0.016129032
0,0,0.983871,0.016129032
0,0,0.983871,0.016129032
0,0,0.983871,0.016129032
0,0,0.983871,0.016129032
0,0,0.983871,0.016129032
0,0,0.983871,0.016129032
0,0,0.983871,0.016129032
0,0,0.983871,0.016129032
0,0,0.983871,0.016129032
0,0,0.983871,0.016129032
0,0,0.983871,0.016129032
0,0,0.983871,0.016129032
0,0,0.983871,0.016129032
0,0,0.983871,0.016129032
0,0,1.0,0.0
0,0,1.0,0.0
0,0,1.0,0.0
0,0,1.0,0.0
0,0,1.0,0.0
0,0,1.0,0.0
0,0,1.0,0.0
0,0,1.0,0.0
0,0,1.0,0.0
0,0,1.0,0.0
0,0,1.0,0.0
0,0,1.0,0.0
0,0,1.0,0.0
0,0,1.0,0.0
0,0,1.0,0.0
0,0,1.0,0.0
0,0,1.0,0.0
0,0,1.0,0.0
0,0,1.0,0.0
0,0,1.0,0.0
0,0,1.0,0.0
0,0,1.0,0.0
0,0,1.0,0.0
0,0,1.0,0.0
0,0,1.0,0.0
0,0,1.0,0.0
0,0,1.0,0.0
0,0,1.0,0.0
0,0,1.0,0.0
0,0,1.0,0.0
0,0,1.0,0.0
0,0,1.0,0.0
0,0,1.0,0.0
0,0,1.0,0.0
0,0,1.0,0.0
0,0,1.0,0.0
0,0,1.0,0.0
0,0,1.0,0.0
0,0,1.0,0.0
0,0,1.0,0.0
0,0,1.0,0.0
0,0,1.0,0.0
0,0,1.0,0.0
0,0,1.0,0.0
0,0,1.0,0.0
0,0,1.0,0.0
0,0,1.0,0.0
0,0,1.0,0.0
0,0,1.0,0.0
0,0,1.0,0.0
0,0,1.0,0.0
0,0,1.0,0.0
0,0,1.0,0.0
0,0,1.0,0.0
0,0,1.0,0.0
0,0,1.0,0.0
0,0,1.0,0.0
0,0,1.0,0.0
0,0,1.0,0.0
0,0,1.0,0.0
0,0,1.0,0.0
0,0,1.0,0.0
0,0,1.0,0.0
0,0,1.0,0.0
0,0,1.0,0.0
0,0,1.0,0.0
0,0,1.0,0.0
0,0,1.0,0.0
0,0,1.0,0.0
0,0,1.0,0.0
0,0,1.0,0.0
0,0,1.0,0.0
0,0,1.0,0.0
0,0,1.0,0.0
0,0,1.0,0.0
0,0,1.0,0.0
0,0,1.0,0.0
0,0,1.0,0.0
0,0,1.0,0.0
0,0,1.0,0.0
0,0,1.0,0.0
0,0,1.0,0.0
0,0,1.0,0.0
0,0,1.0,0.0
0,0,1.0,0.0
0,0,1.0,0.0
0,0,1.0,0.0
0,0,1.0,0.0
0,0,1.0,0.0
0,0,1.0,0.0
0,0,1.0,0.0
0,0,1.0,0.0
0,0,1.0,0.0
0,0,1.0,0.0
0,0,1.0,0.0
0,0,1.0,0.0
0,0,1.0,0.0
0,0,1.0,0.0
0,0,1.0,0.0
0,0,1.0,0.0
0,0,1.0,0.0
0,0,1.0,0.0
0,0,1.0,0.0
0,0,1.0,0.0
0,0,1.0,0.0
0,0,1.0,0.0
0,0,1.0,0.0
0,0,1.0,0.0
0,0,1.0,0.0
0,0,1.0,0.0
0,0,1.0,0.0
0,0,1.0,0.0
0,0,1.0,0.0
0,0,1.0,0.0
0,0,1.0,0.0
0,0,1.0,0.0
0,0,1.0,0.0
0,0,1.0,0.0
0,0,1.0,0.0
0,0,1.0,0.0
0,0,1.0,0.0
0,0,1.0,0.0
0,0,1.0,0.0
0,0,1.0,0.0
0,0,1.0,0.0
0,0,1.0,0.0
0,0,1.0,0.0
0,0,1.0,0.0
0,0,1.0,0.0
0,0,1.0,0.0
0,0,1.0,0.0
0,0,1.0,0.0
0,0,1.0,0.0
0,0,1.0,0.0
0,0,1.0,0.0
0,0,1.0,0.0
0,0,1.0,0.0
0,0,1.0,0.0
0,0,1.0,0.0
0,0,1.0,0.0
0,0,1.0,0.0
0,0,1.0,0.0
0,0,1.0,0.0
0,0,1.0,0.0
0,0,1.0,0.0
0,0,1.0,0.0
0,0,1.0,0.0
0,0,1.0,0.0
0,0,1.0,0.0
0,0,1.0,0.0
0,0,1.0,0.0
0,0,1.0,0.0
0,0,1.0,0.0
0,0,1.0,0.0
0,0,1.0,0.0
0,0,1.0,0.0
0,0,1.0,0.0
0,0,1.0,0.0
0,0,1.0,0.0
0,0,1.0,0.0
0,0,1.0,0.0
0,0,1.0,0.0
0,0,1.0,0.0
0,0,1.0,0.0
0,0,1.0,0.0
0,0,1.0,0.0
0,0,1.0,0.0
0,0,1.0,0.0
0,0,1.0,0.0
0,0,1.0,0.0
0,0,1.0,0.0
0,0,1.0,0.0
0,0,1.0,0.0
0,0,1.0,0.0
0,0,1.0,0.0
0,0,1.0,0.0
0,0,1.0,0.0
0,0,1.0,0.0
0,0,1.0,0.0
0,0,1.0,0.0
0,0,1.0,0.0
0,0,1.0,0.0
0,0,1.0,0.0
0,0,1.0,0.0
0,0,1.0,0.0
0,0,1.0,0.0
0,0,1.0,0.0
0,0,1.0,0.0
0,0,1.0,0.0
0,0,1.0,0.0
0,0,1.0,0.0
0,0,1.0,0.0
0,0,1.0,0.0
0,0,1.0,0.0
0,0,1.0,0.0
0,0,1.0,0.0
0,0,1.0,0.0
0,0,1.0,0.0
0,0,1.0,0.0
0,0,1.0,0.0
0,0,1.0,0.0
0,0,1.0,0.0
0,0,1.0,0.0
0,0,1.0,0.0
0,0,1.0,0.0
0,0,1.0,0.0
0,0,1.0,0.0
0,0,1.0,0.0
0,0,1.0,0.0
0,0,1.0,0.0
0,0,1.0,0.0
0,0,1.0,0.0
0,0,1.0,0.0
0,0,1.0,0.0
0,0,1.0,0.0
0,0,1.0,0.0
0,0,1.0,0.0
0,0,1.0,0.0
0,0,1.0,0.0
0,0,1.0,0.0
0,0,1.0,0.0
0,0,1.0,0.0
0,0,1.0,0.0
0,0,1.0,0.0
0,0,1.0,0.0
0,0,1.0,0.0
0,0,1.0,0.0
0,0,1.0,0.0
0,0,1.0,0.0
0,0,1.0,0.0
0,0,1.0,0.0
0,0,1.0,0.0
0,0,1.0,0.0
0,0,1.0,0.0
0,0,1.0,0.0
0,0,1.0,0.0
0,0,1.0,0.0
0,0,1.0,0.0
0,0,1.0,0.0
0,0,1.0,0.0
0,0,1.0,0.0
0,0,1.0,0.0
0,0,1.0,0.0
0,0,1.0,0.0
0,0,1.0,0.0
0,0,1.0,0.0
0,0,1.0,0.0
0,0,1.0,0.0
0,0,1.0,0.0
0,0,1.0,0.0
0,0,1.0,0.0
0,0,1.0,0.0
0,0,1.0,0.0
0,0,1.0,0.0
0,0,1.0,0.0
0,0,1.0,0.0
0,0,1.0,0.0
0,0,1.0,0.0
0,0,1.0,0.0
0,0,1.0,0.0
0,0,1.0,0.0
0,0,1.0,0.0
0,0,1.0,0.0
0,0,1.0,0.0
0,0,1.0,0.0
0,0,1.0,0.0
0,0,1.0,0.0
0,0,1.0,0.0
0,0,1.0,0.0
0,0,1.0,0.0
0,0,1.0,0.0
0,0,1.0,0.0
0,0,1.0,0.0
0,0,1.0,0.0
0,0,1.0,0.0
0,0,1.0,0.0
0,0,1.0,0.0
0,0,1.0,0.0
0,0,1.0,0.0
0,0,1.0,0.0
0,0,1.0,0.0
0,0,1.0,0.0
0,0,1.0,0.0
0,0,1.0,0.0
0,0,1.0,0.0
0,0,1.0,0.0
0,0,1.0,0.0
0,0,1.0,0.0
0,0,1.0,0.0
0,0,1.0,0.0
0,0,1.0,0.0
0,0,1.0,0.0
0,0,1.0,0.0
0,0,1.0,0.0
0,0,1.0,0.0
0,0,1.0,0.0
0,0,1.0,0.0
0,0,1.0,0.0
0,0,1.0,0.0
0,0,1.0,0.0
0,0,1.0,0.0
0,0,1.0,0.0
0,0,1.0,0.0
0,0,1.0,0.0
0,0,1.0,0.0
0,0,1.0,0.0
0,0,1.0,0.0
0,0,1.0,0.0
0,0,1.0,0.0
0,0,1.0,0.0
0,0,1.0,0.0
0,0,1.0,0.0
0,0,1.0,0.0
0,0,1.0,0.0
0,0,1.0,0.0
0,0,1.0,0.0
0,0,1.0,0.0
0,0,1.0,0.0
0,0,1.0,0.0
0,0,1.0,0.0
0,0,1.0,0.0
0,0,1.0,0.0
0,0,1.0,0.0
0,0,1.0,0.0
0,0,1.0,0.0
0,0,1.0,0.0
0,0,1.0,0.0
0,0,1.0,0.0
0,0,1.0,0.0
0,0,1.0,0.0
0,0,1.0,0.0
0,0,1.0,0.0
0,0,1.0,0.0
0,0,1.0,0.0
0,0,1.0,0.0
0,0,1.0,0.0
0,0,1.0,0.0
0,0,1.0,0.0
0,0,1.0,0.0
0,0,1.0,0.0
0,0,1.0,0.0
0,0,1.0,0.0
0,0,1.0,0.0
0,0,1.0,0.0
0,0,1.0,0.0
0,0,1.0,0.0
0,0,1.0,0.0
0,0,1.0,0.0
0,0,1.0,0.0
0,0,1.0,0.0
0,0,1.0,0.0
0,0,1.0,0.0
0,0,1.0,0.0
0,0,1.0,0.0
0,0,1.0,0.0
0,0,1.0,0.0
0,0,1.0,0.0
0,0,1.0,0.0
0,0,1.0,0.0
0,0,1.0,0.0
0,0,1.0,0.0
0,0,1.0,0.0
0,0,1.0,0.0
0,0,1.0,0.0
0,0,1.0,0.0
0,0,1.0,0.0
0,0,1.0,0.0
0,0,1.0,0.0
0,0,1.0,0.0
0,0,1.0,0.0
0,0,1.0,0.0
0,0,1.0,0.0
0,0,1.0,0.0
0,0,1.0,0.0
0,0,1.0,0.0
0,0,1.0,0.0
0,0,1.0,0.0
0,0,1.0,0.0
0,0,1.0,0.0
0,0,1.0,0.0
0,0,1.0,0.0
0,0,1.0,0.0
0,0,1.0,0.0
0,0,1.0,0.0
0,0,1.0,0.0
0,0,1.0,0.0
0,0,1.0,0.0
0,0,1.0,0.0
0,0,1.0,0.0
0,0,1.0,0.0
0,0,1.0,0.0
0,0,1.0,0.0
0,0,1.0,0.0
0,0,1.0,0.0
0,0,1.0,0.0
0,0,1.0,0.0
0,0,1.0,0.0
0,0,1.0,0.0
0,0,1.0,0.0
0,0,1.0,0.0
0,0,1.0,0.0
0,0,1.0,0.0
0,0,1.0,0.0
0,0,1.0,0.0
0,0,1.0,0.0
0,0,1.0,0.0
0,0,1.0,0.0
0,0,1.0,0.0
0,0,1.0,0.0
0,0,1.0,0.0
0,0,1.0,0.0
0,0,1.0,0.0
0,0,1.0,0.0
0,0,1.0,0.0
0,0,1.0,0.0
0,0,1.0,0.0
0,0,1.0,0.0
0,0,1.0,0.0
0,0,1.0,0.0
0,0,1.0,0.0
0,0,1.0,0.0
0,0,1.0,0.0
0,0,1.0,0.0
0,0,1.0,0.0
0,0,1.0,0.0
0,0,1.0,0.0
0,0,1.0,0.0
0,0,1.0,0.0
0,0,1.0,0.0
0,0,1.0,0.0
0,0,1.0,0.0
0,0,1.0,0.0
0,0,1.0,0.0
0,0,1.0,0.0
0,0,1.0,0.0
0,0,1.0,0.0
0,0,1.0,0.0
0,0,1.0,0.0
0,0,1.0,0.0
0,0,1.0,0.0
0,0,1.0,0.0
0,0,1.0,0.0
0,0,1.0,0.0
0,0,1.0,0.0
0,0,1.0,0.0
0,0,1.0,0.0
0,0,1.0,0.0
0,0,1.0,0.0
0,0,1.0,0.0
0,0,1.0,0.0
0,0,1.0,0.0
0,0,1.0,0.0
0,0,1.0,0.0
0,0,1.0,0.0
0,0,1.0,0.0
0,0,1.0,0.0
0,0,1.0,0.0
0,0,1.0,0.0
0,0,1.0,0.0
0,0,1.0,0.0
0,0,1.0,0.0
0,0,1.0,0.0
0,0,1.0,0.0
0,0,1.0,0.0
0,0,1.0,0.0
0,0,1.0,0.0
0,0,1.0,0.0
0,0,1.0,0.0
0,0,1.0,0.0
0,0,1.0,0.0
0,0,1.0,0.0
0,0,1.0,0.0
0,0,1.0,0.0
0,0,1.0,0.0
0,0,1.0,0.0
0,0,1.0,0.0
0,0,1.0,0.0
0,0,1.0,0.0
0,0,1.0,0.0
0,0,1.0,0.0
0,0,1.0,0.0
0,0,1.0,0.0
0,0,1.0,0.0
0,0,1.0,0.0
0,0,1.0,0.0
0,0,1.0,0.0
0,0,1.0,0.0
0,0,1.0,0.0
0,0,1.0,0.0
0,0,1.0,0.0
0,0,1.0,0.0
0,0,1.0,0.0
0,0,1.0,0.0
0,0,1.0,0.0
0,0,1.0,0.0
0,0,1.0,0.0
0,0,1.0,0.0
0,0,1.0,0.0
0,0,1.0,0.0
0,0,1.0,0.0
0,0,1.0,0.0
0,0,1.0,0.0
0,0,1.0,0.0
0,0,1.0,0.0
0,0,1.0,0.0
0,0,1.0,0.0
0,0,1.0,0.0
0,0,1.0,0.0
0,0,1.0,0.0
0,0,1.0,0.0
0,0,1.0,0.0
0,0,1.0,0.0
0,0,1.0,0.0
0,0,1.0,0.0
0,0,1.0,0.0
0,0,1.0,0.0
0,0,1.0,0.0
0,0,1.0,0.0
0,0,1.0,0.0
0,0,1.0,0.0
0,0,1.0,0.0
0,0,1.0,0.0
0,0,1.0,0.0
0,0,1.0,0.0
0,0,1.0,0.0
0,0,1.0,0.0
0,0,1.0,0.0
0,0,1.0,0.0
0,0,1.0,0.0
0,0,1.0,0.0
0,0,1.0,0.0
0,0,1.0,0.0
0,0,1.0,0.0
0,0,1.0,0.0
0,0,1.0,0.0
0,0,1.0,0.0
0,0,1.0,0.0
0,0,1.0,0.0
0,0,1.0,0.0
0,0,1.0,0.0
0,0,1.0,0.0
0,0,1.0,0.0
0,0,1.0,0.0
0,0,1.0,0.0
0,0,1.0,0.0
0,0,1.0,0.0
0,0,1.0,0.0
0,0,1.0,0.0
0,0,1.0,0.0
0,0,1.0,0.0
0,0,1.0,0.0
0,0,1.0,0.0
0,0,1.0,0.0
0,0,1.0,0.0
0,0,1.0,0.0
0,0,1.0,0.0
0,0,1.0,0.0
0,0,1.0,0.0
0,0,1.0,0.0
0,0,1.0,0.0
0,0,1.0,0.0
0,0,1.0,0.0
0,0,1.0,0.0
0,0,1.0,0.0
0,0,1.0,0.0
0,0,1.0,0.0
0,0,1.0,0.0
0,0,1.0,0.0
0,0,1.0,0.0
0,0,1.0,0.0
0,0,1.0,0.0
0,0,1.0,0.0
0,0,1.0,0.0
0,0,1.0,0.0
0,0,1.0,0.0
0,0,1.0,0.0
0,0,1.0,0.0
0,0,1.0,0.0
0,0,1.0,0.0
0,0,1.0,0.0
0,0,1.0,0.0
0,0,1.0,0.0
0,0,1.0,0.0
0,0,1.0,0.0
0,0,1.0,0.0
0,0,1.0,0.0
0,0,1.0,0.0
0,0,1.0,0.0
0,0,1.0,0.0
0,0,1.0,0.0
0,0,1.0,0.0
0,0,1.0,0.0
0,0,1.0,0.0
0,0,1.0,0.0
0,0,1.0,0.0
0,0,1.0,0.0
0,0,1.0,0.0
0,0,1.0,0.0
0,0,1.0,0.0
0,0,1.0,0.0
0,0,1.0,0.0
0,0,1.0,0.0
0,0,1.0,0.0
0,0,1.0,0.0
0,0,1.0,0.0
0,0,1.0,0.0
0,0,1.0,0.0
0,0,1.0,0.0
0,0,1.0,0.0
0,0,1.0,0.0
0,0,1.0,0.0
0,0,1.0,0.0
0,0,1.0,0.0
0,0,1.0,0.0
0,0,1.0,0.0
0,0,1.0,0.0
0,0,1.0,0.0
0,0,1.0,0.0
0,0,1.0,0.0
0,0,1.0,0.0
0,0,1.0,0.0
0,0,1.0,0.0
0,0,1.0,0.0
0,0,1.0,0.0
0,0,1.0,0.0
0,0,1.0,0.0
0,0,1.0,0.0
0,0,1.0,0.0
0,0,1.0,0.0
0,0,1.0,0.0
0,0,1.0,0.0
0,0,1.0,0.0
0,0,1.0,0.0
0,0,1.0,0.0
0,0,1.0,0.0
0,0,1.0,0.0
0,0,1.0,0.0
0,0,1.0,0.0
0,0,1.0,0.0
0,0,1.0,0.0
0,0,1.0,0.0
0,0,1.0,0.0
0,0,1.0,0.0
0,0,1.0,0.0
0,0,1.0,0.0
0,0,1.0,0.0
0,0,1.0,0.0
0,0,1.0,0.0
0,0,1.0,0.0
0,0,1.0,0.0
0,0,1.0,0.0
0,0,1.0,0.0
0,0,1.0,0.0
0,0,1.0,0.0
0,0,1.0,0.0
0,0,1.0,0.0
0,0,1.0,0.0
0,0,1.0,0.0
0,0,1.0,0.0
0,0,1.0,0.0
0,0,1.0,0.0
0,0,1.0,0.0
0,0,1.0,0.0
0,0,1.0,0.0
0,0,1.0,0.0
0,0,1.0,0.0
0,0,1.0,0.0
0,0,1.0,0.0
0,0,1.0,0.0
0,0,1.0,0.0
0,0,1.0,0.0
0,0,1.0,0.0
0,0,1.0,0.0
0,0,1.0,0.0
0,0,1.0,0.0
0,0,1.0,0.0
0,0,1.0,0.0
0,0,1.0,0.0
0,0,1.0,0.0
0,0,1.0,0.0
0,0,1.0,0.0
0,0,1.0,0.0
0,0,1.0,0.0
0,0,1.0,0.0
0,0,1.0,0.0
0,0,1.0,0.0
0,0,1.0,0.0
0,0,1.0,0.0
0,0,1.0,0.0
0,0,1.0,0.0
0,0,1.0,0.0
0,0,1.0,0.0
0,0,1.0,0.0
0,0,1.0,0.0
0,0,1.0,0.0
0,0,1.0,0.0
0,0,1.0,0.0
0,0,1.0,0.0
0,0,1.0,0.0
0,0,1.0,0.0
0,0,1.0,0.0
0,0,1.0,0.0
0,0,1.0,0.0
0,0,1.0,0.0
0,0,1.0,0.0
0,0,1.0,0.0
0,0,1.0,0.0
0,0,1.0,0.0
0,0,1.0,0.0
0,0,1.0,0.0
0,0,1.0,0.0
0,0,1.0,0.0
0,0,1.0,0.0
0,0,1.0,0.0
0,0,1.0,0.0
0,0,1.0,0.0
0,0,1.0,0.0
0,0,1.0,0.0
0,0,1.0,0.0
0,0,1.0,0.0
0,0,1.0,0.0
0,0,1.0,0.0
0,0,1.0,0.0
0,0,1.0,0.0
0,0,1.0,0.0
0,0,1.0,0.0
0,0,1.0,0.0
0,0,1.0,0.0
0,0,1.0,0.0
0,0,1.0,0.0
0,0,1.0,0.0
0,0,1.0,0.0
0,0,1.0,0.0
0,0,1.0,0.0
0,0,1.0,0.0
0,0,1.0,0.0
0,0,1.0,0.0
0,0,1.0,0.0
0,0,1.0,0.0
0,0,1.0,0.0
0,0,1.0,0.0
0,0,1.0,0.0
0,0,1.0,0.0
0,0,1.0,0.0
0,0,1.0,0.0
0,0,1.0,0.0
0,0,1.0,0.0
0,0,1.0,0.0
0,0,1.0,0.0
0,0,1.0,0.0
0,0,1.0,0.0
0,0,1.0,0.0
0,0,1.0,0.0
0,0,1.0,0.0
0,0,1.0,0.0
0,0,1.0,0.0
0,0,1.0,0.0
0,0,1.0,0.0
0,0,1.0,0.0
0,0,1.0,0.0
0,0,1.0,0.0
0,0,1.0,0.0
0,0,1.0,0.0
0,0,1.0,0.0
0,0,1.0,0.0
0,0,1.0,0.0
0,0,1.0,0.0
0,0,1.0,0.0
0,0,1.0,0.0
0,0,1.0,0.0
0,0,1.0,0.0
0,0,1.0,0.0
0,0,1.0,0.0
0,0,1.0,0.0
0,0,1.0,0.0
0,0,1.0,0.0
0,0,1.0,0.0
0,0,1.0,0.0
0,0,1.0,0.0
0,0,1.0,0.0
0,0,1.0,0.0
0,0,1.0,0.0
0,0,1.0,0.0
0,0,1.0,0.0
0,0,1.0,0.0
0,0,1.0,0.0
0,0,1.0,0.0
0,0,1.0,0.0
0,0,1.0,0.0
0,0,1.0,0.0
0,0,1.0,0.0
0,0,1.0,0.0
0,0,1.0,0.0
0,0,1.0,0.0
0,0,1.0,0.0
0,0,1.0,0.0
0,0,1.0,0.0
0,0,1.0,0.0
0,0,1.0,0.0
0,0,1.0,0.0
0,0,1.0,0.0
0,0,1.0,0.0
0,0,1.0,0.0
0,0,1.0,0.0
0,0,1.0,0.0
0,0,1.0,0.0
0,0,1.0,0.0
0,0,1.0,0.0
0,0,1.0,0.0
0,0,1.0,0.0
0,0,1.0,0.0
0,0,1.0,0.0
0,0,1.0,0.0
0,0,1.0,0.0
0,0,1.0,0.0
0,0,1.0,0.0
0,0,1.0,0.0
0,0,1.0,0.0
0,0,1.0,0.0
0,0,1.0,0.0
0,0,1.0,0.0
0,0,1.0,0.0
0,0,1.0,0.0
0,0,1.0,0.0
0,0,1.0,0.0
0,0,1.0,0.0
0,0,1.0,0.0
0,0,1.0,0.0
0,0,1.0,0.0
0,0,1.0,0.0
0,0,1.0,0.0
0,0,1.0,0.0
0,0,1.0,0.0
0,0,1.0,0.0
0,0,1.0,0.0
0,0,1.0,0.0
0,0,1.0,0.0
0,0,1.0,0.0
0,0,1.0,0.0
0,0,1.0,0.0
0,0,1.0,0.0
0,0,1.0,0.0
0,0,1.0,0.0
0,0,1.0,0.0
0,0,1.0,0.0
0,0,1.0,0.0
0,0,1.0,0.0
0,0,1.0,0.0
0,0,1.0,0.0
0,0,1.0,0.0
0,0,1.0,0.0
0,0,1.0,0.0
0,0,1.0,0.0
0,0,1.0,0.0
0,0,1.0,0.0
0,0,1.0,0.0
0,0,1.0,0.0
0,0,1.0,0.0
0,0,1.0,0.0
0,0,1.0,0.0
0,0,1.0,0.0
0,0,1.0,0.0
0,0,1.0,0.0
0,0,1.0,0.0
0,0,1.0,0.0
0,0,1.0,0.0
0,0,1.0,0.0
0,0,1.0,0.0
0,0,0.984127,0.015873017
0,0,0.984127,0.015873017
0,0,0.984127,0.015873017
0,0,0.984127,0.015873017
0,0,0.984127,0.015873017
0,0,0.984127,0.015873017
0,0,0.984127,0.015873017
0,0,0.984127,0.015873017
0,0,1.0,0.0
0,0,1.0,0.0
0,0,1.0,0.0
0,0,1.0,0.0
0,0,1.0,0.0
0,0,1.0,0.0
0,0,1.0,0.0
0,0,1.0,0.0
0,0,1.0,0.0
0,0,1.0,0.0
0,0,1.0,0.0
0,0,1.0,0.0
0,0,1.0,0.0
0,0,1.0,0.0
0,0,1.0,0.0
0,0,1.0,0.0
0,0,1.0,0.0
0,0,1.0,0.0
0,0,1.0,0.0
0,0,1.0,0.0
0,0,1.0,0.0
0,0,1.0,0.0
0,0,1.0,0.0
0,0,1.0,0.0
0,0,0.984375,0.015625
0,0,0.984375,0.015625
0,0,0.984375,0.015625
0,0,0.984375,0.015625
0,0,0.984375,0.015625
0,0,0.984375,0.015625
0,0,0.984375,0.015625
0,0,0.984375,0.015625
0,0,0.984375,0.015625
0,0,0.984375,0.015625
0,0,0.984375,0.015625
0,0,0.984375,0.015625
0,0,0.984375,0.015625
0,0,0.984375,0.015625
0,0,0.984375,0.015625
0,0,0.984375,0.015625
0,0,0.984375,0.015625
0,0,0.984375,0.015625
0,0,0.984375,0.015625
0,0,0.984375,0.015625
0,0,0.984375,0.015625
0,0,0.984375,0.015625
0,0,0.984375,0.015625
0,0,0.984375,0.015625
0,0,0.983871,0.016129032
0,0,0.983871,0.016129032
0,0,0.983871,0.016129032
0,0,0.983871,0.016129032
0,0,0.983871,0.016129032
0,0,0.983871,0.016129032
0,0,0.983871,0.016129032
0,0,0.983871,0.016129032
0,0,0.983871,0.016129032
0,0,0.983871,0.016129032
0,0,0.983871,0.016129032
0,0,0.983871,0.016129032
0,0,0.983871,0.016129032
0,0,0.983871,0.016129032
0,0,0.983871,0.016129032
0,0,0.983871,0.016129032
0,0,0.983871,0.016129032
0,0,0.983871,0.016129032
0,0,0.983871,0.016129032
0,0,0.983871,0.016129032
0,0,0.983871,0.016129032
0,0,0.983871,0.016129032
0,0,0.983871,0.016129032
0,0,0.983871,0.016129032
0,0,0.9836066,0.016393442
0,0,0.9836066,0.016393442
0,0,0.9836066,0.016393442
0,0,0.9836066,0.016393442
0,0,0.9836066,0.016393442
0,0,0.9836066,0.016393442
0,0,0.9836066,0.016393442
0,0,0.9836066,0.016393442
0,0,0.984127,0.015873017
0,0,0.984127,0.015873017
0,0,0.984127,0.015873017
0,0,0.984127,0.015873017
0,0,0.984127,0.015873017
0,0,0.984127,0.015873017
0,0,0.984127,0.015873017
0,0,0.984127,0.015873017
0,0,0.984127,0.015873017
0,0,0.984127,0.015873017
0,0,0.984127,0.015873017
0,0,0.984127,0.015873017
0,0,0.984127,0.015873017
0,0,0.984127,0.015873017
0,0,0.984127,0.015873017
0,0,0.984127,0.015873017
0,0,0.983871,0.016129032
0,0,0.983871,0.016129032
0,0,0.983871,0.016129032
0,0,0.983871,0.016129032
0,0,0.983871,0.016129032
0,0,0.983871,0.016129032
0,0,0.983871,0.016129032
0,0,0.983871,0.016129032
0,0,0.983871,0.016129032
0,0,0.983871,0.016129032
0,0,0.983871,0.016129032
0,0,0.983871,0.016129032
0,0,0.983871,0.016129032
0,0,0.983871,0.016129032
0,0,0.983871,0.016129032
0,0,0.983871,0.016129032
0,0,0.9677419,0.032258064
0,0,0.9677419,0.032258064
0,0,0.9677419,0.032258064
0,0,0.9677419,0.032258064
0,0,0.9677419,0.032258064
0,0,0.9677419,0.032258064
0,0,0.9677419,0.032258064
0,0,0.9677419,0.032258064
0,0,0.9677419,0.032258064
0,0,0.9677419,0.032258064
0,0,0.9677419,0.032258064
0,0,0.9677419,0.032258064
0,0,0.9677419,0.032258064
0,0,0.9677419,0.032258064
0,0,0.9677419,0.032258064
0,0,0.9677419,0.032258064
0,0,0.9677419,0.032258064
0,0,0.9677419,0.032258064
0,0,0.9677419,0.032258064
0,0,0.9677419,0.032258064
0,0,0.9677419,0.032258064
0,0,0.9677419,0.032258064
0,0,0.9677419,0.032258064
0,0,0.9677419,0.032258064
0,0,0.9677419,0.032258064
0,0,0.9677419,0.032258064
0,0,0.9677419,0.032258064
0,0,0.9677419,0.032258064
0,0,0.9677419,0.032258064
0,0,0.9677419,0.032258064
0,0,0.9677419,0.032258064
0,0,0.9677419,0.032258064
0,0,0.984127,0.015873017
0,0,0.984127,0.015873017
0,0,0.984127,0.015873017
0,0,0.984127,0.015873017
0,0,0.984127,0.015873017
0,0,0.984127,0.015873017
0,0,0.984127,0.015873017
0,0,0.984127,0.015873017
0,0,0.984127,0.015873017
0,0,0.984127,0.015873017
0,0,0.984127,0.015873017
0,0,0.984127,0.015873017
0,0,0.984127,0.015873017
0,0,0.984127,0.015873017
0,0,0.984127,0.015873017
0,0,0.984127,0.015873017
0,0,0.984127,0.015873017
0,0,0.984127,0.015873017
0,0,0.984127,0.015873017
0,0,0.984127,0.015873017
0,0,0.984127,0.015873017
0,0,0.984127,0.015873017
0,0,0.984127,0.015873017
0,0,0.984127,0.015873017
0,0,1.0,0.0
0,0,1.0,0.0
0,0,1.0,0.0
0,0,1.0,0.0
0,0,1.0,0.0
0,0,1.0,0.0
0,0,1.0,0.0
0,0,1.0,0.0
0,0,1.0,0.0
0,0,1.0,0.0
0,0,1.0,0.0
0,0,1.0,0.0
0,0,1.0,0.0
0,0,1.0,0.0
0,0,1.0,0.0
0,0,1.0,0.0
0,0,1.0,0.0
0,0,1.0,0.0
0,0,1.0,0.0
0,0,1.0,0.0
0,0,1.0,0.0
0,0,1.0,0.0
0,0,1.0,0.0
0,0,1.0,0.0
0,0,1.0,0.0
0,0,1.0,0.0
0,0,1.0,0.0
0,0,1.0,0.0
0,0,1.0,0.0
0,0,1.0,0.0
0,0,1.0,0.0
0,0,1.0,0.0
0,0,1.0,0.0
0,0,1.0,0.0
0,0,1.0,0.0
0,0,1.0,0.0
0,0,1.0,0.0
0,0,1.0,0.0
0,0,1.0,0.0
0,0,1.0,0.0
0,0,1.0,0.0
0,0,1.0,0.0
0,0,1.0,0.0
0,0,1.0,0.0
0,0,1.0,0.0
0,0,1.0,0.0
0,0,1.0,0.0
0,0,1.0,0.0
0,0,1.0,0.0
0,0,1.0,0.0
0,0,1.0,0.0
0,0,1.0,0.0
0,0,1.0,0.0
0,0,1.0,0.0
0,0,1.0,0.0
0,0,1.0,0.0
0,0,1.0,0.0
0,0,1.0,0.0
0,0,1.0,0.0
0,0,1.0,0.0
0,0,1.0,0.0
0,0,1.0,0.0
0,0,1.0,0.0
0,0,1.0,0.0
0,0,1.0,0.0
0,0,1.0,0.0
0,0,1.0,0.0
0,0,1.0,0.0
0,0,1.0,0.0
0,0,1.0,0.0
0,0,1.0,0.0
0,0,1.0,0.0
0,0,1.0,0.0
0,0,1.0,0.0
0,0,1.0,0.0
0,0,1.0,0.0
0,0,1.0,0.0
0,0,1.0,0.0
0,0,1.0,0.0
0,0,1.0,0.0
0,0,1.0,0.0
0,0,1.0,0.0
0,0,1.0,0.0
0,0,1.0,0.0
0,0,0.984127,0.015873017
0,0,0.984127,0.015873017
0,0,0.984127,0.015873017
0,0,0.984127,0.015873017
0,0,0.96825397,0.031746034
0,0,0.96825397,0.031746034
0,0,0.96825397,0.031746034
0,0,0.96825397,0.031746034
0,0,0.96825397,0.031746034
0,0,0.96825397,0.031746034
0,0,0.96825397,0.031746034
0,0,0.96825397,0.031746034
0,0,0.96875,0.03125
0,0,0.96875,0.03125
0,0,0.96875,0.03125
0,0,0.96875,0.03125
0,0,0.96875,0.03125
0,0,0.96875,0.03125
0,0,0.96875,0.03125
0,0,0.96875,0.03125
0,0,0.953125,0.046875
0,0,0.953125,0.046875
0,0,0.953125,0.046875
0,0,0.953125,0.046875
0,0,0.953125,0.046875
0,0,0.953125,0.046875
0,0,0.953125,0.046875
0,0,0.953125,0.046875
0,0,0.953125,0.046875
0,0,0.953125,0.046875
0,0,0.953125,0.046875
0,0,0.953125,0.046875
0,0,0.953125,0.046875
0,0,0.953125,0.046875
0,0,0.953125,0.046875
0,0,0.953125,0.046875
0,0,0.95238096,0.04761905
0,0,0.95238096,0.04761905
0,0,0.95238096,0.04761905
0,0,0.95238096,0.04761905
0,0,0.95238096,0.04761905
0,0,0.95238096,0.04761905
0,0,0.95238096,0.04761905
0,0,0.95238096,0.04761905
0,0,0.95238096,0.04761905
0,0,0.95238096,0.04761905
0,0,0.95238096,0.04761905
0,0,0.95238096,0.04761905
0,0,0.95238096,0.04761905
0,0,0.95238096,0.04761905
0,0,0.95238096,0.04761905
0,0,0.95238096,0.04761905
0,0,0.95238096,0.04761905
0,0,0.95238096,0.04761905
0,0,0.95238096,0.04761905
0,0,0.95238096,0.04761905
0,0,0.95238096,0.04761905
0,0,0.95238096,0.04761905
0,0,0.95238096,0.04761905
0,0,0.95238096,0.04761905
0,0,0.95238096,0.04761905
0,0,0.95238096,0.04761905
0,0,0.95238096,0.04761905
0,0,0.95238096,0.04761905
0,0,0.95238096,0.04761905
0,0,0.95238096,0.04761905
0,0,0.95238096,0.04761905
0,0,0.95238096,0.04761905
0,0,0.9516129,0.048387095
0,0,0.9516129,0.048387095
0,0,0.9516129,0.048387095
0,0,0.9516129,0.048387095
0,0,0.9516129,0.048387095
0,0,0.9516129,0.048387095
0,0,0.9516129,0.048387095
0,0,0.9516129,0.048387095
0,0,0.9516129,0.048387095
0,0,0.9516129,0.048387095
0,0,0.9516129,0.048387095
0,0,0.9516129,0.048387095
0,0,0.9516129,0.048387095
0,0,0.9516129,0.048387095
0,0,0.9516129,0.048387095
0,0,0.9516129,0.048387095
0,0,0.96825397,0.031746034
0,0,0.96825397,0.031746034
0,0,0.96825397,0.031746034
0,0,0.96825397,0.031746034
0,0,0.96825397,0.031746034
0,0,0.96825397,0.031746034
0,0,0.96825397,0.031746034
0,0,0.96825397,0.031746034
0,0,0.96825397,0.031746034
0,0,0.96825397,0.031746034
0,0,0.96825397,0.031746034
0,0,0.96825397,0.031746034
0,0,0.96825397,0.031746034
0,0,0.96825397,0.031746034
0,0,0.96825397,0.031746034
0,0,0.96825397,0.031746034
0,0,1.0,0.0
0,0,1.0,0.0
0,0,1.0,0.0
0,0,1.0,0.0
0,0,1.0,0.0
0,0,1.0,0.0
0,0,1.0,0.0
0,0,1.0,0.0
0,0,1.0,0.0
0,0,1.0,0.0
0,0,1.0,0.0
0,0,1.0,0.0
0,0,1.0,0.0
0,0,1.0,0.0
0,0,1.0,0.0
0,0,1.0,0.0
0,0,1.0,0.0
0,0,1.0,0.0
0,0,1.0,0.0
0,0,1.0,0.0
0,0,1.0,0.0
0,0,1.0,0.0
0,0,1.0,0.0
0,0,1.0,0.0
0,0,1.0,0.0
0,0,1.0,0.0
0,0,1.0,0.0
0,0,1.0,0.0
0,0,1.0,0.0
0,0,1.0,0.0
0,0,1.0,0.0
0,0,1.0,0.0
0,0,1.0,0.0
0,0,1.0,0.0
0,0,1.0,0.0
0,0,1.0,0.0
0,0,1.0,0.0
0,0,1.0,0.0
0,0,1.0,0.0
0,0,1.0,0.0
0,0,1.0,0.0
0,0,1.0,0.0
0,0,1.0,0.0
0,0,1.0,0.0
0,0,1.0,0.0
0,0,1.0,0.0
0,0,1.0,0.0
0,0,1.0,0.0
0,0,1.0,0.0
0,0,1.0,0.0
0,0,1.0,0.0
0,0,1.0,0.0
0,0,1.0,0.0
0,0,1.0,0.0
0,0,1.0,0.0
0,0,1.0,0.0
0,0,1.0,0.0
0,0,1.0,0.0
0,0,1.0,0.0
0,0,1.0,0.0
0,0,1.0,0.0
0,0,1.0,0.0
0,0,1.0,0.0
0,0,1.0,0.0
0,0,1.0,0.0
0,0,1.0,0.0
0,0,1.0,0.0
0,0,1.0,0.0
0,0,1.0,0.0
0,0,1.0,0.0
0,0,1.0,0.0
0,0,1.0,0.0
0,0,1.0,0.0
0,0,1.0,0.0
0,0,1.0,0.0
0,0,1.0,0.0
0,0,1.0,0.0
0,0,1.0,0.0
0,0,1.0,0.0
0,0,1.0,0.0
0,0,1.0,0.0
0,0,1.0,0.0
0,0,1.0,0.0
0,0,1.0,0.0
0,0,1.0,0.0
0,0,1.0,0.0
0,0,1.0,0.0
0,0,1.0,0.0
0,0,1.0,0.0
0,0,1.0,0.0
0,0,1.0,0.0
0,0,1.0,0.0
0,0,0.984375,0.015625
0,0,0.984375,0.015625
0,0,0.984375,0.015625
0,0,0.984375,0.015625
0,0,0.984375,0.015625
0,0,0.984375,0.015625
0,0,0.984375,0.015625
0,0,0.984375,0.015625
0,0,0.984375,0.015625
0,0,0.984375,0.015625
0,0,0.984375,0.015625
0,0,0.984375,0.015625
0,0,0.96825397,0.031746034
0,0,0.96825397,0.031746034
0,0,0.96825397,0.031746034
0,0,0.96825397,0.031746034
0,0,0.96825397,0.031746034
0,0,0.96825397,0.031746034
0,0,0.96825397,0.031746034
0,0,0.96825397,0.031746034
0,0,0.9677419,0.032258064
0,0,0.9677419,0.032258064
0,0,0.9677419,0.032258064
0,0,0.9677419,0.032258064
0,0,0.9677419,0.032258064
0,0,0.9677419,0.032258064
0,0,0.9677419,0.032258064
0,0,0.9677419,0.032258064
0,0,0.9677419,0.032258064
0,0,0.9677419,0.032258064
0,0,0.9677419,0.032258064
0,0,0.9677419,0.032258064
0,0,0.9677419,0.032258064
0,0,0.9677419,0.032258064
0,0,0.9677419,0.032258064
0,0,0.9677419,0.032258064
0,0,0.9508197,0.04918033
0,0,0.9508197,0.04918033
0,0,0.9508197,0.04918033
0,0,0.9508197,0.04918033
0,0,0.9508197,0.04918033
0,0,0.9508197,0.04918033
0,0,0.9508197,0.04918033
0,0,0.9508197,0.04918033
0,0,0.93442625,0.06557377
0,0,0.93442625,0.06557377
0,0,0.93442625,0.06557377
0,0,0.93442625,0.06557377
0,0,0.93442625,0.06557377
0,0,0.93442625,0.06557377
0,0,0.93442625,0.06557377
0,0,0.93442625,0.06557377
0,0,0.9516129,0.048387095
0,0,0.9516129,0.048387095
0,0,0.9516129,0.048387095
0,0,0.9516129,0.048387095
0,0,0.9516129,0.048387095
0,0,0.9516129,0.048387095
0,0,0.9516129,0.048387095
0,0,0.9516129,0.048387095
0,0,0.9516129,0.048387095
0,0,0.9516129,0.048387095
0,0,0.9516129,0.048387095
0,0,0.9516129,0.048387095
0,0,0.9516129,0.048387095
0,0,0.9516129,0.048387095
0,0,0.9516129,0.048387095
0,0,0.9516129,0.048387095
0,0,0.9354839,0.06451613
0,0,0.9354839,0.06451613
0,0,0.9354839,0.06451613
0,0,0.9354839,0.06451613
0,0,0.9516129,0.048387095
0,0,0.9516129,0.048387095
0,0,0.9516129,0.048387095
0,0,0.9516129,0.048387095
0,0,0.95238096,0.04761905
0,0,0.95238096,0.04761905
0,0,0.95238096,0.04761905
0,0,0.95238096,0.04761905
0,0,0.95238096,0.04761905
0,0,0.95238096,0.04761905
0,0,0.95238096,0.04761905
0,0,0.95238096,0.04761905
0,0,0.93650794,0.06349207
0,0,0.93650794,0.06349207
0,0,0.93650794,0.06349207
0,0,0.93650794,0.06349207
0,0,0.93650794,0.06349207
0,0,0.93650794,0.06349207
0,0,0.93650794,0.06349207
0,0,0.93650794,0.06349207
0,0,0.93650794,0.06349207
0,0,0.93650794,0.06349207
0,0,0.93650794,0.06349207
0,0,0.93650794,0.06349207
0,0,0.9206349,0.07936508
0,0,0.9206349,0.07936508
0,0,0.9206349,0.07936508
0,0,0.9206349,0.07936508
0,0,0.9206349,0.07936508
0,0,0.9206349,0.07936508
0,0,0.9206349,0.07936508
0,0,0.9206349,0.07936508
0,0,0.9206349,0.07936508
0,0,0.9206349,0.07936508
0,0,0.9206349,0.07936508
0,0,0.9206349,0.07936508
0,0,0.9047619,0.0952381
0,0,0.9047619,0.0952381
0,0,0.9047619,0.0952381
0,0,0.9047619,0.0952381
0,0,0.8888889,0.11111111
0,0,0.8888889,0.11111111
0,0,0.8888889,0.11111111
0,0,0.8888889,0.11111111
0,0,0.8888889,0.11111111
0,0,0.8888889,0.11111111
0,0,0.8888889,0.11111111
0,0,0.8888889,0.11111111
0,0,0.8888889,0.11111111
0,0,0.8888889,0.11111111
0,0,0.8888889,0.11111111
0,0,0.8888889,0.11111111
0,0,0.8888889,0.11111111
0,0,0.8888889,0.11111111
0,0,0.8888889,0.11111111
0,0,0.8888889,0.11111111
0,0,0.8888889,0.11111111
0,0,0.8888889,0.11111111
0,0,0.8888889,0.11111111
0,0,0.8888889,0.11111111
0,0,0.8730159,0.12698413
0,0,0.8730159,0.12698413
0,0,0.8730159,0.12698413
0,0,0.8730159,0.12698413
0,0,0.8730159,0.12698413
0,0,0.8730159,0.12698413
0,0,0.8730159,0.12698413
0,0,0.8730159,0.12698413
0,0,0.85714287,0.14285715
0,0,0.85714287,0.14285715
0,0,0.85714287,0.14285715
0,0,0.85714287,0.14285715
0,0,0.85714287,0.14285715
0,0,0.85714287,0.14285715
0,0,0.85714287,0.14285715
0,0,0.85714287,0.14285715
0,0,0.85714287,0.14285715
0,0,0.85714287,0.14285715
0,0,0.85714287,0.14285715
0,0,0.85714287,0.14285715
0,0,0.85714287,0.14285715
0,0,0.85714287,0.14285715
0,0,0.85714287,0.14285715
0,0,0.85714287,0.14285715
0,0,0.890625,0.109375
0,0,0.890625,0.109375
0,0,0.890625,0.109375
0,0,0.890625,0.109375
0,0,0.890625,0.109375
0,0,0.890625,0.109375
0,0,0.890625,0.109375
0,0,0.890625,0.109375
0,0,0.875,0.125
0,0,0.875,0.125
0,0,0.875,0.125
0,0,0.875,0.125
0,0,0.875,0.125
0,0,0.875,0.125
0,0,0.875,0.125
0,0,0.875,0.125
0,0,0.890625,0.109375
0,0,0.890625,0.109375
0,0,0.890625,0.109375
0,0,0.890625,0.109375
0,0,0.890625,0.109375
0,0,0.890625,0.109375
0,0,0.890625,0.109375
0,0,0.890625,0.109375
0,0,0.9375,0.0625
0,0,0.9375,0.0625
0,0,0.9375,0.0625
0,0,0.9375,0.0625
0,0,0.9375,0.0625
0,0,0.9375,0.0625
0,0,0.9375,0.0625
0,0,0.9375,0.0625
0,0,0.9375,0.0625
0,0,0.9375,0.0625
0,0,0.9375,0.0625
0,0,0.9375,0.0625
0,0,0.9375,0.0625
0,0,0.9375,0.0625
0,0,0.9375,0.0625
0,0,0.9375,0.0625
0,0,0.9375,0.0625
0,0,0.9375,0.0625
0,0,0.9375,0.0625
0,0,0.9375,0.0625
0,0,0.953125,0.046875
0,0,0.953125,0.046875
0,0,0.953125,0.046875
0,0,0.953125,0.046875
0,0,0.96875,0.03125
0,0,0.96875,0.03125
0,0,0.96875,0.03125
0,0,0.96875,0.03125
0,0,0.96875,0.03125
0,0,0.96875,0.03125
0,0,0.96875,0.03125
0,0,0.96875,0.03125
0,0,0.953125,0.046875
0,0,0.953125,0.046875
0,0,0.953125,0.046875
0,0,0.953125,0.046875
0,0,0.96875,0.03125
0,0,0.96875,0.03125
0,0,0.96875,0.03125
0,0,0.96875,0.03125
0,0,0.96875,0.03125
0,0,0.96875,0.03125
0,0,0.96875,0.03125
0,0,0.96875,0.03125
0,0,0.96875,0.03125
0,0,0.96875,0.03125
0,0,0.96875,0.03125
0,0,0.96875,0.03125
0,0,0.984375,0.015625
0,0,0.984375,0.015625
0,0,0.984375,0.015625
0,0,0.984375,0.015625
0,0,0.984375,0.015625
0,0,0.984375,0.015625
0,0,0.984375,0.015625
0,0,0.984375,0.015625
0,0,0.984375,0.015625
0,0,0.984375,0.015625
0,0,0.984375,0.015625
0,0,0.984375,0.015625
0,0,0.984375,0.015625
0,0,0.984375,0.015625
0,0,0.984375,0.015625
0,0,0.984375,0.015625
0,0,0.984375,0.015625
0,0,0.984375,0.015625
0,0,0.984375,0.015625
0,0,0.984375,0.015625
0,0,0.984375,0.015625
0,0,0.984375,0.015625
0,0,0.984375,0.015625
0,0,0.984375,0.015625
0,0,0.984375,0.015625
0,0,0.984375,0.015625
0,0,0.984375,0.015625
0,0,0.984375,0.015625
1,0,0.984375,0.015625
1,0,0.984375,0.015625
1,0,0.984375,0.015625
1,0,0.984375,0.015625
1,0,0.984375,0.015625
1,0,0.984375,0.015625
1,0,0.984375,0.015625
1,0,0.984375,0.015625
1,0,0.984375,0.015625
1,0,0.984375,0.015625
1,0,0.984375,0.015625
1,0,0.984375,0.015625
1,0,0.984375,0.015625
1,0,0.984375,0.015625
1,0,0.984375,0.015625
1,0,0.984375,0.015625
1,0,0.984375,0.015625
1,0,0.984375,0.015625
1,0,0.984375,0.015625
1,0,0.984375,0.015625
1,0,0.984375,0.015625
1,0,0.984375,0.015625
1,0,0.984375,0.015625
1,0,0.984375,0.015625
1,0,0.984375,0.015625
1,0,0.984375,0.015625
1,0,0.984375,0.015625
1,0,0.984375,0.015625
1,0,0.984375,0.015625
1,0,0.984375,0.015625
1,0,0.984375,0.015625
1,0,0.984375,0.015625
1,0,0.984375,0.015625
1,0,0.984375,0.015625
1,0,0.984375,0.015625
1,0,0.984375,0.015625
1,0,1.0,0.0
1,0,1.0,0.0
1,0,1.0,0.0
1,0,1.0,0.0
1,0,1.0,0.0
1,0,1.0,0.0
1,0,1.0,0.0
1,0,1.0,0.0
1,0,1.0,0.0
1,0,1.0,0.0
1,0,1.0,0.0
1,0,1.0,0.0
1,0,1.0,0.0
1,0,1.0,0.0
1,0,1.0,0.0
1,0,1.0,0.0
1,0,1.0,0.0
1,0,1.0,0.0
1,0,1.0,0.0
1,0,1.0,0.0
1,0,1.0,0.0
1,0,1.0,0.0
1,0,1.0,0.0
1,0,1.0,0.0
1,0,1.0,0.0
1,0,1.0,0.0
1,0,1.0,0.0
1,0,1.0,0.0
1,0,1.0,0.0
1,0,1.0,0.0
1,0,1.0,0.0
1,0,1.0,0.0
1,0,1.0,0.0
1,0,1.0,0.0
1,0,1.0,0.0
1,0,1.0,0.0
1,0,1.0,0.0
1,0,1.0,0.0
1,0,1.0,0.0
1,0,1.0,0.0
1,0,0.984375,0.015625
1,0,0.984375,0.015625
1,0,0.984375,0.015625
1,0,0.984375,0.015625
1,0,1.0,0.0
1,0,1.0,0.0
1,0,1.0,0.0
1,0,1.0,0.0
1,0,1.0,0.0
1,0,1.0,0.0
1,0,1.0,0.0
1,0,1.0,0.0
1,0,0.984375,0.015625
1,0,0.984375,0.015625
1,0,0.984375,0.015625
1,0,0.984375,0.015625
1,0,1.0,0.0
1,0,1.0,0.0
1,0,1.0,0.0
1,0,1.0,0.0
1,0,1.0,0.0
1,0,1.0,0.0
1,0,1.0,0.0
1,0,1.0,0.0
1,0,0.984127,0.015873017
1,0,0.984127,0.015873017
1,0,0.984127,0.015873017
1,0,0.984127,0.015873017
1,0,0.984127,0.015873017
1,0,0.984127,0.015873017
1,0,0.984127,0.015873017
1,0,0.984127,0.015873017
1,0,0.984127,0.015873017
1,0,0.984127,0.015873017
1,0,0.984127,0.015873017
1,0,0.984127,0.015873017
1,0,0.984127,0.015873017
1,0,0.984127,0.015873017
1,0,0.984127,0.015873017
1,0,0.984127,0.015873017
1,0,0.984127,0.015873017
1,0,0.984127,0.015873017
1,0,0.984127,0.015873017
1,0,0.984127,0.015873017
1,0,0.984127,0.015873017
1,0,0.984127,0.015873017
1,0,0.984127,0.015873017
1,0,0.984127,0.015873017
1,0,1.0,0.0
1,0,1.0,0.0
1,0,1.0,0.0
1,0,1.0,0.0
1,0,1.0,0.0
1,0,1.0,0.0
1,0,1.0,0.0
1,0,1.0,0.0
1,0,1.0,0.0
1,0,1.0,0.0
1,0,1.0,0.0
1,0,1.0,0.0
1,0,1.0,0.0
1,0,1.0,0.0
1,0,1.0,0.0
1,0,1.0,0.0
1,0,1.0,0.0
1,0,1.0,0.0
1,0,1.0,0.0
1,0,1.0,0.0
1,0,1.0,0.0
1,0,1.0,0.0
1,0,1.0,0.0
1,0,1.0,0.0
1,0,1.0,0.0
1,0,1.0,0.0
1,0,1.0,0.0
1,0,1.0,0.0
1,0,1.0,0.0
1,0,1.0,0.0
1,0,1.0,0.0
1,0,1.0,0.0
1,0,1.0,0.0
1,0,1.0,0.0
1,0,1.0,0.0
1,0,1.0,0.0
1,0,1.0,0.0
1,0,1.0,0.0
1,0,1.0,0.0
1,0,1.0,0.0
1,0,0.984375,0.015625
1,0,0.984375,0.015625
1,0,0.984375,0.015625
1,0,0.984375,0.015625
1,0,0.984375,0.015625
1,0,0.984375,0.015625
1,0,0.984375,0.015625
1,0,0.984375,0.015625
1,0,0.984375,0.015625
1,0,0.984375,0.015625
1,0,0.984375,0.015625
1,0,0.984375,0.015625
1,0,0.96875,0.03125
1,0,0.96875,0.03125
1,0,0.96875,0.03125
1,0,0.96875,0.03125
1,0,0.96875,0.03125
1,0,0.96875,0.03125
1,0,0.96875,0.03125
1,0,0.96875,0.03125
1,0,0.96875,0.03125
1,0,0.96875,0.03125
1,0,0.96875,0.03125
1,0,0.96875,0.03125
1,0,0.96875,0.03125
1,0,0.96875,0.03125
1,0,0.96875,0.03125
1,0,0.96875,0.03125
1,0,0.96875,0.03125
1,0,0.96875,0.03125
1,0,0.96875,0.03125
1,0,0.96875,0.03125
1,0,0.96875,0.03125
1,0,0.96875,0.03125
1,0,0.96875,0.03125
1,0,0.96875,0.03125
1,0,0.96875,0.03125
1,0,0.96875,0.03125
1,0,0.96875,0.03125
1,0,0.96875,0.03125
1,0,0.96875,0.03125
1,0,0.96875,0.03125
1,0,0.96875,0.03125
1,0,0.96875,0.03125
1,0,0.96875,0.03125
1,0,0.96875,0.03125
1,0,0.96875,0.03125
1,0,0.96875,0.03125
1,0,0.953125,0.046875
1,0,0.953125,0.046875
1,0,0.953125,0.046875
1,0,0.953125,0.046875
1,0,0.953125,0.046875
1,0,0.953125,0.046875
1,0,0.953125,0.046875
1,0,0.953125,0.046875
1,0,0.953125,0.046875
1,0,0.953125,0.046875
1,0,0.953125,0.046875
1,0,0.953125,0.046875
1,0,0.953125,0.046875
1,0,0.953125,0.046875
1,0,0.953125,0.046875
1,0,0.953125,0.046875
1,0,0.953125,0.046875
1,0,0.953125,0.046875
1,0,0.953125,0.046875
1,0,0.953125,0.046875
1,0,0.953125,0.046875
1,0,0.953125,0.046875
1,0,0.953125,0.046875
1,0,0.953125,0.046875
1,0,0.953125,0.046875
1,0,0.953125,0.046875
1,0,0.953125,0.046875
1,0,0.953125,0.046875
1,0,0.953125,0.046875
1,0,0.953125,0.046875
1,0,0.953125,0.046875
1,0,0.953125,0.046875
1,0,0.953125,0.046875
1,0,0.953125,0.046875
1,0,0.953125,0.046875
1,0,0.953125,0.046875
1,0,0.953125,0.046875
1,0,0.953125,0.046875
1,0,0.953125,0.046875
1,0,0.953125,0.046875
1,0,0.953125,0.046875
1,0,0.953125,0.046875
1,0,0.953125,0.046875
1,0,0.953125,0.046875
1,0,0.953125,0.046875
1,0,0.953125,0.046875
1,0,0.953125,0.046875
1,0,0.953125,0.046875
1,0,0.9375,0.0625
1,0,0.9375,0.0625
1,0,0.9375,0.0625
1,0,0.9375,0.0625
1,0,0.9375,0.0625
1,0,0.9375,0.0625
1,0,0.9375,0.0625
1,0,0.9375,0.0625
1,0,0.9375,0.0625
1,0,0.9375,0.0625
1,0,0.9375,0.0625
1,0,0.9375,0.0625
1,0,0.9375,0.0625
1,0,0.9375,0.0625
1,0,0.9375,0.0625
1,0,0.9375,0.0625
1,0,0.9375,0.0625
1,0,0.9375,0.0625
1,0,0.9375,0.0625
1,0,0.9375,0.0625
1,0,0.9375,0.0625
1,0,0.9375,0.0625
1,0,0.9375,0.0625
1,0,0.9375,0.0625
1,0,0.953125,0.046875
1,0,0.953125,0.046875
1,0,0.953125,0.046875
1,0,0.953125,0.046875
1,0,0.953125,0.046875
1,0,0.953125,0.046875
1,0,0.953125,0.046875
1,0,0.953125,0.046875
1,0,0.953125,0.046875
1,0,0.953125,0.046875
1,0,0.953125,0.046875
1,0,0.953125,0.046875
1,0,0.953125,0.046875
1,0,0.953125,0.046875
1,0,0.953125,0.046875
1,0,0.953125,0.046875
1,0,0.953125,0.046875
1,0,0.953125,0.046875
1,0,0.953125,0.046875
1,0,0.953125,0.046875
1,0,0.953125,0.046875
1,0,0.953125,0.046875
1,0,0.953125,0.046875
1,0,0.953125,0.046875
1,0,0.953125,0.046875
1,0,0.953125,0.046875
1,0,0.953125,0.046875
1,0,0.953125,0.046875
1,0,0.953125,0.046875
1,0,0.953125,0.046875
1,0,0.953125,0.046875
1,0,0.953125,0.046875
1,0,0.953125,0.046875
1,0,0.953125,0.046875
1,0,0.953125,0.046875
1,0,0.953125,0.046875
1,0,0.953125,0.046875
1,0,0.953125,0.046875
1,0,0.953125,0.046875
1,0,0.953125,0.046875
1,0,0.953125,0.046875
1,0,0.953125,0.046875
1,0,0.953125,0.046875
1,0,0.953125,0.046875
1,0,0.953125,0.046875
1,0,0.953125,0.046875
1,0,0.953125,0.046875
1,0,0.953125,0.046875
1,0,0.953125,0.046875
1,0,0.953125,0.046875
1,0,0.953125,0.046875
1,0,0.953125,0.046875
1,0,0.953125,0.046875
1,0,0.953125,0.046875
1,0,0.953125,0.046875
1,0,0.953125,0.046875
1,0,0.96875,0.03125
1,0,0.96875,0.03125
1,0,0.96875,0.03125
1,0,0.96875,0.03125
1,0,0.96875,0.03125
1,0,0.96875,0.03125
1,0,0.96875,0.03125
1,0,0.96875,0.03125
1,0,0.96875,0.03125
1,0,0.96875,0.03125
1,0,0.96875,0.03125
1,0,0.96875,0.03125
1,0,0.96875,0.03125
1,0,0.96875,0.03125
1,0,0.96875,0.03125
1,0,0.96875,0.03125
1,0,0.984375,0.015625
1,0,0.984375,0.015625
1,0,0.984375,0.015625
1,0,0.984375,0.015625
1,0,0.984375,0.015625
1,0,0.984375,0.015625
1,0,0.984375,0.015625
1,0,0.984375,0.015625
1,0,0.984375,0.015625
1,0,0.984375,0.015625
1,0,0.984375,0.015625
1,0,0.984375,0.015625
1,0,0.984375,0.015625
1,0,0.984375,0.015625
1,0,0.984375,0.015625
1,0,0.984375,0.015625
1,0,0.984375,0.015625
1,0,0.984375,0.015625
1,0,0.984375,0.015625
1,0,0.984375,0.015625
1,0,0.984375,0.015625
1,0,0.984375,0.015625
1,0,0.984375,0.015625
1,0,0.984375,0.015625
1,0,0.984375,0.015625
1,0,0.984375,0.015625
1,0,0.984375,0.015625
1,0,0.984375,0.015625
1,0,0.984375,0.015625
1,0,0.984375,0.015625
1,0,0.984375,0.015625
1,0,0.984375,0.015625
1,0,0.984375,0.015625
1,0,0.984375,0.015625
1,0,0.984375,0.015625
1,0,0.984375,0.015625
1,0,0.984375,0.015625
1,0,0.984375,0.015625
1,0,0.984375,0.015625
1,0,0.984375,0.015625
1,0,0.984375,0.015625
1,0,0.984375,0.015625
1,0,0.984375,0.015625
1,0,0.984375,0.015625
1,0,0.984375,0.015625
1,0,0.984375,0.015625
1,0,0.984375,0.015625
1,0,0.984375,0.015625
1,0,0.984375,0.015625
1,0,0.984375,0.015625
1,0,0.984375,0.015625
1,0,0.984375,0.015625
1,0,0.984375,0.015625
1,0,0.984375,0.015625
1,0,0.984375,0.015625
1,0,0.984375,0.015625
1,0,0.984375,0.015625
1,0,0.984375,0.015625
1,0,0.984375,0.015625
1,0,0.984375,0.015625
1,0,1.0,0.0
1,0,1.0,0.0
1,0,1.0,0.0
1,0,1.0,0.0
1,0,1.0,0.0
1,0,1.0,0.0
1,0,1.0,0.0
1,0,1.0,0.0
1,0,1.0,0.0
1,0,1.0,0.0
1,0,1.0,0.0
1,0,1.0,0.0
1,0,1.0,0.0
1,0,1.0,0.0
1,0,1.0,0.0
1,0,1.0,0.0
1,0,1.0,0.0
1,0,1.0,0.0
1,0,1.0,0.0
1,0,1.0,0.0
1,0,1.0,0.0
1,0,1.0,0.0
1,0,1.0,0.0
1,0,1.0,0.0
1,0,1.0,0.0
1,0,1.0,0.0
1,0,1.0,0.0
1,0,1.0,0.0
1,0,1.0,0.0
1,0,1.0,0.0
1,0,1.0,0.0
1,0,1.0,0.0
1,0,1.0,0.0
1,0,1.0,0.0
1,0,1.0,0.0
1,0,1.0,0.0
1,0,1.0,0.0
1,0,1.0,0.0
1,0,1.0,0.0
1,0,1.0,0.0
1,0,1.0,0.0
1,0,1.0,0.0
1,0,1.0,0.0
1,0,1.0,0.0
1,0,1.0,0.0
1,0,1.0,0.0
1,0,1.0,0.0
1,0,1.0,0.0
1,0,1.0,0.0
1,0,1.0,0.0
1,0,1.0,0.0
1,0,1.0,0.0
1,0,1.0,0.0
1,0,1.0,0.0
1,0,1.0,0.0
1,0,1.0,0.0
1,0,1.0,0.0
1,0,1.0,0.0
1,0,1.0,0.0
1,0,1.0,0.0
1,0,1.0,0.0
1,0,1.0,0.0
1,0,1.0,0.0
1,0,1.0,0.0
1,0,1.0,0.0
1,0,1.0,0.0
1,0,1.0,0.0
1,0,1.0,0.0
1,0,1.0,0.0
1,0,1.0,0.0
1,0,1.0,0.0
1,0,1.0,0.0
1,0,1.0,0.0
1,0,1.0,0.0
1,0,1.0,0.0
1,0,1.0,0.0
1,0,1.0,0.0
1,0,1.0,0.0
1,0,1.0,0.0
1,0,1.0,0.0
1,0,1.0,0.0
1,0,1.0,0.0
1,0,1.0,0.0
1,0,1.0,0.0
1,0,1.0,0.0
1,0,1.0,0.0
1,0,1.0,0.0
1,0,1.0,0.0
1,0,1.0,0.0
1,0,1.0,0.0
1,0,1.0,0.0
1,0,1.0,0.0
1,0,1.0,0.0
1,0,1.0,0.0
1,0,1.0,0.0
1,0,1.0,0.0
1,0,1.0,0.0
1,0,1.0,0.0
1,0,1.0,0.0
1,0,1.0,0.0
1,0,1.0,0.0
1,0,1.0,0.0
1,0,1.0,0.0
1,0,1.0,0.0
1,0,1.0,0.0
1,0,1.0,0.0
1,0,1.0,0.0
1,0,1.0,0.0
1,0,1.0,0.0
1,0,1.0,0.0
1,0,1.0,0.0
1,0,1.0,0.0
1,0,1.0,0.0
1,0,1.0,0.0
1,0,1.0,0.0
1,0,1.0,0.0
1,0,1.0,0.0
1,0,1.0,0.0
1,0,1.0,0.0
1,0,1.0,0.0
1,0,1.0,0.0
1,0,1.0,0.0
1,0,1.0,0.0
1,0,1.0,0.0
1,0,1.0,0.0
1,0,1.0,0.0
1,0,1.0,0.0
1,0,1.0,0.0
1,0,1.0,0.0
1,0,1.0,0.0
1,0,1.0,0.0
1,0,1.0,0.0
1,0,1.0,0.0
1,0,1.0,0.0
1,0,1.0,0.0
1,0,1.0,0.0
1,0,1.0,0.0
1,0,1.0,0.0
1,0,1.0,0.0
1,0,1.0,0.0
1,0,1.0,0.0
1,0,1.0,0.0
1,0,1.0,0.0
1,0,1.0,0.0
1,0,1.0,0.0
1,0,1.0,0.0
1,0,1.0,0.0
1,0,1.0,0.0
1,0,1.0,0.0
1,0,1.0,0.0
1,0,1.0,0.0
1,0,1.0,0.0
1,0,1.0,0.0
1,0,1.0,0.0
1,0,1.0,0.0
1,0,1.0,0.0
1,0,1.0,0.0
1,0,1.0,0.0
1,0,1.0,0.0
1,0,1.0,0.0
1,0,1.0,0.0
1,0,1.0,0.0
1,0,1.0,0.0
1,0,1.0,0.0
1,0,1.0,0.0
1,0,1.0,0.0
1,0,1.0,0.0
1,0,1.0,0.0
1,0,1.0,0.0
1,0,1.0,0.0
1,0,1.0,0.0
1,0,1.0,0.0
1,0,1.0,0.0
1,0,1.0,0.0
1,0,1.0,0.0
1,0,1.0,0.0
1,0,1.0,0.0
1,0,1.0,0.0
1,0,1.0,0.0
1,0,1.0,0.0
1,0,1.0,0.0
1,0,1.0,0.0
1,0,1.0,0.0
1,0,1.0,0.0
1,0,1.0,0.0
1,0,1.0,0.0
1,0,1.0,0.0
1,0,1.0,0.0
1,0,1.0,0.0
1,0,1.0,0.0
1,0,1.0,0.0
1,0,1.0,0.0
1,0,1.0,0.0
1,0,1.0,0.0
1,0,1.0,0.0
1,0,1.0,0.0
1,0,1.0,0.0
1,0,1.0,0.0
1,0,1.0,0.0
1,0,1.0,0.0
1,0,1.0,0.0
1,0,1.0,0.0
1,0,1.0,0.0
1,0,1.0,0.0
1,0,1.0,0.0
1,0,1.0,0.0
1,0,1.0,0.0
1,0,1.0,0.0
1,0,1.0,0.0
1,0,1.0,0.0
1,0,1.0,0.0
1,0,1.0,0.0
1,0,1.0,0.0
1,0,1.0,0.0
1,0,1.0,0.0
1,0,1.0,0.0
1,0,1.0,0.0
1,0,1.0,0.0
1,0,1.0,0.0
1,0,1.0,0.0
1,0,1.0,0.0
1,0,1.0,0.0
1,0,1.0,0.0
1,0,1.0,0.0
1,0,1.0,0.0
1,0,1.0,0.0
1,0,1.0,0.0
1,0,1.0,0.0
1,0,1.0,0.0
1,0,1.0,0.0
1,0,1.0,0.0
1,0,1.0,0.0
1,0,1.0,0.0
1,0,1.0,0.0
1,0,1.0,0.0
1,0,1.0,0.0
1,0,1.0,0.0
1,0,1.0,0.0
1,0,1.0,0.0
1,0,1.0,0.0
1,0,1.0,0.0
1,0,1.0,0.0
1,0,1.0,0.0
1,0,1.0,0.0
1,0,1.0,0.0
1,0,1.0,0.0
1,0,1.0,0.0
1,0,1.0,0.0
1,0,1.0,0.0
1,0,1.0,0.0
1,0,1.0,0.0
1,0,1.0,0.0
1,0,1.0,0.0
1,0,1.0,0.0
1,0,1.0,0.0
1,0,1.0,0.0
1,0,1.0,0.0
1,0,1.0,0.0
1,0,1.0,0.0
1,0,1.0,0.0
1,0,1.0,0.0
1,0,1.0,0.0
1,0,1.0,0.0
1,0,1.0,0.0
1,0,1.0,0.0
1,0,1.0,0.0
1,0,1.0,0.0
1,0,1.0,0.0
1,0,1.0,0.0
1,0,1.0,0.0
1,0,1.0,0.0
1,0,1.0,0.0
1,0,1.0,0.0
1,0,1.0,0.0
1,0,1.0,0.0
1,0,1.0,0.0
1,0,1.0,0.0
1,0,1.0,0.0
1,0,1.0,0.0
1,0,1.0,0.0
1,0,1.0,0.0
1,0,1.0,0.0
1,0,1.0,0.0
1,0,1.0,0.0
1,0,1.0,0.0
1,0,1.0,0.0
1,0,1.0,0.0
1,0,1.0,0.0
1,0,1.0,0.0
1,0,1.0,0.0
1,0,1.0,0.0
1,0,1.0,0.0
1,0,1.0,0.0
1,0,1.0,0.0
1,0,1.0,0.0
1,0,1.0,0.0
1,0,1.0,0.0
1,0,1.0,0.0
1,0,1.0,0.0
1,0,1.0,0.0
1,0,1.0,0.0
1,0,1.0,0.0
1,0,1.0,0.0
1,0,1.0,0.0
1,0,1.0,0.0
1,0,1.0,0.0
1,0,1.0,0.0
1,0,1.0,0.0
1,0,1.0,0.0
1,0,1.0,0.0
1,0,1.0,0.0
1,0,1.0,0.0
1,0,1.0,0.0
1,0,1.0,0.0
1,0,1.0,0.0
1,0,1.0,0.0
1,0,1.0,0.0
1,0,1.0,0.0
1,0,1.0,0.0
1,0,1.0,0.0
1,0,1.0,0.0
1,0,1.0,0.0
1,0,1.0,0.0
1,0,1.0,0.0
1,0,1.0,0.0
1,0,1.0,0.0
1,0,1.0,0.0
1,0,1.0,0.0
1,0,1.0,0.0
1,0,1.0,0.0
1,0,1.0,0.0
1,0,1.0,0.0
1,0,1.0,0.0
1,0,1.0,0.0
1,0,1.0,0.0
1,0,1.0,0.0
1,0,1.0,0.0
1,0,1.0,0.0
1,0,1.0,0.0
1,0,1.0,0.0
1,0,1.0,0.0
1,0,1.0,0.0
1,0,1.0,0.0
1,0,1.0,0.0
1,0,1.0,0.0
1,0,1.0,0.0
1,0,1.0,0.0
1,0,1.0,0.0
1,0,1.0,0.0
1,0,1.0,0.0
1,0,1.0,0.0
1,0,1.0,0.0
1,0,1.0,0.0
1,0,1.0,0.0
1,0,1.0,0.0
1,0,1.0,0.0
1,0,1.0,0.0
1,0,1.0,0.0
1,0,1.0,0.0
1,0,1.0,0.0
1,0,1.0,0.0
1,0,1.0,0.0
1,0,1.0,0.0
1,0,1.0,0.0
1,0,1.0,0.0
1,0,1.0,0.0
1,0,1.0,0.0
1,0,1.0,0.0
1,0,1.0,0.0
1,0,1.0,0.0
1,0,1.0,0.0
1,0,1.0,0.0
1,0,1.0,0.0
1,0,1.0,0.0
1,0,1.0,0.0
1,0,1.0,0.0
1,0,1.0,0.0
1,0,1.0,0.0
1,0,1.0,0.0
1,0,1.0,0.0
1,0,1.0,0.0
1,0,1.0,0.0
1,0,1.0,0.0
1,0,1.0,0.0
1,0,1.0,0.0
1,0,1.0,0.0
1,0,1.0,0.0
1,0,1.0,0.0
1,0,1.0,0.0
1,0,1.0,0.0
1,0,1.0,0.0
1,0,1.0,0.0
1,0,1.0,0.0
1,0,1.0,0.0
1,0,1.0,0.0
1,0,1.0,0.0
1,0,1.0,0.0
1,0,1.0,0.0
1,0,1.0,0.0
1,0,1.0,0.0
1,0,1.0,0.0
1,0,1.0,0.0
1,0,1.0,0.0
1,0,1.0,0.0
1,0,1.0,0.0
1,0,1.0,0.0
1,0,1.0,0.0
1,0,1.0,0.0
1,0,1.0,0.0
1,0,1.0,0.0
1,0,1.0,0.0
1,0,1.0,0.0
1,0,1.0,0.0
1,0,1.0,0.0
1,0,1.0,0.0
1,0,1.0,0.0
1,0,1.0,0.0
1,0,1.0,0.0
1,0,1.0,0.0
1,0,1.0,0.0
1,0,1.0,0.0
1,0,1.0,0.0
1,0,1.0,0.0
1,0,1.0,0.0
1,0,1.0,0.0
1,0,1.0,0.0
1,0,1.0,0.0
1,0,1.0,0.0
1,0,1.0,0.0
1,0,1.0,0.0
1,0,1.0,0.0
1,0,1.0,0.0
1,0,1.0,0.0
1,0,1.0,0.0
1,0,1.0,0.0
1,0,1.0,0.0
1,0,1.0,0.0
1,0,1.0,0.0
1,0,1.0,0.0
1,0,1.0,0.0
1,0,1.0,0.0
1,0,1.0,0.0
1,0,1.0,0.0
1,0,1.0,0.0
1,0,1.0,0.0
1,0,1.0,0.0
1,0,1.0,0.0
1,0,1.0,0.0
1,0,1.0,0.0
1,0,1.0,0.0
1,0,1.0,0.0
1,0,1.0,0.0
1,0,1.0,0.0
1,0,1.0,0.0
1,0,1.0,0.0
1,0,1.0,0.0
1,0,1.0,0.0
1,0,1.0,0.0
1,0,1.0,0.0
1,0,1.0,0.0
1,0,1.0,0.0
1,0,1.0,0.0
1,0,1.0,0.0
1,0,1.0,0.0
1,0,1.0,0.0
1,0,1.0,0.0
1,0,1.0,0.0
1,0,1.0,0.0
1,0,1.0,0.0
1,0,1.0,0.0
1,0,1.0,0.0
1,0,1.0,0.0
1,0,1.0,0.0
1,0,1.0,0.0
1,0,1.0,0.0
1,0,1.0,0.0
1,0,1.0,0.0
1,0,1.0,0.0
1,0,1.0,0.0
1,0,1.0,0.0
1,0,0.984375,0.015625
1,0,0.984375,0.015625
1,0,0.984375,0.015625
1,0,0.984375,0.015625
1,0,0.953125,0.046875
1,0,0.953125,0.046875
1,0,0.953125,0.046875
1,0,0.953125,0.046875
1,0,0.953125,0.046875
1,0,0.953125,0.046875
1,0,0.953125,0.046875
1,0,0.953125,0.046875
1,0,0.95238096,0.04761905
1,0,0.95238096,0.04761905
1,0,0.95238096,0.04761905
1,0,0.95238096,0.04761905
1,0,0.95238096,0.04761905
1,0,0.95238096,0.04761905
1,0,0.95238096,0.04761905
1,0,0.95238096,0.04761905
1,0,0.9047619,0.0952381
1,0,0.9047619,0.0952381
1,0,0.9047619,0.0952381
1,0,0.9047619,0.0952381
1,0,0.9047619,0.0952381
1,0,0.9047619,0.0952381
1,0,0.9047619,0.0952381
1,0,0.9047619,0.0952381
1,0,0.9047619,0.0952381
1,0,0.9047619,0.0952381
1,0,0.9047619,0.0952381
1,0,0.9047619,0.0952381
1,0,0.9047619,0.0952381
1,0,0.9047619,0.0952381
1,0,0.9047619,0.0952381
1,0,0.9047619,0.0952381
1,0,0.8730159,0.12698413
1,0,0.8730159,0.12698413
1,0,0.8730159,0.12698413
1,0,0.8730159,0.12698413
1,0,0.8730159,0.12698413
1,0,0.8730159,0.12698413
1,0,0.8730159,0.12698413
1,0,0.8730159,0.12698413
1,0,0.8730159,0.12698413
1,0,0.8730159,0.12698413
1,0,0.8730159,0.12698413
1,0,0.8730159,0.12698413
1,0,0.8730159,0.12698413
1,0,0.8730159,0.12698413
1,0,0.8730159,0.12698413
1,0,0.8730159,0.12698413
1,0,0.8730159,0.12698413
1,0,0.8730159,0.12698413
1,0,0.8730159,0.12698413
1,0,0.8730159,0.12698413
1,0,0.85714287,0.14285715
1,0,0.85714287,0.14285715
1,0,0.85714287,0.14285715
1,0,0.85714287,0.14285715
1,0,0.84375,0.15625
1,0,0.84375,0.15625
1,0,0.84375,0.15625
1,0,0.84375,0.15625
1,0,0.84375,0.15625
1,0,0.84375,0.15625
1,0,0.84375,0.15625
1,0,0.84375,0.15625
1,0,0.84375,0.15625
1,0,0.84375,0.15625
1,0,0.84375,0.15625
1,0,0.84375,0.15625
1,0,0.828125,0.171875
1,0,0.828125,0.171875
1,0,0.828125,0.171875
1,0,0.828125,0.171875
1,0,0.828125,0.171875
1,0,0.828125,0.171875
1,0,0.828125,0.171875
1,0,0.828125,0.171875
1,0,0.8125,0.1875
1,0,0.8125,0.1875
1,0,0.8125,0.1875
1,0,0.8125,0.1875
1,0,0.7580645,0.24193548
1,0,0.7580645,0.24193548
1,0,0.7580645,0.24193548
1,0,0.7580645,0.24193548
1,0,0.7580645,0.24193548
1,0,0.7580645,0.24193548
1,0,0.7580645,0.24193548
1,0,0.7580645,0.24193548
1,0,0.7258065,0.27419356
1,0,0.7258065,0.27419356
1,0,0.7258065,0.27419356
1,0,0.7258065,0.27419356
1,0,0.7258065,0.27419356
1,0,0.7258065,0.27419356
1,0,0.7258065,0.27419356
1,0,0.7258065,0.27419356
1,0,0.7258065,0.27419356
1,0,0.7258065,0.27419356
1,0,0.7258065,0.27419356
1,0,0.7258065,0.27419356
1,0,0.7258065,0.27419356
1,0,0.7258065,0.27419356
1,0,0.7258065,0.27419356
1,0,0.7258065,0.27419356
1,0,0.7096774,0.29032257
1,0,0.7096774,0.29032257
1,0,0.7096774,0.29032257
1,0,0.7096774,0.29032257
1,0,0.7096774,0.29032257
1,0,0.7096774,0.29032257
1,0,0.7096774,0.29032257
1,0,0.7096774,0.29032257
1,0,0.7419355,0.2580645
1,0,0.7419355,0.2580645
1,0,0.7419355,0.2580645
1,0,0.7419355,0.2580645
1,0,0.7419355,0.2580645
1,0,0.7419355,0.2580645
1,0,0.7419355,0.2580645
1,0,0.7419355,0.2580645
1,0,0.7419355,0.2580645
1,0,0.7419355,0.2580645
1,0,0.7419355,0.2580645
1,0,0.7419355,0.2580645
1,0,0.7419355,0.2580645
1,0,0.7419355,0.2580645
1,0,0.7419355,0.2580645
1,0,0.7419355,0.2580645
1,0,0.7096774,0.29032257
1,0,0.7096774,0.29032257
1,0,0.7096774,0.29032257
1,0,0.7096774,0.29032257
1,0,0.7096774,0.29032257
1,0,0.7096774,0.29032257
1,0,0.7096774,0.29032257
1,0,0.7096774,0.29032257
1,0,0.7096774,0.29032257
1,0,0.7096774,0.29032257
1,0,0.7096774,0.29032257
1,0,0.7096774,0.29032257
1,0,0.7258065,0.27419356
1,0,0.7258065,0.27419356
1,0,0.7258065,0.27419356
1,0,0.7258065,0.27419356
1,0,0.7096774,0.29032257
1,0,0.7096774,0.29032257
1,0,0.7096774,0.29032257
1,0,0.7096774,0.29032257
1,0,0.7096774,0.29032257
1,0,0.7096774,0.29032257
1,0,0.7096774,0.29032257
1,0,0.7096774,0.29032257
1,0,0.7419355,0.2580645
1,0,0.7419355,0.2580645
1,0,0.7419355,0.2580645
1,0,0.7419355,0.2580645
1,0,0.7419355,0.2580645
1,0,0.7419355,0.2580645
1,0,0.7419355,0.2580645
1,0,0.7419355,0.2580645
1,0,0.7419355,0.2580645
1,0,0.7419355,0.2580645
1,0,0.7419355,0.2580645
1,0,0.7419355,0.2580645
1,0,0.7419355,0.2580645
1,0,0.7419355,0.2580645
1,0,0.7419355,0.2580645
1,0,0.7419355,0.2580645
1,0,0.7419355,0.2580645
1,0,0.7419355,0.2580645
1,0,0.7419355,0.2580645
1,0,0.7419355,0.2580645
1,0,0.7419355,0.2580645
1,0,0.7419355,0.2580645
1,0,0.7419355,0.2580645
1,0,0.7419355,0.2580645
1,0,0.7741935,0.22580644
1,0,0.7741935,0.22580644
1,0,0.7741935,0.22580644
1,0,0.7741935,0.22580644
1,0,0.7741935,0.22580644
1,0,0.7741935,0.22580644
1,0,0.7741935,0.22580644
1,0,0.7741935,0.22580644
1,0,0.7741935,0.22580644
1,0,0.7741935,0.22580644
1,0,0.7741935,0.22580644
1,0,0.7741935,0.22580644
1,0,0.7741935,0.22580644
1,0,0.7741935,0.22580644
1,0,0.7741935,0.22580644
1,0,0.7741935,0.22580644
1,0,0.7903226,0.20967741
1,0,0.7903226,0.20967741
1,0,0.7903226,0.20967741
1,0,0.7903226,0.20967741
1,0,0.7903226,0.20967741
1,0,0.7903226,0.20967741
1,0,0.7903226,0.20967741
1,0,0.7903226,0.20967741
1,0,0.82539684,0.17460318
1,0,0.82539684,0.17460318
1,0,0.82539684,0.17460318
1,0,0.82539684,0.17460318
1,0,0.82539684,0.17460318
1,0,0.82539684,0.17460318
1,0,0.82539684,0.17460318
1,0,0.82539684,0.17460318
1,0,0.85714287,0.14285715
1,0,0.85714287,0.14285715
1,0,0.85714287,0.14285715
1,0,0.85714287,0.14285715
1,0,0.85714287,0.14285715
1,0,0.85714287,0.14285715
1,0,0.85714287,0.14285715
1,0,0.85714287,0.14285715
1,0,0.85714287,0.14285715
1,0,0.85714287,0.14285715
1,0,0.85714287,0.14285715
1,0,0.85714287,0.14285715
1,0,0.8730159,0.12698413
1,0,0.8730159,0.12698413
1,0,0.8730159,0.12698413
1,0,0.8730159,0.12698413
1,0,0.8730159,0.12698413
1,0,0.8730159,0.12698413
1,0,0.8730159,0.12698413
1,0,0.8730159,0.12698413
1,0,0.8730159,0.12698413
1,0,0.8730159,0.12698413
1,0,0.8730159,0.12698413
1,0,0.8730159,0.12698413
1,0,0.8730159,0.12698413
1,0,0.8730159,0.12698413
1,0,0.8730159,0.12698413
1,0,0.8730159,0.12698413
1,0,0.8888889,0.11111111
1,0,0.8888889,0.11111111
1,0,0.8888889,0.11111111
1,0,0.8888889,0.11111111
1,0,0.93650794,0.06349207
1,0,0.93650794,0.06349207
1,0,0.93650794,0.06349207
1,0,0.93650794,0.06349207
1,0,0.93650794,0.06349207
1,0,0.93650794,0.06349207
1,0,0.93650794,0.06349207
1,0,0.93650794,0.06349207
1,0,0.93650794,0.06349207
1,0,0.93650794,0.06349207
1,0,0.93650794,0.06349207
1,0,0.93650794,0.06349207
1,0,0.93650794,0.06349207
1,0,0.93650794,0.06349207
1,0,0.93650794,0.06349207
1,0,0.93650794,0.06349207
1,0,0.93650794,0.06349207
1,0,0.93650794,0.06349207
1,0,0.93650794,0.06349207
1,0,0.93650794,0.06349207
1,0,0.95238096,0.04761905
1,0,0.95238096,0.04761905
1,0,0.95238096,0.04761905
1,0,0.95238096,0.04761905
1,0,0.95238096,0.04761905
1,0,0.95238096,0.04761905
1,0,0.95238096,0.04761905
1,0,0.95238096,0.04761905
1,0,0.95238096,0.04761905
1,0,0.95238096,0.04761905
1,0,0.95238096,0.04761905
1,0,0.95238096,0.04761905
1,0,0.95238096,0.04761905
1,0,0.95238096,0.04761905
1,0,0.95238096,0.04761905
1,0,0.95238096,0.04761905
1,0,0.95238096,0.04761905
1,0,0.95238096,0.04761905
1,0,0.95238096,0.04761905
1,0,0.95238096,0.04761905
1,0,0.95238096,0.04761905
1,0,0.95238096,0.04761905
1,0,0.95238096,0.04761905
1,0,0.95238096,0.04761905
1,0,0.96825397,0.031746034
1,0,0.96825397,0.031746034
1,0,0.96825397,0.031746034
1,0,0.96825397,0.031746034
1,0,0.984127,0.015873017
1,0,0.984127,0.015873017
1,0,0.984127,0.015873017
1,0,0.984127,0.015873017
1,0,0.984127,0.015873017
1,0,0.984127,0.015873017
1,0,0.984127,0.015873017
1,0,0.984127,0.015873017
1,0,1.0,0.0
1,0,1.0,0.0
1,0,1.0,0.0
1,0,1.0,0.0
1,0,1.0,0.0
1,0,1.0,0.0
1,0,1.0,0.0
1,0,1.0,0.0
1,0,1.0,0.0
1,0,1.0,0.0
1,0,1.0,0.0
1,0,1.0,0.0
1,0,1.0,0.0
1,0,1.0,0.0
1,0,1.0,0.0
1,0,1.0,0.0
1,0,1.0,0.0
1,0,1.0,0.0
1,0,1.0,0.0
1,0,1.0,0.0
1,0,1.0,0.0
1,0,1.0,0.0
1,0,1.0,0.0
1,0,1.0,0.0
1,0,1.0,0.0
1,0,1.0,0.0
1,0,1.0,0.0
1,0,1.0,0.0
1,0,1.0,0.0
1,0,1.0,0.0
1,0,1.0,0.0
1,0,1.0,0.0
1,0,1.0,0.0
1,0,1.0,0.0
1,0,1.0,0.0
1,0,1.0,0.0
1,0,1.0,0.0
1,0,1.0,0.0
1,0,1.0,0.0
1,0,1.0,0.0
1,0,1.0,0.0
1,0,1.0,0.0
1,0,1.0,0.0
1,0,1.0,0.0
1,0,1.0,0.0
1,0,1.0,0.0
1,0,1.0,0.0
1,0,1.0,0.0
1,0,1.0,0.0
1,0,1.0,0.0
1,0,1.0,0.0
1,0,1.0,0.0
1,0,1.0,0.0
1,0,1.0,0.0
1,0,1.0,0.0
1,0,1.0,0.0
1,0,1.0,0.0
1,0,1.0,0.0
1,0,1.0,0.0
1,0,1.0,0.0
1,0,1.0,0.0
1,0,1.0,0.0
1,0,1.0,0.0
1,0,1.0,0.0
1,0,1.0,0.0
1,0,1.0,0.0
1,0,1.0,0.0
1,0,1.0,0.0
1,0,1.0,0.0
1,0,1.0,0.0
1,0,1.0,0.0
1,0,1.0,0.0
1,0,1.0,0.0
1,0,1.0,0.0
1,0,1.0,0.0
1,0,1.0,0.0
1,0,1.0,0.0
1,0,1.0,0.0
1,0,1.0,0.0
1,0,1.0,0.0
1,0,1.0,0.0
1,0,1.0,0.0
1,0,1.0,0.0
1,0,1.0,0.0
1,0,1.0,0.0
1,0,1.0,0.0
1,0,1.0,0.0
1,0,1.0,0.0
1,0,1.0,0.0
1,0,1.0,0.0
1,0,1.0,0.0
1,0,1.0,0.0
1,0,1.0,0.0
1,0,1.0,0.0
1,0,1.0,0.0
1,0,1.0,0.0
1,0,1.0,0.0
1,0,1.0,0.0
1,0,1.0,0.0
1,0,1.0,0.0
1,0,1.0,0.0
1,0,1.0,0.0
1,0,1.0,0.0
1,0,1.0,0.0
1,0,1.0,0.0
1,0,1.0,0.0
1,0,1.0,0.0
1,0,1.0,0.0
1,0,1.0,0.0
1,0,1.0,0.0
1,0,1.0,0.0
1,0,1.0,0.0
1,0,1.0,0.0
1,0,1.0,0.0
1,0,1.0,0.0
1,0,1.0,0.0
1,0,1.0,0.0
1,0,1.0,0.0
1,0,1.0,0.0
1,0,1.0,0.0
1,0,1.0,0.0
1,0,1.0,0.0
1,0,1.0,0.0
1,0,1.0,0.0
1,0,1.0,0.0
1,0,1.0,0.0
1,0,1.0,0.0
1,0,1.0,0.0
1,0,1.0,0.0
1,0,1.0,0.0
1,0,1.0,0.0
1,0,1.0,0.0
1,0,1.0,0.0
1,0,1.0,0.0
1,0,1.0,0.0
1,0,1.0,0.0
1,0,1.0,0.0
1,0,1.0,0.0
1,0,1.0,0.0
1,0,1.0,0.0
1,0,1.0,0.0
1,0,1.0,0.0
1,0,1.0,0.0
1,0,1.0,0.0
1,0,1.0,0.0
1,0,1.0,0.0
1,0,1.0,0.0
1,0,1.0,0.0
1,0,1.0,0.0
1,0,1.0,0.0
1,0,1.0,0.0
1,0,1.0,0.0
1,0,1.0,0.0
1,0,1.0,0.0
1,0,1.0,0.0
1,0,1.0,0.0
1,0,1.0,0.0
1,0,1.0,0.0
1,0,1.0,0.0
1,0,1.0,0.0
1,0,0.984127,0.015873017
1,0,0.984127,0.015873017
1,0,0.984127,0.015873017
1,0,0.984127,0.015873017
1,0,0.984127,0.015873017
1,0,0.984127,0.015873017
1,0,0.984127,0.015873017
1,0,0.984127,0.015873017
1,0,0.983871,0.016129032
1,0,0.983871,0.016129032
1,0,0.983871,0.016129032
1,0,0.983871,0.016129032
1,0,0.983871,0.016129032
1,0,0.983871,0.016129032
1,0,0.983871,0.016129032
1,0,0.983871,0.016129032
1,0,0.983871,0.016129032
1,0,0.983871,0.016129032
1,0,0.983871,0.016129032
1,0,0.983871,0.016129032
1,0,0.983871,0.016129032
1,0,0.983871,0.016129032
1,0,0.983871,0.016129032
1,0,0.983871,0.016129032
1,0,0.983871,0.016129032
1,0,0.983871,0.016129032
1,0,0.983871,0.016129032
1,0,0.983871,0.016129032
1,0,0.983871,0.016129032
1,0,0.983871,0.016129032
1,0,0.983871,0.016129032
1,0,0.983871,0.016129032
1,0,0.98333335,0.016666668
1,0,0.98333335,0.016666668
1,0,0.98333335,0.016666668
1,0,0.98333335,0.016666668
1,0,0.98333335,0.016666668
1,0,0.98333335,0.016666668
1,0,0.98333335,0.016666668
1,0,0.98333335,0.016666668
1,0,0.9830508,0.016949153
1,0,0.9830508,0.016949153
1,0,0.9830508,0.016949153
1,0,0.9830508,0.016949153
1,0,0.98275864,0.01724138
1,0,0.98275864,0.01724138
1,0,0.98275864,0.01724138
1,0,0.98275864,0.01724138
1,0,0.98275864,0.01724138
1,0,0.98275864,0.01724138
1,0,0.98275864,0.01724138
1,0,0.98275864,0.01724138
1,0,0.98275864,0.01724138
1,0,0.98275864,0.01724138
1,0,0.98275864,0.01724138
1,0,0.98275864,0.01724138
1,0,0.98245615,0.01754386
1,0,0.98245615,0.01754386
1,0,0.98245615,0.01754386
1,0,0.98245615,0.01754386
1,0,0.98275864,0.01724138
1,0,0.98275864,0.01724138
1,0,0.98275864,0.01724138
1,0,0.98275864,0.01724138
1,0,0.98245615,0.01754386
1,0,0.98245615,0.01754386
1,0,0.98245615,0.01754386
1,0,0.98245615,0.01754386
1,0,0.98214287,0.017857144
1,0,0.98214287,0.017857144
1,0,0.98214287,0.017857144
1,0,0.98214287,0.017857144
1,0,0.98245615,0.01754386
1,0,0.98245615,0.01754386
1,0,0.98245615,0.01754386
1,0,0.98245615,0.01754386
1,0,0.98245615,0.01754386
1,0,0.98245615,0.01754386
1,0,0.98245615,0.01754386
1,0,0.98245615,0.01754386
1,0,0.98245615,0.01754386
1,0,0.98245615,0.01754386
1,0,0.98245615,0.01754386
1,0,0.98245615,0.01754386
1,0,0.98245615,0.01754386
1,0,0.98245615,0.01754386
1,0,0.98245615,0.01754386
1,0,0.98245615,0.01754386
1,0,0.98214287,0.017857144
1,0,0.98214287,0.017857144
1,0,0.98214287,0.017857144
1,0,0.98214287,0.017857144
1,0,0.98214287,0.017857144
1,0,0.98214287,0.017857144
1,0,0.98214287,0.017857144
1,0,0.98214287,0.017857144
1,0,1.0,0.0
1,0,1.0,0.0
1,0,1.0,0.0
1,0,1.0,0.0
1,0,1.0,0.0
1,0,1.0,0.0
1,0,1.0,0.0
1,0,1.0,0.0
1,0,1.0,0.0
1,0,1.0,0.0
1,0,1.0,0.0
1,0,1.0,0.0
1,0,1.0,0.0
1,0,1.0,0.0
1,0,1.0,0.0
1,0,1.0,0.0
1,0,1.0,0.0
1,0,1.0,0.0
1,0,1.0,0.0
1,0,1.0,0.0
1,0,1.0,0.0
1,0,1.0,0.0
1,0,1.0,0.0
1,0,1.0,0.0
1,0,1.0,0.0
1,0,1.0,0.0
1,0,1.0,0.0
1,0,1.0,0.0
1,0,1.0,0.0
1,0,1.0,0.0
1,0,1.0,0.0
1,0,1.0,0.0
1,0,1.0,0.0
1,0,1.0,0.0
1,0,1.0,0.0
1,0,1.0,0.0
1,0,1.0,0.0
1,0,1.0,0.0
1,0,1.0,0.0
1,0,1.0,0.0
1,0,1.0,0.0
1,0,1.0,0.0
1,0,1.0,0.0
1,0,1.0,0.0
1,0,1.0,0.0
1,0,1.0,0.0
1,0,1.0,0.0
1,0,1.0,0.0
1,0,1.0,0.0
1,0,1.0,0.0
1,0,1.0,0.0
1,0,1.0,0.0
1,0,1.0,0.0
1,0,1.0,0.0
1,0,1.0,0.0
1,0,1.0,0.0
1,0,1.0,0.0
1,0,1.0,0.0
1,0,1.0,0.0
1,0,1.0,0.0
1,0,0.98245615,0.01754386
1,0,0.98245615,0.01754386
1,0,0.98245615,0.01754386
1,0,0.98245615,0.01754386
1,0,0.98245615,0.01754386
1,0,0.98245615,0.01754386
1,0,0.98245615,0.01754386
1,0,0.98245615,0.01754386
1,0,0.98275864,0.01724138
1,0,0.98275864,0.01724138
1,0,0.98275864,0.01724138
1,0,0.98275864,0.01724138
1,0,0.98245615,0.01754386
1,0,0.98245615,0.01754386
1,0,0.98245615,0.01754386
1,0,0.98245615,0.01754386
1,0,0.98245615,0.01754386
1,0,0.98245615,0.01754386
1,0,0.98245615,0.01754386
1,0,0.98245615,0.01754386
1,0,0.98245615,0.01754386
1,0,0.98245615,0.01754386
1,0,0.98245615,0.01754386
1,0,0.98245615,0.01754386
1,0,0.98275864,0.01724138
1,0,0.98275864,0.01724138
1,0,0.98275864,0.01724138
1,0,0.98275864,0.01724138
1,0,0.9830508,0.016949153
1,0,0.9830508,0.016949153
1,0,0.9830508,0.016949153
1,0,0.9830508,0.016949153
1,0,0.9830508,0.016949153
1,0,0.9830508,0.016949153
1,0,0.9830508,0.016949153
1,0,0.9830508,0.016949153
1,0,0.98333335,0.016666668
1,0,0.98333335,0.016666668
1,0,0.98333335,0.016666668
1,0,0.98333335,0.016666668
1,0,0.98333335,0.016666668
1,0,0.98333335,0.016666668
1,0,0.98333335,0.016666668
1,0,0.98333335,0.016666668
1,0,0.983871,0.016129032
1,0,0.983871,0.016129032
1,0,0.983871,0.016129032
1,0,0.983871,0.016129032
1,0,0.983871,0.016129032
1,0,0.983871,0.016129032
1,0,0.983871,0.016129032
1,0,0.983871,0.016129032
1,0,0.983871,0.016129032
1,0,0.983871,0.016129032
1,0,0.983871,0.016129032
1,0,0.983871,0.016129032
1,0,0.983871,0.016129032
1,0,0.983871,0.016129032
1,0,0.983871,0.016129032
1,0,0.983871,0.016129032
1,0,0.983871,0.016129032
1,0,0.983871,0.016129032
1,0,0.983871,0.016129032
1,0,0.983871,0.016129032
1,0,0.983871,0.016129032
1,0,0.983871,0.016129032
1,0,0.983871,0.016129032
1,0,0.983871,0.016129032
1,0,0.983871,0.016129032
1,0,0.983871,0.016129032
1,0,0.983871,0.016129032
1,0,0.983871,0.016129032
1,0,0.983871,0.016129032
1,0,0.983871,0.016129032
1,0,0.983871,0.016129032
1,0,0.983871,0.016129032
1,0,0.983871,0.016129032
1,0,0.983871,0.016129032
1,0,0.983871,0.016129032
1,0,0.983871,0.016129032
1,0,0.983871,0.016129032
1,0,0.983871,0.016129032
1,0,0.983871,0.016129032
1,0,0.983871,0.016129032
1,0,0.983871,0.016129032
1,0,0.983871,0.016129032
1,0,0.983871,0.016129032
1,0,0.983871,0.016129032
1,0,0.983871,0.016129032
1,0,0.983871,0.016129032
1,0,0.983871,0.016129032
1,0,0.983871,0.016129032
1,0,0.983871,0.016129032
1,0,0.983871,0.016129032
1,0,0.983871,0.016129032
1,0,0.983871,0.016129032
1,0,1.0,0.0
1,0,1.0,0.0
1,0,1.0,0.0
1,0,1.0,0.0
1,0,1.0,0.0
1,0,1.0,0.0
1,0,1.0,0.0
1,0,1.0,0.0
1,0,1.0,0.0
1,0,1.0,0.0
1,0,1.0,0.0
1,0,1.0,0.0
1,0,0.984127,0.015873017
1,0,0.984127,0.015873017
1,0,0.984127,0.015873017
1,0,0.984127,0.015873017
1,0,0.984127,0.015873017
1,0,0.984127,0.015873017
1,0,0.984127,0.015873017
1,0,0.984127,0.015873017
1,0,1.0,0.0
1,0,1.0,0.0
1,0,1.0,0.0
1,0,1.0,0.0
1,0,1.0,0.0
1,0,1.0,0.0
1,0,1.0,0.0
1,0,1.0,0.0
1,0,1.0,0.0
1,0,1.0,0.0
1,0,1.0,0.0
1,0,1.0,0.0
1,0,1.0,0.0
1,0,1.0,0.0
1,0,1.0,0.0
1,0,1.0,0.0
1,0,1.0,0.0
1,0,1.0,0.0
1,0,1.0,0.0
1,0,1.0,0.0
1,0,1.0,0.0
1,0,1.0,0.0
1,0,1.0,0.0
1,0,1.0,0.0
1,0,1.0,0.0
1,0,1.0,0.0
1,0,1.0,0.0
1,0,1.0,0.0
1,0,1.0,0.0
1,0,1.0,0.0
1,0,1.0,0.0
1,0,1.0,0.0
1,0,1.0,0.0
1,0,1.0,0.0
1,0,1.0,0.0
1,0,1.0,0.0
1,0,1.0,0.0
1,0,1.0,0.0
1,0,1.0,0.0
1,0,1.0,0.0
1,0,1.0,0.0
1,0,1.0,0.0
1,0,1.0,0.0
1,0,1.0,0.0
1,0,1.0,0.0
1,0,1.0,0.0
1,0,1.0,0.0
1,0,1.0,0.0
1,0,1.0,0.0
1,0,1.0,0.0
1,0,1.0,0.0
1,0,1.0,0.0
1,0,1.0,0.0
1,0,1.0,0.0
1,0,1.0,0.0
1,0,1.0,0.0
1,0,0.984375,0.015625
1,0,0.984375,0.015625
1,0,0.984375,0.015625
1,0,0.984375,0.015625
1,0,0.96875,0.03125
1,0,0.96875,0.03125
1,0,0.96875,0.03125
1,0,0.96875,0.03125
1,0,0.96875,0.03125
1,0,0.96875,0.03125
1,0,0.96875,0.03125
1,0,0.96875,0.03125
1,0,0.96875,0.03125
1,0,0.96875,0.03125
1,0,0.96875,0.03125
1,0,0.96875,0.03125
1,0,0.921875,0.078125
1,0,0.921875,0.078125
1,0,0.921875,0.078125
1,0,0.921875,0.078125
1,0,0.921875,0.078125
1,0,0.921875,0.078125
1,0,0.921875,0.078125
1,0,0.921875,0.078125
1,0,0.921875,0.078125
1,0,0.921875,0.078125
1,0,0.921875,0.078125
1,0,0.921875,0.078125
1,0,0.921875,0.078125
1,0,0.921875,0.078125
1,0,0.921875,0.078125
1,0,0.921875,0.078125
1,0,0.875,0.125
1,0,0.875,0.125
1,0,0.875,0.125
1,0,0.875,0.125
1,0,0.859375,0.140625
1,0,0.859375,0.140625
1,0,0.859375,0.140625
1,0,0.859375,0.140625
1,0,0.859375,0.140625
1,0,0.859375,0.140625
1,0,0.859375,0.140625
1,0,0.859375,0.140625
1,0,0.859375,0.140625
1,0,0.859375,0.140625
1,0,0.859375,0.140625
1,0,0.859375,0.140625
1,0,0.828125,0.171875
1,0,0.828125,0.171875
1,0,0.828125,0.171875
1,0,0.828125,0.171875
1,0,0.828125,0.171875
1,0,0.828125,0.171875
1,0,0.828125,0.171875
1,0,0.828125,0.171875
1,0,0.828125,0.171875
1,0,0.828125,0.171875
1,0,0.828125,0.171875
1,0,0.828125,0.171875
1,0,0.828125,0.171875
1,0,0.828125,0.171875
1,0,0.828125,0.171875
1,0,0.828125,0.171875
1,0,0.75,0.25
1,0,0.75,0.25
1,0,0.75,0.25
1,0,0.75,0.25
1,0,0.75,0.25
1,0,0.75,0.25
1,0,0.75,0.25
1,0,0.75,0.25
1,0,0.75,0.25
1,0,0.75,0.25
1,0,0.75,0.25
1,0,0.75,0.25
1,0,0.734375,0.265625
1,0,0.734375,0.265625
1,0,0.734375,0.265625
1,0,0.734375,0.265625
1,0,0.703125,0.296875
1,0,0.703125,0.296875
1,0,0.703125,0.296875
1,0,0.703125,0.296875
1,0,0.703125,0.296875
1,0,0.703125,0.296875
1,0,0.703125,0.296875
1,0,0.703125,0.296875
1,0,0.671875,0.328125
1,0,0.671875,0.328125
1,0,0.671875,0.328125
1,0,0.671875,0.328125
1,0,0.671875,0.328125
1,0,0.671875,0.328125
1,0,0.671875,0.328125
1,0,0.671875,0.328125
1,0,0.59375,0.40625
1,0,0.59375,0.40625
1,0,0.59375,0.40625
1,0,0.59375,0.40625
1,0,0.5625,0.4375
1,0,0.5625,0.4375
1,0,0.5625,0.4375
1,0,0.5625,0.4375
1,0,0.53125,0.46875
1,0,0.53125,0.46875
1,0,0.53125,0.46875
1,0,0.53125,0.46875
1,0,0.53125,0.46875
1,0,0.53125,0.46875
1,0,0.53125,0.46875
1,0,0.53125,0.46875
1,1,0.421875,0.578125
1,1,0.421875,0.578125
1,1,0.421875,0.578125
1,1,0.421875,0.578125
2,1,0.421875,0.578125
2,1,0.421875,0.578125
2,1,0.421875,0.578125
2,1,0.421875,0.578125
2,1,0.421875,0.578125
2,1,0.421875,0.578125
2,1,0.421875,0.578125
2,1,0.421875,0.578125
2,1,0.390625,0.609375
2,1,0.390625,0.609375
2,1,0.390625,0.609375
2,1,0.390625,0.609375
2,1,0.390625,0.609375
2,1,0.390625,0.609375
2,1,0.390625,0.609375
2,1,0.390625,0.609375
2,1,0.390625,0.609375
2,1,0.390625,0.609375
2,1,0.390625,0.609375
2,1,0.390625,0.609375
2,1,0.375,0.625
2,1,0.375,0.625
2,1,0.375,0.625
2,1,0.375,0.625
2,1,0.375,0.625
2,1,0.375,0.625
2,1,0.375,0.625
2,1,0.375,0.625
2,1,0.3125,0.6875
2,1,0.3125,0.6875
2,1,0.3125,0.6875
2,1,0.3125,0.6875
2,1,0.3125,0.6875
2,1,0.3125,0.6875
2,1,0.3125,0.6875
2,1,0.3125,0.6875
2,1,0.296875,0.703125
2,1,0.296875,0.703125
2,1,0.296875,0.703125
2,1,0.296875,0.703125
2,1,0.296875,0.703125
2,1,0.296875,0.703125
2,1,0.296875,0.703125
2,1,0.296875,0.703125
2,1,0.296875,0.703125
2,1,0.296875,0.703125
2,1,0.296875,0.703125
2,1,0.296875,0.703125
2,1,0.296875,0.703125
2,1,0.296875,0.703125
2,1,0.296875,0.703125
2,1,0.296875,0.703125
2,1,0.296875,0.703125
2,1,0.296875,0.703125
2,1,0.296875,0.703125
2,1,0.296875,0.703125
2,1,0.28125,0.71875
2,1,0.28125,0.71875
2,1,0.28125,0.71875
2,1,0.28125,0.71875
2,1,0.28125,0.71875
2,1,0.28125,0.71875
2,1,0.28125,0.71875
2,1,0.28125,0.71875
2,1,0.296875,0.703125
2,1,0.296875,0.703125
2,1,0.296875,0.703125
2,1,0.296875,0.703125
2,1,0.296875,0.703125
2,1,0.296875,0.703125
2,1,0.296875,0.703125
2,1,0.296875,0.703125
2,1,0.296875,0.703125
2,1,0.296875,0.703125
2,1,0.296875,0.703125
2,1,0.296875,0.703125
2,1,0.2857143,0.71428573
2,1,0.2857143,0.71428573
2,1,0.2857143,0.71428573
2,1,0.2857143,0.71428573
2,1,0.2857143,0.71428573
2,1,0.2857143,0.71428573
2,1,0.2857143,0.71428573
2,1,0.2857143,0.71428573
2,1,0.3015873,0.6984127
2,1,0.3015873,0.6984127
2,1,0.3015873,0.6984127
2,1,0.3015873,0.6984127
2,1,0.3015873,0.6984127
2,1,0.3015873,0.6984127
2,1,0.3015873,0.6984127
2,1,0.3015873,0.6984127
2,1,0.3809524,0.61904764
2,1,0.3809524,0.61904764
2,1,0.3809524,0.61904764
2,1,0.3809524,0.61904764
2,1,0.3809524,0.61904764
2,1,0.3809524,0.61904764
2,1,0.3809524,0.61904764
2,1,0.3809524,0.61904764
2,1,0.38709676,0.61290324
2,1,0.38709676,0.61290324
2,1,0.38709676,0.61290324
2,1,0.38709676,0.61290324
2,1,0.38709676,0.61290324
2,1,0.38709676,0.61290324
2,1,0.38709676,0.61290324
2,1,0.38709676,0.61290324
2,1,0.42857143,0.5714286
2,1,0.42857143,0.5714286
2,1,0.42857143,0.5714286
2,1,0.42857143,0.5714286
2,1,0.44444445,0.5555556
2,1,0.44444445,0.5555556
2,1,0.44444445,0.5555556
2,1,0.44444445,0.5555556
2,1,0.44444445,0.5555556
2,1,0.44444445,0.5555556
2,1,0.44444445,0.5555556
2,1,0.44444445,0.5555556
2,1,0.44444445,0.5555556
2,1,0.44444445,0.5555556
2,1,0.44444445,0.5555556
2,1,0.44444445,0.5555556
2,1,0.44444445,0.5555556
2,1,0.44444445,0.5555556
2,1,0.44444445,0.5555556
2,1,0.44444445,0.5555556
2,1,0.46031746,0.53968257
2,1,0.46031746,0.53968257
2,1,0.46031746,0.53968257
2,1,0.46031746,0.53968257
2,1,0.46031746,0.53968257
2,1,0.46031746,0.53968257
2,1,0.46031746,0.53968257
2,1,0.46031746,0.53968257
2,1,0.46031746,0.53968257
2,1,0.46031746,0.53968257
2,1,0.46031746,0.53968257
2,1,0.46031746,0.53968257
2,1,0.46875,0.53125
2,1,0.46875,0.53125
2,1,0.46875,0.53125
2,1,0.46875,0.53125
2,1,0.46875,0.53125
2,1,0.46875,0.53125
2,1,0.46875,0.53125
2,1,0.46875,0.53125
2,1,0.46875,0.53125
2,1,0.46875,0.53125
2,1,0.46875,0.53125
2,1,0.46875,0.53125
2,1,0.46875,0.53125
2,1,0.46875,0.53125
2,1,0.46875,0.53125
2,1,0.46875,0.53125
2,1,0.46875,0.53125
2,1,0.46875,0.53125
2,1,0.46875,0.53125
2,1,0.46875,0.53125
2,1,0.46875,0.53125
2,1,0.46875,0.53125
2,1,0.46875,0.53125
2,1,0.46875,0.53125
2,1,0.46875,0.53125
2,1,0.46875,0.53125
2,1,0.46875,0.53125
2,1,0.46875,0.53125
2,1,0.46875,0.53125
2,1,0.46875,0.53125
2,1,0.46875,0.53125
2,1,0.46875,0.53125
2,1,0.46875,0.53125
2,1,0.46875,0.53125
2,1,0.46875,0.53125
2,1,0.46875,0.53125
2,1,0.46875,0.53125
2,1,0.46875,0.53125
2,1,0.46875,0.53125
2,1,0.46875,0.53125
2,1,0.46875,0.53125
2,1,0.46875,0.53125
2,1,0.46875,0.53125
2,1,0.46875,0.53125
2,1,0.46875,0.53125
2,1,0.46875,0.53125
2,1,0.46875,0.53125
2,1,0.46875,0.53125
2,1,0.375,0.625
2,1,0.375,0.625
2,1,0.375,0.625
2,1,0.375,0.625
2,1,0.359375,0.640625
2,1,0.359375,0.640625
2,1,0.359375,0.640625
2,1,0.359375,0.640625
2,1,0.34375,0.65625
2,1,0.34375,0.65625
2,1,0.34375,0.65625
2,1,0.34375,0.65625
2,1,0.328125,0.671875
2,1,0.328125,0.671875
2,1,0.328125,0.671875
2,1,0.328125,0.671875
2,1,0.2857143,0.71428573
2,1,0.2857143,0.71428573
2,1,0.2857143,0.71428573
2,1,0.2857143,0.71428573
2,1,0.2857143,0.71428573
2,1,0.2857143,0.71428573
2,1,0.2857143,0.71428573
2,1,0.2857143,0.71428573
2,1,0.25396827,0.74603176
2,1,0.25396827,0.74603176
2,1,0.25396827,0.74603176
2,1,0.25396827,0.74603176
2,1,0.25396827,0.74603176
2,1,0.25396827,0.74603176
2,1,0.25396827,0.74603176
2,1,0.25396827,0.74603176
2,1,0.23809524,0.7619048
2,1,0.23809524,0.7619048
2,1,0.23809524,0.7619048
2,1,0.23809524,0.7619048
2,1,0.20634921,0.7936508
2,1,0.20634921,0.7936508
2,1,0.20634921,0.7936508
2,1,0.20634921,0.7936508
2,1,0.20634921,0.7936508
2,1,0.20634921,0.7936508
2,1,0.20634921,0.7936508
2,1,0.20634921,0.7936508
2,1,0.20634921,0.7936508
2,1,0.20634921,0.7936508
2,1,0.20634921,0.7936508
2,1,0.20634921,0.7936508
2,1,0.22222222,0.7777778
2,1,0.22222222,0.7777778
2,1,0.22222222,0.7777778
2,1,0.22222222,0.7777778
2,1,0.22222222,0.7777778
2,1,0.22222222,0.7777778
2,1,0.22222222,0.7777778
2,1,0.22222222,0.7777778
2,1,0.22222222,0.7777778
2,1,0.22222222,0.7777778
2,1,0.22222222,0.7777778
2,1,0.22222222,0.7777778
2,1,0.22222222,0.7777778
2,1,0.22222222,0.7777778
2,1,0.22222222,0.7777778
2,1,0.22222222,0.7777778
2,1,0.22222222,0.7777778
2,1,0.22222222,0.7777778
2,1,0.22222222,0.7777778
2,1,0.22222222,0.7777778
2,1,0.23809524,0.7619048
2,1,0.23809524,0.7619048
2,1,0.23809524,0.7619048
2,1,0.23809524,0.7619048
2,1,0.25396827,0.74603176
2,1,0.25396827,0.74603176
2,1,0.25396827,0.74603176
2,1,0.25396827,0.74603176
2,1,0.26984128,0.73015875
2,1,0.26984128,0.73015875
2,1,0.26984128,0.73015875
2,1,0.26984128,0.73015875
2,1,0.296875,0.703125
2,1,0.296875,0.703125
2,1,0.296875,0.703125
2,1,0.296875,0.703125
2,1,0.3125,0.6875
2,1,0.3125,0.6875
2,1,0.3125,0.6875
2,1,0.3125,0.6875
2,1,0.328125,0.671875
2,1,0.328125,0.671875
2,1,0.328125,0.671875
2,1,0.328125,0.671875
2,1,0.34375,0.65625
2,1,0.34375,0.65625
2,1,0.34375,0.65625
2,1,0.34375,0.65625
2,1,0.375,0.625
2,1,0.375,0.625
2,1,0.375,0.625
2,1,0.375,0.625
2,1,0.375,0.625
2,1,0.375,0.625
2,1,0.375,0.625
2,1,0.375,0.625
2,1,0.390625,0.609375
2,1,0.390625,0.609375
2,1,0.390625,0.609375
2,1,0.390625,0.609375
2,1,0.390625,0.609375
2,1,0.390625,0.609375
2,1,0.390625,0.609375
2,1,0.390625,0.609375
2,1,0.4375,0.5625
2,1,0.4375,0.5625
2,1,0.4375,0.5625
2,1,0.4375,0.5625
2,1,0.421875,0.578125
2,1,0.421875,0.578125
2,1,0.421875,0.578125
2,1,0.421875,0.578125
2,1,0.421875,0.578125
2,1,0.421875,0.578125
2,1,0.421875,0.578125
2,1,0.421875,0.578125
2,1,0.421875,0.578125
2,1,0.421875,0.578125
2,1,0.421875,0.578125
2,1,0.421875,0.578125
2,1,0.4375,0.5625
2,1,0.4375,0.5625
2,1,0.4375,0.5625
2,1,0.4375,0.5625
2,1,0.4375,0.5625
2,1,0.4375,0.5625
2,1,0.4375,0.5625
2,1,0.4375,0.5625
2,1,0.4375,0.5625
2,1,0.4375,0.5625
2,1,0.4375,0.5625
2,1,0.4375,0.5625
2,1,0.4375,0.5625
2,1,0.4375,0.5625
2,1,0.4375,0.5625
2,1,0.4375,0.5625
2,1,0.421875,0.578125
2,1,0.421875,0.578125
2,1,0.421875,0.578125
2,1,0.421875,0.578125
2,1,0.421875,0.578125
2,1,0.421875,0.578125
2,1,0.421875,0.578125
2,1,0.421875,0.578125
2,1,0.421875,0.578125
2,1,0.421875,0.578125
2,1,0.421875,0.578125
2,1,0.421875,0.578125
2,1,0.40625,0.59375
2,1,0.40625,0.59375
2,1,0.40625,0.59375
2,1,0.40625,0.59375
2,1,0.46875,0.53125
2,1,0.46875,0.53125
2,1,0.46875,0.53125
2,1,0.46875,0.53125
2,1,0.46875,0.53125
2,1,0.46875,0.53125
2,1,0.46875,0.53125
2,1,0.46875,0.53125
2,1,0.47619048,0.52380955
2,1,0.47619048,0.52380955
2,1,0.47619048,0.52380955
2,1,0.47619048,0.52380955
2,1,0.47619048,0.52380955
2,1,0.47619048,0.52380955
2,1,0.47619048,0.52380955
2,1,0.47619048,0.52380955
2,0,0.53968257,0.46031746
2,0,0.53968257,0.46031746
2,0,0.53968257,0.46031746
2,0,0.53968257,0.46031746
2,0,0.5555556,0.44444445
2,0,0.5555556,0.44444445
2,0,0.5555556,0.44444445
2,0,0.5555556,0.44444445
2,0,0.5714286,0.42857143
2,0,0.5714286,0.42857143
2,0,0.5714286,0.42857143
2,0,0.5714286,0.42857143
2,0,0.5714286,0.42857143
2,0,0.5714286,0.42857143
2,0,0.5714286,0.42857143
2,0,0.5714286,0.42857143
2,0,0.5873016,0.41269842
2,0,0.5873016,0.41269842
2,0,0.5873016,0.41269842
2,0,0.5873016,0.41269842
2,0,0.5873016,0.41269842
2,0,0.5873016,0.41269842
2,0,0.5873016,0.41269842
2,0,0.5873016,0.41269842
2,0,0.58064514,0.41935483
2,0,0.58064514,0.41935483
2,0,0.58064514,0.41935483
2,0,0.58064514,0.41935483
2,0,0.58064514,0.41935483
2,0,0.58064514,0.41935483
2,0,0.58064514,0.41935483
2,0,0.58064514,0.41935483
2,0,0.60655737,0.39344263
2,0,0.60655737,0.39344263
2,0,0.60655737,0.39344263
2,0,0.60655737,0.39344263
2,0,0.60655737,0.39344263
2,0,0.60655737,0.39344263
2,0,0.60655737,0.39344263
2,0,0.60655737,0.39344263
2,0,0.6393443,0.36065573
2,0,0.6393443,0.36065573
2,0,0.6393443,0.36065573
2,0,0.6393443,0.36065573
2,0,0.6393443,0.36065573
2,0,0.6393443,0.36065573
2,0,0.6393443,0.36065573
2,0,0.6393443,0.36065573
2,0,0.6393443,0.36065573
2,0,0.6393443,0.36065573
2,0,0.6393443,0.36065573
2,0,0.6393443,0.36065573
2,0,0.6557377,0.3442623
2,0,0.6557377,0.3442623
2,0,0.6557377,0.3442623
2,0,0.6557377,0.3442623
2,0,0.6557377,0.3442623
2,0,0.6557377,0.3442623
2,0,0.6557377,0.3442623
2,0,0.6557377,0.3442623
2,0,0.6557377,0.3442623
2,0,0.6557377,0.3442623
2,0,0.6557377,0.3442623
2,0,0.6557377,0.3442623
2,0,0.704918,0.29508197
2,0,0.704918,0.29508197
2,0,0.704918,0.29508197
2,0,0.704918,0.29508197
2,0,0.704918,0.29508197
2,0,0.704918,0.29508197
2,0,0.704918,0.29508197
2,0,0.704918,0.29508197
2,0,0.704918,0.29508197
2,0,0.704918,0.29508197
2,0,0.704918,0.29508197
2,0,0.704918,0.29508197
2,0,0.704918,0.29508197
2,0,0.704918,0.29508197
2,0,0.704918,0.29508197
2,0,0.704918,0.29508197
2,0,0.75409836,0.24590164
2,0,0.75409836,0.24590164
2,0,0.75409836,0.24590164
2,0,0.75409836,0.24590164
2,0,0.75409836,0.24590164
2,0,0.75409836,0.24590164
2,0,0.75409836,0.24590164
2,0,0.75409836,0.24590164
2,0,0.7704918,0.22950819
2,0,0.7704918,0.22950819
2,0,0.7704918,0.22950819
2,0,0.7704918,0.22950819
2,0,0.7704918,0.22950819
2,0,0.7704918,0.22950819
2,0,0.7704918,0.22950819
2,0,0.7704918,0.22950819
2,0,0.8032787,0.19672132
2,0,0.8032787,0.19672132
2,0,0.8032787,0.19672132
2,0,0.8032787,0.19672132
2,0,0.8032787,0.19672132
2,0,0.8032787,0.19672132
2,0,0.8032787,0.19672132
2,0,0.8032787,0.19672132
2,0,0.8032787,0.19672132
2,0,0.8032787,0.19672132
2,0,0.8032787,0.19672132
2,0,0.8032787,0.19672132
2,0,0.8032787,0.19672132
2,0,0.8032787,0.19672132
2,0,0.8032787,0.19672132
2,0,0.8032787,0.19672132
2,0,0.852459,0.14754099
2,0,0.852459,0.14754099
2,0,0.852459,0.14754099
2,0,0.852459,0.14754099
2,0,0.852459,0.14754099
2,0,0.852459,0.14754099
2,0,0.852459,0.14754099
2,0,0.852459,0.14754099
2,0,0.852459,0.14754099
2,0,0.852459,0.14754099
2,0,0.852459,0.14754099
2,0,0.852459,0.14754099
2,0,0.86885244,0.13114753
2,0,0.86885244,0.13114753
2,0,0.86885244,0.13114753
2,0,0.86885244,0.13114753
2,0,0.8852459,0.114754096
2,0,0.8852459,0.114754096
2,0,0.8852459,0.114754096
2,0,0.8852459,0.114754096
2,0,0.9,0.1
2,0,0.9,0.1
2,0,0.9,0.1
2,0,0.9,0.1
2,0,0.93333334,0.06666667
2,0,0.93333334,0.06666667
2,0,0.93333334,0.06666667
2,0,0.93333334,0.06666667
2,0,0.93333334,0.06666667
2,0,0.93333334,0.06666667
2,0,0.93333334,0.06666667
2,0,0.93333334,0.06666667
2,0,0.95,0.05
2,0,0.95,0.05
2,0,0.95,0.05
2,0,0.95,0.05
2,0,0.95,0.05
2,0,0.95,0.05
2,0,0.95,0.05
2,0,0.95,0.05
2,0,0.95,0.05
2,0,0.95,0.05
2,0,0.95,0.05
2,0,0.95,0.05
2,0,0.95,0.05
2,0,0.95,0.05
2,0,0.95,0.05
2,0,0.95,0.05
2,0,0.95,0.05
2,0,0.95,0.05
2,0,0.95,0.05
2,0,0.95,0.05
2,0,0.95,0.05
2,0,0.95,0.05
2,0,0.95,0.05
2,0,0.95,0.05
2,0,0.9672131,0.032786883
2,0,0.9672131,0.032786883
2,0,0.9672131,0.032786883
2,0,0.9672131,0.032786883
2,0,0.9672131,0.032786883
2,0,0.9672131,0.032786883
2,0,0.9672131,0.032786883
2,0,0.9672131,0.032786883
2,0,0.9672131,0.032786883
2,0,0.9672131,0.032786883
2,0,0.9672131,0.032786883
2,0,0.9672131,0.032786883
2,0,0.9672131,0.032786883
2,0,0.9672131,0.032786883
2,0,0.9672131,0.032786883
2,0,0.9672131,0.032786883
2,0,0.9677419,0.032258064
2,0,0.9677419,0.032258064
2,0,0.9677419,0.032258064
2,0,0.9677419,0.032258064
2,0,0.9677419,0.032258064
2,0,0.9677419,0.032258064
2,0,0.9677419,0.032258064
2,0,0.9677419,0.032258064
2,0,0.9836066,0.016393442
2,0,0.9836066,0.016393442
2,0,0.9836066,0.016393442
2,0,0.9836066,0.016393442
2,0,0.9836066,0.016393442
2,0,0.9836066,0.016393442
2,0,0.9836066,0.016393442
2,0,0.9836066,0.016393442
2,0,0.9836066,0.016393442
2,0,0.9836066,0.016393442
2,0,0.9836066,0.016393442
2,0,0.9836066,0.016393442
2,0,0.9836066,0.016393442
2,0,0.9836066,0.016393442
2,0,0.9836066,0.016393442
2,0,0.9836066,0.016393442
2,0,0.9836066,0.016393442
2,0,0.9836066,0.016393442
2,0,0.9836066,0.016393442
2,0,0.9836066,0.016393442
2,0,0.9836066,0.016393442
2,0,0.9836066,0.016393442
2,0,0.9836066,0.016393442
2,0,0.9836066,0.016393442
2,0,0.9836066,0.016393442
2,0,0.9836066,0.016393442
2,0,0.9836066,0.016393442
2,0,0.9836066,0.016393442
2,0,0.98333335,0.016666668
2,0,0.98333335,0.016666668
2,0,0.98333335,0.016666668
2,0,0.98333335,0.016666668
2,0,0.98333335,0.016666668
2,0,0.98333335,0.016666668
2,0,0.98333335,0.016666668
2,0,0.98333335,0.016666668
2,0,0.98333335,0.016666668
2,0,0.98333335,0.016666668
2,0,0.98333335,0.016666668
2,0,0.98333335,0.016666668
2,0,1.0,0.0
2,0,1.0,0.0
2,0,1.0,0.0
2,0,1.0,0.0
2,0,1.0,0.0
2,0,1.0,0.0
2,0,1.0,0.0
2,0,1.0,0.0
2,0,1.0,0.0
2,0,1.0,0.0
2,0,1.0,0.0
2,0,1.0,0.0
2,0,1.0,0.0
2,0,1.0,0.0
2,0,1.0,0.0
2,0,1.0,0.0
2,0,1.0,0.0
2,0,1.0,0.0
2,0,1.0,0.0
2,0,1.0,0.0
2,0,1.0,0.0
2,0,1.0,0.0
2,0,1.0,0.0
2,0,1.0,0.0
2,0,1.0,0.0
2,0,1.0,0.0
2,0,1.0,0.0
2,0,1.0,0.0
2,0,1.0,0.0
2,0,1.0,0.0
2,0,1.0,0.0
2,0,1.0,0.0
2,0,1.0,0.0
2,0,1.0,0.0
2,0,1.0,0.0
2,0,1.0,0.0
2,0,1.0,0.0
2,0,1.0,0.0
2,0,1.0,0.0
2,0,1.0,0.0
2,0,1.0,0.0
2,0,1.0,0.0
2,0,1.0,0.0
2,0,1.0,0.0
2,0,1.0,0.0
2,0,1.0,0.0
2,0,1.0,0.0
2,0,1.0,0.0
2,0,1.0,0.0
2,0,1.0,0.0
2,0,1.0,0.0
2,0,1.0,0.0
2,0,1.0,0.0
2,0,1.0,0.0
2,0,1.0,0.0
2,0,1.0,0.0
2,0,1.0,0.0
2,0,1.0,0.0
2,0,1.0,0.0
2,0,1.0,0.0
2,0,1.0,0.0
2,0,1.0,0.0
2,0,1.0,0.0
2,0,1.0,0.0
2,0,1.0,0.0
2,0,1.0,0.0
2,0,1.0,0.0
2,0,1.0,0.0
2,0,1.0,0.0
2,0,1.0,0.0
2,0,1.0,0.0
2,0,1.0,0.0
2,0,1.0,0.0
2,0,1.0,0.0
2,0,1.0,0.0
2,0,1.0,0.0
2,0,1.0,0.0
2,0,1.0,0.0
2,0,1.0,0.0
2,0,1.0,0.0
2,0,1.0,0.0
2,0,1.0,0.0
2,0,1.0,0.0
2,0,1.0,0.0
2,0,1.0,0.0
2,0,1.0,0.0
2,0,1.0,0.0
2,0,1.0,0.0
2,0,1.0,0.0
2,0,1.0,0.0
2,0,1.0,0.0
2,0,1.0,0.0
2,0,1.0,0.0
2,0,1.0,0.0
2,0,1.0,0.0
2,0,1.0,0.0
2,0,1.0,0.0
2,0,1.0,0.0
2,0,1.0,0.0
2,0,1.0,0.0
2,0,1.0,0.0
2,0,1.0,0.0
2,0,1.0,0.0
2,0,1.0,0.0
2,0,1.0,0.0
2,0,1.0,0.0
2,0,1.0,0.0
2,0,1.0,0.0
2,0,1.0,0.0
2,0,1.0,0.0
2,0,1.0,0.0
2,0,1.0,0.0
2,0,1.0,0.0
2,0,1.0,0.0
2,0,1.0,0.0
2,0,1.0,0.0
2,0,1.0,0.0
2,0,1.0,0.0
2,0,1.0,0.0
2,0,1.0,0.0
2,0,1.0,0.0
2,0,1.0,0.0
2,0,1.0,0.0
2,0,1.0,0.0
2,0,1.0,0.0
2,0,1.0,0.0
2,0,1.0,0.0
2,0,1.0,0.0
2,0,1.0,0.0
2,0,1.0,0.0
2,0,1.0,0.0
2,0,1.0,0.0
2,0,1.0,0.0
2,0,1.0,0.0
2,0,1.0,0.0
2,0,1.0,0.0
2,0,1.0,0.0
2,0,1.0,0.0
2,0,1.0,0.0
2,0,1.0,0.0
2,0,1.0,0.0
2,0,1.0,0.0
2,0,1.0,0.0
2,0,1.0,0.0
2,0,1.0,0.0
2,0,1.0,0.0
2,0,1.0,0.0
2,0,1.0,0.0
2,0,1.0,0.0
2,0,1.0,0.0
2,0,1.0,0.0
2,0,1.0,0.0
2,0,1.0,0.0
2,0,1.0,0.0
2,0,1.0,0.0
2,0,1.0,0.0
2,0,1.0,0.0
2,0,1.0,0.0
2,0,1.0,0.0
2,0,1.0,0.0
2,0,1.0,0.0
2,0,1.0,0.0
2,0,1.0,0.0
2,0,1.0,0.0
2,0,1.0,0.0
2,0,1.0,0.0
2,0,1.0,0.0
2,0,1.0,0.0
2,0,1.0,0.0
2,0,1.0,0.0
2,0,1.0,0.0
2,0,1.0,0.0
2,0,1.0,0.0
2,0,1.0,0.0
2,0,1.0,0.0
2,0,1.0,0.0
2,0,1.0,0.0
2,0,1.0,0.0
2,0,1.0,0.0
2,0,1.0,0.0
2,0,1.0,0.0
2,0,1.0,0.0
2,0,1.0,0.0
2,0,1.0,0.0
2,0,1.0,0.0
2,0,1.0,0.0
2,0,1.0,0.0
2,0,1.0,0.0
2,0,1.0,0.0
2,0,1.0,0.0
2,0,1.0,0.0
2,0,1.0,0.0
2,0,1.0,0.0
2,0,1.0,0.0
2,0,1.0,0.0
2,0,1.0,0.0
2,0,1.0,0.0
2,0,1.0,0.0
2,0,1.0,0.0
2,0,1.0,0.0
2,0,1.0,0.0
2,0,1.0,0.0
2,0,1.0,0.0
2,0,1.0,0.0
2,0,1.0,0.0
2,0,1.0,0.0
2,0,1.0,0.0
2,0,1.0,0.0
2,0,1.0,0.0
2,0,1.0,0.0
2,0,1.0,0.0
2,0,1.0,0.0
2,0,1.0,0.0
2,0,1.0,0.0
2,0,1.0,0.0
2,0,1.0,0.0
2,0,1.0,0.0
2,0,1.0,0.0
2,0,1.0,0.0
2,0,1.0,0.0
2,0,1.0,0.0
2,0,1.0,0.0
2,0,1.0,0.0
2,0,1.0,0.0
2,0,1.0,0.0
2,0,1.0,0.0
2,0,1.0,0.0
2,0,1.0,0.0
2,0,1.0,0.0
2,0,1.0,0.0
2,0,1.0,0.0
2,0,1.0,0.0
2,0,1.0,0.0
2,0,1.0,0.0
2,0,1.0,0.0
2,0,1.0,0.0
2,0,1.0,0.0
2,0,1.0,0.0
2,0,1.0,0.0
2,0,1.0,0.0
2,0,1.0,0.0
2,0,1.0,0.0
2,0,1.0,0.0
2,0,1.0,0.0
2,0,1.0,0.0
2,0,1.0,0.0
2,0,1.0,0.0
2,0,1.0,0.0
2,0,1.0,0.0
2,0,1.0,0.0
2,0,1.0,0.0
2,0,1.0,0.0
2,0,1.0,0.0
2,0,1.0,0.0
2,0,1.0,0.0
2,0,1.0,0.0
2,0,1.0,0.0
2,0,1.0,0.0
2,0,1.0,0.0
2,0,1.0,0.0
2,0,1.0,0.0
2,0,1.0,0.0
2,0,1.0,0.0
2,0,1.0,0.0
2,0,1.0,0.0
2,0,1.0,0.0
2,0,1.0,0.0
2,0,1.0,0.0
2,0,1.0,0.0
2,0,1.0,0.0
2,0,1.0,0.0
2,0,1.0,0.0
2,0,1.0,0.0
2,0,1.0,0.0
2,0,1.0,0.0
2,0,1.0,0.0
2,0,1.0,0.0
2,0,1.0,0.0
2,0,1.0,0.0
2,0,1.0,0.0
2,0,1.0,0.0
2,0,1.0,0.0
2,0,1.0,0.0
2,0,1.0,0.0
2,0,1.0,0.0
2,0,1.0,0.0
2,0,1.0,0.0
2,0,1.0,0.0
2,0,1.0,0.0
2,0,1.0,0.0
2,0,1.0,0.0
2,0,1.0,0.0
2,0,1.0,0.0
2,0,1.0,0.0
2,0,1.0,0.0
2,0,1.0,0.0
2,0,1.0,0.0
2,0,1.0,0.0
2,0,1.0,0.0
2,0,1.0,0.0
2,0,1.0,0.0
2,0,1.0,0.0
2,0,1.0,0.0
2,0,1.0,0.0
2,0,1.0,0.0
2,0,1.0,0.0
2,0,1.0,0.0
2,0,1.0,0.0
2,0,1.0,0.0
2,0,1.0,0.0
2,0,1.0,0.0
2,0,1.0,0.0
2,0,1.0,0.0
2,0,1.0,0.0
2,0,1.0,0.0
2,0,1.0,0.0
2,0,1.0,0.0
2,0,1.0,0.0
2,0,1.0,0.0
2,0,1.0,0.0
2,0,1.0,0.0
2,0,1.0,0.0
2,0,1.0,0.0
2,0,1.0,0.0
2,0,1.0,0.0
2,0,1.0,0.0
2,0,1.0,0.0
2,0,1.0,0.0
2,0,1.0,0.0
2,0,1.0,0.0
2,0,1.0,0.0
2,0,1.0,0.0
2,0,1.0,0.0
2,0,1.0,0.0
2,0,1.0,0.0
2,0,1.0,0.0
2,0,1.0,0.0
2,0,1.0,0.0
2,0,1.0,0.0
2,0,1.0,0.0
2,0,1.0,0.0
2,0,1.0,0.0
2,0,1.0,0.0
2,0,1.0,0.0
2,0,1.0,0.0
2,0,1.0,0.0
2,0,1.0,0.0
2,0,1.0,0.0
2,0,1.0,0.0
2,0,1.0,0.0
2,0,1.0,0.0
2,0,1.0,0.0
2,0,1.0,0.0
2,0,1.0,0.0
2,0,1.0,0.0
2,0,1.0,0.0
2,0,1.0,0.0
2,0,1.0,0.0
2,0,1.0,0.0
2,0,1.0,0.0
2,0,1.0,0.0
2,0,1.0,0.0
2,0,1.0,0.0
2,0,1.0,0.0
2,0,1.0,0.0
2,0,1.0,0.0
2,0,1.0,0.0
2,0,1.0,0.0
2,0,1.0,0.0
2,0,1.0,0.0
2,0,1.0,0.0
2,0,1.0,0.0
2,0,1.0,0.0
2,0,1.0,0.0
2,0,1.0,0.0
2,0,1.0,0.0
2,0,1.0,0.0
2,0,1.0,0.0
2,0,1.0,0.0
2,0,1.0,0.0
2,0,1.0,0.0
2,0,1.0,0.0
2,0,1.0,0.0
2,0,1.0,0.0
2,0,1.0,0.0
2,0,1.0,0.0
2,0,1.0,0.0
2,0,1.0,0.0
2,0,1.0,0.0
2,0,1.0,0.0
2,0,1.0,0.0
2,0,1.0,0.0
2,0,0.953125,0.046875
2,0,0.953125,0.046875
2,0,0.953125,0.046875
2,0,0.953125,0.046875
2,0,0.953125,0.046875
2,0,0.953125,0.046875
2,0,0.953125,0.046875
2,0,0.953125,0.046875
2,0,0.953125,0.046875
2,0,0.953125,0.046875
2,0,0.953125,0.046875
