true_label,meta_K6,meta_ratio_0,meta_ratio_1,meta_ratio_2
0,0,0.6892875,0.25411987,0.056592636
0,0,0.6892875,0.25411987,0.056592636
0,0,0.6892875,0.25411987,0.056592636
0,0,0.6892875,0.25411987,0.056592636
0,0,0.6892875,0.25411987,0.056592636
0,0,0.6892875,0.25411987,0.056592636
0,0,0.6892875,0.25411987,0.056592636
0,0,0.6892875,0.25411987,0.056592636
0,0,0.6892875,0.25411987,0.056592636
0,0,0.6892875,0.25411987,0.056592636
0,0,0.6892875,0.25411987,0.056592636
0,0,0.6892875,0.25411987,0.056592636
0,0,0.6892875,0.25411987,0.056592636
0,0,0.6892875,0.25411987,0.056592636
0,0,0.6892875,0.25411987,0.056592636
0,0,0.6892875,0.25411987,0.056592636
0,0,0.6892875,0.25411987,0.056592636
0,0,0.6892875,0.25411987,0.056592636
0,0,0.6892875,0.25411987,0.056592636
0,0,0.6892875,0.25411987,0.056592636
0,0,0.6892875,0.25411987,0.056592636
0,0,0.6892875,0.25411987,0.056592636
0,0,0.6892875,0.25411987,0.056592636
0,0,0.6892875,0.25411987,0.056592636
0,0,0.6892875,0.25411987,0.056592636
0,0,0.6892875,0.25411987,0.056592636
0,0,0.6892875,0.25411987,0.056592636
0,0,0.6892875,0.25411987,0.056592636
0,0,0.6892875,0.25411987,0.056592636
0,0,0.6892875,0.25411987,0.056592636
0,0,0.6892875,0.25411987,0.056592636
0,0,0.6892875,0.25411987,0.056592636
0,0,0.6350088,0.2541199,0.11087135
0,0,0.6350088,0.2541199,0.11087135
0,0,0.6350088,0.2541199,0.11087135
0,0,0.6350088,0.2541199,0.11087135
0,0,0.6350088,0.2541199,0.11087135
0,0,0.6350088,0.2541199,0.11087135
0,0,0.6350088,0.2541199,0.11087135
0,0,0.6350088,0.2541199,0.11087135
0,0,0.6350088,0.2541199,0.11087135
0,0,0.6350088,0.2541199,0.11087135
0,0,0.6350088,0.2541199,0.11087135
0,0,0.6350088,0.2541199,0.11087135
0,0,0.6350088,0.2541199,0.11087135
0,0,0.6350088,0.2541199,0.11087135
0,0,0.6350088,0.2541199,0.11087135
0,0,0.6350088,0.2541199,0.11087135
0,0,0.6350088,0.2541199,0.11087135
0,0,0.6350088,0.2541199,0.11087135
0,0,0.6350088,0.2541199,0.11087135
0,0,0.6350088,0.2541199,0.11087135
0,0,0.6350088,0.2541199,0.11087135
0,0,0.6350088,0.2541199,0.11087135
0,0,0.6350088,0.2541199,0.11087135
0,0,0.6350088,0.2541199,0.11087135
0,0,0.6350088,0.2541199,0.11087135
0,0,0.6350088,0.2541199,0.11087135
0,0,0.6350088,0.2541199,0.11087135
0,0,0.6350088,0.2541199,0.11087135
0,0,0.6350088,0.2541199,0.11087135
0,0,0.6350088,0.2541199,0.11087135
0,0,0.6350088,0.2541199,0.11087135
0,0,0.6350088,0.2541199,0.11087135
0,0,0.577177,0.25515178,0.16767123
0,0,0.577177,0.25515178,0.16767123
0,0,0.577177,0.25515178,0.16767123
0,0,0.577177,0.25515178,0.16767123
0,0,0.577177,0.25515178,0.16767123
0,0,0.577177,0.25515178,0.16767123
0,0,0.577177,0.25515178,0.16767123
0,0,0.577177,0.25515178,0.16767123
0,0,0.577177,0.25515178,0.16767123
0,0,0.577177,0.25515178,0.16767123
0,0,0.577177,0.25515178,0.16767123
0,0,0.577177,0.25515178,0.16767123
0,0,0.577177,0.25515178,0.16767123
0,0,0.577177,0.25515178,0.16767123
0,0,0.577177,0.25515178,0.16767123
0,0,0.577177,0.25515178,0.16767123
0,0,0.577177,0.3119517,0.11087135
0,0,0.577177,0.3119517,0.11087135
0,0,0.577177,0.3119517,0.11087135
0,0,0.577177,0.3119517,0.11087135
0,0,0.577177,0.3119517,0.11087135
0,0,0.577177,0.3119517,0.11087135
0,0,0.577177,0.3119517,0.11087135
0,0,0.577177,0.3119517,0.11087135
0,0,0.577177,0.3119517,0.11087135
0,0,0.577177,0.3119517,0.11087135
0,0,0.577177,0.3119517,0.11087135
0,0,0.577177,0.3119517,0.11087135
0,0,0.577177,0.3119517,0.11087135
0,0,0.577177,0.3119517,0.11087135
0,0,0.577177,0.3119517,0.11087135
0,0,0.577177,0.3119517,0.11087135
0,0,0.51498866,0.37414,0.110871345
0,0,0.51498866,0.37414,0.110871345
0,0,0.51498866,0.37414,0.110871345
0,0,0.51498866,0.37414,0.110871345
0,0,0.51498866,0.37414,0.110871345
0,0,0.51498866,0.37414,0.110871345
0,0,0.51498866,0.37414,0.110871345
0,0,0.51498866,0.37414,0.110871345
0,0,0.51498866,0.37414,0.110871345
0,0,0.51498866,0.37414,0.110871345
0,0,0.51498866,0.37414,0.110871345
0,0,0.51498866,0.37414,0.110871345
0,0,0.51498866,0.37414,0.110871345
0,0,0.51498866,0.37414,0.110871345
0,0,0.51498866,0.37414,0.110871345
0,0,0.51498866,0.37414,0.110871345
0,0,0.5728204,0.37058693,0.05659264
0,0,0.5728204,0.37058693,0.05659264
0,0,0.5728204,0.37058693,0.05659264
0,0,0.5728204,0.37058693,0.05659264
0,0,0.5728204,0.37058693,0.05659264
0,0,0.5728204,0.37058693,0.05659264
0,0,0.5728204,0.37058693,0.05659264
0,0,0.5728204,0.37058693,0.05659264
0,0,0.63522595,0.3081814,0.056592643
0,0,0.63522595,0.3081814,0.056592643
0,0,0.63522595,0.3081814,0.056592643
0,0,0.63522595,0.3081814,0.056592643
0,0,0.63522595,0.3081814,0.056592643
0,0,0.63522595,0.3081814,0.056592643
0,0,0.63522595,0.3081814,0.056592643
0,0,0.63522595,0.3081814,0.056592643
0,0,0.7640579,0.23594213,0.0
0,0,0.7640579,0.23594213,0.0
0,0,0.7640579,0.23594213,0.0
0,0,0.7640579,0.23594213,0.0
0,0,0.7640579,0.23594213,0.0
0,0,0.7640579,0.23594213,0.0
0,0,0.7640579,0.23594213,0.0
0,0,0.7640579,0.23594213,0.0
0,0,0.7640579,0.23594213,0.0
0,0,0.7640579,0.23594213,0.0
0,0,0.7640579,0.23594213,0.0
0,0,0.7640579,0.23594213,0.0
0,0,0.7640579,0.23594213,0.0
0,0,0.7640579,0.23594213,0.0
0,0,0.7640579,0.23594213,0.0
0,0,0.7640579,0.23594213,0.0
0,0,0.7640579,0.23594213,0.0
0,0,0.7640579,0.23594213,0.0
0,0,0.7640579,0.23594213,0.0
0,0,0.7640579,0.23594213,0.0
0,0,0.7640579,0.23594213,0.0
0,0,0.7640579,0.23594213,0.0
0,0,0.7640579,0.23594213,0.0
0,0,0.7640579,0.23594213,0.0
0,0,0.7640579,0.23594213,0.0
0,0,0.7640579,0.23594213,0.0
0,0,0.7640579,0.23594213,0.0
0,0,0.7640579,0.23594213,0.0
0,0,0.7640579,0.23594213,0.0
0,0,0.7640579,0.23594213,0.0
0,0,0.7640579,0.23594213,0.0
0,0,0.7640579,0.23594213,0.0
0,0,0.82085776,0.17914225,0.0
0,0,0.82085776,0.17914225,0.0
0,0,0.82085776,0.17914225,0.0
0,0,0.82085776,0.17914225,0.0
0,0,0.82085776,0.17914225,0.0
0,0,0.82085776,0.17914225,0.0
0,0,0.82085776,0.17914225,0.0
0,0,0.82085776,0.17914225,0.0
0,0,0.82085776,0.17914225,0.0
0,0,0.82085776,0.17914225,0.0
0,0,0.82085776,0.17914225,0.0
0,0,0.82085776,0.17914225,0.0
0,0,0.82085776,0.17914225,0.0
0,0,0.82085776,0.17914225,0.0
0,0,0.82085776,0.17914225,0.0
0,0,0.82085776,0.17914225,0.0
0,0,0.82085776,0.17914225,0.0
0,0,0.82085776,0.17914225,0.0
0,0,0.82085776,0.17914225,0.0
0,0,0.82085776,0.17914225,0.0
0,0,0.82085776,0.17914225,0.0
0,0,0.82085776,0.17914225,0.0
0,0,0.82085776,0.17914225,0.0
0,0,0.82085776,0.17914225,0.0
0,0,0.82085776,0.17914225,0.0
0,0,0.82085776,0.17914225,0.0
0,0,0.82085776,0.17914225,0.0
0,0,0.82085776,0.17914225,0.0
0,0,0.82085776,0.17914225,0.0
0,0,0.82085776,0.17914225,0.0
0,0,0.82085776,0.17914225,0.0
0,0,0.82085776,0.17914225,0.0
0,0,0.82085776,0.17914225,0.0
0,0,0.82085776,0.17914225,0.0
0,0,0.82085776,0.17914225,0.0
0,0,0.82085776,0.17914225,0.0
0,0,0.82085776,0.17914225,0.0
0,0,0.82085776,0.17914225,0.0
0,0,0.82085776,0.17914225,0.0
0,0,0.82085776,0.17914225,0.0
0,0,0.82085776,0.17914225,0.0
0,0,0.82085776,0.17914225,0.0
0,0,0.82085776,0.17914225,0.0
0,0,0.82085776,0.17914225,0.0
0,0,0.82085776,0.17914225,0.0
0,0,0.82085776,0.17914225,0.0
0,0,0.82085776,0.17914225,0.0
0,0,0.82085776,0.17914225,0.0
0,0,0.82085776,0.17914225,0.0
0,0,0.82085776,0.17914225,0.0
0,0,0.82085776,0.17914225,0.0
0,0,0.82085776,0.17914225,0.0
0,0,0.82085776,0.17914225,0.0
0,0,0.82085776,0.17914225,0.0
0,0,0.82085776,0.17914225,0.0
0,0,0.82085776,0.17914225,0.0
0,0,0.82085776,0.17914225,0.0
0,0,0.82085776,0.17914225,0.0
0,0,0.82085776,0.17914225,0.0
0,0,0.82085776,0.17914225,0.0
0,0,0.82085776,0.17914225,0.0
0,0,0.82085776,0.17914225,0.0
0,0,0.82085776,0.17914225,0.0
0,0,0.82085776,0.17914225,0.0
0,0,0.82085776,0.17914225,0.0
0,0,0.82085776,0.17914225,0.0
0,0,0.82085776,0.17914225,0.0
0,0,0.82085776,0.17914225,0.0
0,0,0.82085776,0.17914225,0.0
0,0,0.82085776,0.17914225,0.0
0,0,0.82085776,0.17914225,0.0
0,0,0.82085776,0.17914225,0.0
0,0,0.82085776,0.17914225,0.0
0,0,0.82085776,0.17914225,0.0
0,0,0.82085776,0.17914225,0.0
0,0,0.82085776,0.17914225,0.0
0,0,0.82085776,0.17914225,0.0
0,0,0.82085776,0.17914225,0.0
0,0,0.82085776,0.17914225,0.0
0,0,0.82085776,0.17914225,0.0
0,0,0.82085776,0.17914225,0.0
0,0,0.82085776,0.17914225,0.0
0,0,0.82085776,0.17914225,0.0
0,0,0.82085776,0.17914225,0.0
0,0,0.82085776,0.17914225,0.0
0,0,0.82085776,0.17914225,0.0
0,0,0.82085776,0.17914225,0.0
0,0,0.82085776,0.17914225,0.0
0,0,0.82085776,0.17914225,0.0
0,0,0.82085776,0.17914225,0.0
0,0,0.82085776,0.17914225,0.0
0,0,0.82085776,0.17914225,0.0
0,0,0.82085776,0.17914225,0.0
0,0,0.82085776,0.17914225,0.0
0,0,0.82085776,0.17914225,0.0
0,0,0.82085776,0.17914225,0.0
0,0,0.8830461,0.11695393,0.0
0,0,0.8830461,0.11695393,0.0
0,0,0.8830461,0.11695393,0.0
0,0,0.8830461,0.11695393,0.0
0,0,0.8830461,0.11695393,0.0
0,0,0.8830461,0.11695393,0.0
0,0,0.8830461,0.11695393,0.0
0,0,0.8830461,0.11695393,0.0
0,0,0.8830461,0.11695393,0.0
0,0,0.8830461,0.11695393,0.0
0,0,0.8830461,0.11695393,0.0
0,0,0.8830461,0.11695393,0.0
0,0,0.8830461,0.11695393,0.0
0,0,0.8830461,0.11695393,0.0
0,0,0.8830461,0.11695393,0.0
0,0,0.8830461,0.11695393,0.0
0,0,0.8830461,0.11695393,0.0
0,0,0.8830461,0.11695393,0.0
0,0,0.8830461,0.11695393,0.0
0,0,0.8830461,0.11695393,0.0
0,0,0.8830461,0.11695393,0.0
0,0,0.8830461,0.11695393,0.0
0,0,0.8830461,0.11695393,0.0
0,0,0.8830461,0.11695393,0.0
0,0,0.8830461,0.11695393,0.0
0,0,0.8830461,0.11695393,0.0
0,0,0.8830461,0.11695393,0.0
0,0,0.8830461,0.11695393,0.0
0,0,0.8830461,0.11695393,0.0
0,0,0.8830461,0.11695393,0.0
0,0,0.8830461,0.11695393,0.0
0,0,0.8830461,0.11695393,0.0
0,0,0.8830461,0.11695393,0.0
0,0,0.8830461,0.11695393,0.0
0,0,0.8830461,0.11695393,0.0
0,0,0.8830461,0.11695393,0.0
0,0,0.8830461,0.11695393,0.0
0,0,0.8830461,0.11695393,0.0
0,0,0.8830461,0.11695393,0.0
0,0,0.8830461,0.11695393,0.0
0,0,0.8830461,0.11695393,0.0
0,0,0.8830461,0.11695393,0.0
0,0,0.8830461,0.11695393,0.0
0,0,0.8830461,0.11695393,0.0
0,0,0.8830461,0.11695393,0.0
0,0,0.8830461,0.11695393,0.0
0,0,0.8830461,0.11695393,0.0
0,0,0.8830461,0.11695393,0.0
0,0,0.8830461,0.11695393,0.0
0,0,0.8830461,0.11695393,0.0
0,0,0.8830461,0.11695393,0.0
0,0,0.8830461,0.11695393,0.0
0,0,0.87610817,0.12389185,0.0
0,0,0.87610817,0.12389185,0.0
0,0,0.87610817,0.12389185,0.0
0,0,0.87610817,0.12389185,0.0
0,0,0.87610817,0.12389185,0.0
0,0,0.87610817,0.12389185,0.0
0,0,0.87610817,0.12389185,0.0
0,0,0.87610817,0.12389185,0.0
0,0,0.87610817,0.12389185,0.0
0,0,0.87610817,0.12389185,0.0
0,0,0.87610817,0.12389185,0.0
0,0,0.87610817,0.12389185,0.0
0,0,0.8159388,0.1840612,0.0
0,0,0.8159388,0.1840612,0.0
0,0,0.8159388,0.1840612,0.0
0,0,0.8159388,0.1840612,0.0
0,0,0.8159388,0.1840612,0.0
0,0,0.8159388,0.1840612,0.0
0,0,0.8159388,0.1840612,0.0
0,0,0.8159388,0.1840612,0.0
0,0,0.8159388,0.1840612,0.0
0,0,0.8159388,0.1840612,0.0
0,0,0.8159388,0.1840612,0.0
0,0,0.8159388,0.1840612,0.0
0,0,0.8159388,0.1840612,0.0
0,0,0.8159388,0.1840612,0.0
0,0,0.8159388,0.1840612,0.0
0,0,0.8159388,0.1840612,0.0
0,0,0.7969128,0.2030872,0.0
0,0,0.7969128,0.2030872,0.0
0,0,0.7969128,0.2030872,0.0
0,0,0.7969128,0.2030872,0.0
0,0,0.7969128,0.2030872,0.0
0,0,0.7969128,0.2030872,0.0
0,0,0.7969128,0.2030872,0.0
0,0,0.7969128,0.2030872,0.0
0,0,0.7969128,0.2030872,0.0
0,0,0.7969128,0.2030872,0.0
0,0,0.7969128,0.2030872,0.0
0,0,0.7969128,0.2030872,0.0
0,0,0.7969128,0.2030872,0.0
0,0,0.7969128,0.2030872,0.0
0,0,0.7969128,0.2030872,0.0
0,0,0.7969128,0.2030872,0.0
0,0,0.7969128,0.2030872,0.0
0,0,0.7969128,0.2030872,0.0
0,0,0.7969128,0.2030872,0.0
0,0,0.7969128,0.2030872,0.0
0,0,0.7969128,0.2030872,0.0
0,0,0.7969128,0.2030872,0.0
0,0,0.7969128,0.2030872,0.0
0,0,0.7969128,0.2030872,0.0
0,0,0.7308052,0.26919475,0.0
0,0,0.7308052,0.26919475,0.0
0,0,0.7308052,0.26919475,0.0
0,0,0.7308052,0.26919475,0.0
0,0,0.7308052,0.26919475,0.0
0,0,0.7308052,0.26919475,0.0
0,0,0.7308052,0.26919475,0.0
0,0,0.7308052,0.26919475,0.0
0,0,0.71323746,0.28676257,0.0
0,0,0.71323746,0.28676257,0.0
0,0,0.71323746,0.28676257,0.0
0,0,0.71323746,0.28676257,0.0
0,0,0.71323746,0.28676257,0.0
0,0,0.71323746,0.28676257,0.0
0,0,0.71323746,0.28676257,0.0
0,0,0.71323746,0.28676257,0.0
0,0,0.71323746,0.28676257,0.0
0,0,0.71323746,0.28676257,0.0
0,0,0.71323746,0.28676257,0.0
0,0,0.71323746,0.28676257,0.0
0,0,0.71323746,0.28676257,0.0
0,0,0.71323746,0.28676257,0.0
0,0,0.71323746,0.28676257,0.0
0,0,0.71323746,0.28676257,0.0
0,0,0.71323746,0.28676257,0.0
0,0,0.71323746,0.28676257,0.0
0,0,0.71323746,0.28676257,0.0
0,0,0.71323746,0.28676257,0.0
0,0,0.71323746,0.28676257,0.0
0,0,0.71323746,0.28676257,0.0
0,0,0.71323746,0.28676257,0.0
0,0,0.71323746,0.28676257,0.0
0,0,0.71323746,0.28676257,0.0
0,0,0.71323746,0.28676257,0.0
0,0,0.71323746,0.28676257,0.0
0,0,0.71323746,0.28676257,0.0
0,0,0.71323746,0.28676257,0.0
0,0,0.71323746,0.28676257,0.0
0,0,0.71323746,0.28676257,0.0
0,0,0.71323746,0.28676257,0.0
0,0,0.64937526,0.28676257,0.06386218
0,0,0.64937526,0.28676257,0.06386218
0,0,0.64937526,0.28676257,0.06386218
0,0,0.64937526,0.28676257,0.06386218
0,0,0.64937526,0.28676257,0.06386218
0,0,0.64937526,0.28676257,0.06386218
0,0,0.64937526,0.28676257,0.06386218
0,0,0.64937526,0.28676257,0.06386218
0,0,0.54200435,0.39792928,0.060066387
0,0,0.54200435,0.39792928,0.060066387
0,0,0.54200435,0.39792928,0.060066387
0,0,0.54200435,0.39792928,0.060066387
0,0,0.54200435,0.39792928,0.060066387
0,0,0.54200435,0.39792928,0.060066387
0,0,0.54200435,0.39792928,0.060066387
0,0,0.54200435,0.39792928,0.060066387
0,0,0.54200435,0.39792928,0.060066387
0,0,0.54200435,0.39792928,0.060066387
0,0,0.54200435,0.39792928,0.060066387
0,0,0.54200435,0.39792928,0.060066387
0,0,0.54200435,0.39792928,0.060066387
0,0,0.54200435,0.39792928,0.060066387
0,0,0.54200435,0.39792928,0.060066387
0,0,0.54200435,0.39792928,0.060066387
0,0,0.54200435,0.39792928,0.060066387
0,0,0.54200435,0.39792928,0.060066387
0,0,0.54200435,0.39792928,0.060066387
0,0,0.54200435,0.39792928,0.060066387
0,0,0.54200435,0.39792928,0.060066387
0,0,0.54200435,0.39792928,0.060066387
0,0,0.54200435,0.39792928,0.060066387
0,0,0.54200435,0.39792928,0.060066387
0,1,0.43606526,0.50734216,0.05659264
0,1,0.43606526,0.50734216,0.05659264
0,1,0.43606526,0.50734216,0.05659264
0,1,0.43606526,0.50734216,0.05659264
0,1,0.43606526,0.50734216,0.05659264
0,1,0.43606526,0.50734216,0.05659264
0,1,0.43606526,0.50734216,0.05659264
0,1,0.43606526,0.50734216,0.05659264
0,1,0.43606526,0.50734216,0.05659264
0,1,0.43606526,0.50734216,0.05659264
0,1,0.43606526,0.50734216,0.05659264
0,1,0.43606526,0.50734216,0.05659264
0,1,0.36999875,0.5734086,0.056592636
0,1,0.36999875,0.5734086,0.056592636
0,1,0.36999875,0.5734086,0.056592636
0,1,0.36999875,0.5734086,0.056592636
0,1,0.4445927,0.49881464,0.05659264
0,1,0.4445927,0.49881464,0.05659264
0,1,0.4445927,0.49881464,0.05659264
0,1,0.4445927,0.49881464,0.05659264
0,1,0.4445927,0.49881464,0.05659264
0,1,0.4445927,0.49881464,0.05659264
0,1,0.4445927,0.49881464,0.05659264
0,1,0.4445927,0.49881464,0.05659264
0,0,0.5106593,0.43274814,0.05659264
0,0,0.5106593,0.43274814,0.05659264
0,0,0.5106593,0.43274814,0.05659264
0,0,0.5106593,0.43274814,0.05659264
0,0,0.5106593,0.43274814,0.05659264
0,0,0.5106593,0.43274814,0.05659264
0,0,0.5106593,0.43274814,0.05659264
0,0,0.5106593,0.43274814,0.05659264
0,1,0.3826027,0.5608047,0.05659264
0,1,0.3826027,0.5608047,0.05659264
0,1,0.3826027,0.5608047,0.05659264
0,1,0.3826027,0.5608047,0.05659264
0,1,0.44866917,0.49473822,0.05659264
0,1,0.44866917,0.49473822,0.05659264
0,1,0.44866917,0.49473822,0.05659264
0,1,0.44866917,0.49473822,0.05659264
0,1,0.44866917,0.49473822,0.05659264
0,1,0.44866917,0.49473822,0.05659264
0,1,0.44866917,0.49473822,0.05659264
0,1,0.44866917,0.49473822,0.05659264
0,1,0.3826027,0.5608047,0.05659264
0,1,0.3826027,0.5608047,0.05659264
0,1,0.3826027,0.5608047,0.05659264
0,1,0.3826027,0.5608047,0.05659264
0,1,0.31572008,0.62768734,0.05659264
0,1,0.31572008,0.62768734,0.05659264
0,1,0.31572008,0.62768734,0.05659264
0,1,0.31572008,0.62768734,0.05659264
0,1,0.31572008,0.62768734,0.05659264
0,1,0.31572008,0.62768734,0.05659264
0,1,0.31572008,0.62768734,0.05659264
0,1,0.31572008,0.62768734,0.05659264
0,1,0.25373003,0.68967736,0.05659264
0,1,0.25373003,0.68967736,0.05659264
0,1,0.25373003,0.68967736,0.05659264
0,1,0.25373003,0.68967736,0.05659264
0,1,0.19098894,0.75241846,0.056592643
0,1,0.19098894,0.75241846,0.056592643
0,1,0.19098894,0.75241846,0.056592643
0,1,0.19098894,0.75241846,0.056592643
0,1,0.19098894,0.75241846,0.056592643
0,1,0.19098894,0.75241846,0.056592643
0,1,0.19098894,0.75241846,0.056592643
0,1,0.19098894,0.75241846,0.056592643
0,1,0.19098894,0.75241846,0.056592643
0,1,0.19098894,0.75241846,0.056592643
0,1,0.19098894,0.75241846,0.056592643
0,1,0.19098894,0.75241846,0.056592643
0,1,0.19098894,0.75241846,0.056592643
0,1,0.19098894,0.75241846,0.056592643
0,1,0.19098894,0.75241846,0.056592643
0,1,0.19098894,0.75241846,0.056592643
0,1,0.19098894,0.75241846,0.056592643
0,1,0.19098894,0.75241846,0.056592643
0,1,0.19098894,0.75241846,0.056592643
0,1,0.19098894,0.75241846,0.056592643
0,1,0.19098894,0.75241846,0.056592643
0,1,0.19098894,0.75241846,0.056592643
0,1,0.19098894,0.75241846,0.056592643
0,1,0.19098894,0.75241846,0.056592643
0,1,0.19098894,0.75241846,0.056592643
0,1,0.19098894,0.75241846,0.056592643
0,1,0.19098894,0.75241846,0.056592643
0,1,0.19098894,0.75241846,0.056592643
0,1,0.19098894,0.75241846,0.056592643
0,1,0.19098894,0.75241846,0.056592643
0,1,0.19098894,0.75241846,0.056592643
0,1,0.19098894,0.75241846,0.056592643
0,1,0.19098894,0.75241846,0.056592643
0,1,0.19098894,0.75241846,0.056592643
0,1,0.19098894,0.75241846,0.056592643
0,1,0.19098894,0.75241846,0.056592643
0,1,0.19098894,0.75241846,0.056592643
0,1,0.19098894,0.75241846,0.056592643
0,1,0.19098894,0.75241846,0.056592643
0,1,0.19098894,0.75241846,0.056592643
0,1,0.19098894,0.75241846,0.056592643
0,1,0.19098894,0.75241846,0.056592643
0,1,0.19098894,0.75241846,0.056592643
0,1,0.19098894,0.75241846,0.056592643
0,1,0.19098894,0.75241846,0.056592643
0,1,0.19098894,0.75241846,0.056592643
0,1,0.19098894,0.75241846,0.056592643
0,1,0.19098894,0.75241846,0.056592643
0,1,0.121385306,0.8220221,0.056592643
0,1,0.121385306,0.8220221,0.056592643
0,1,0.121385306,0.8220221,0.056592643
0,1,0.121385306,0.8220221,0.056592643
0,1,0.121385306,0.8220221,0.056592643
0,1,0.121385306,0.8220221,0.056592643
0,1,0.121385306,0.8220221,0.056592643
0,1,0.121385306,0.8220221,0.056592643
0,1,0.121385306,0.8220221,0.056592643
0,1,0.121385306,0.8220221,0.056592643
0,1,0.121385306,0.8220221,0.056592643
0,1,0.121385306,0.8220221,0.056592643
0,1,0.05919698,0.8220221,0.11878098
0,1,0.05919698,0.8220221,0.11878098
0,1,0.05919698,0.8220221,0.11878098
0,1,0.05919698,0.8220221,0.11878098
0,1,0.05919698,0.8220221,0.11878098
0,1,0.05919698,0.8220221,0.11878098
0,1,0.05919698,0.8220221,0.11878098
0,1,0.05919698,0.8220221,0.11878098
0,1,0.05919698,0.8220221,0.11878098
0,1,0.05919698,0.8220221,0.11878098
0,1,0.05919698,0.8220221,0.11878098
0,1,0.05919698,0.8220221,0.11878098
0,1,0.0,0.881219,0.11878096
0,1,0.0,0.881219,0.11878096
0,1,0.0,0.881219,0.11878096
0,1,0.0,0.881219,0.11878096
0,1,0.0,0.881219,0.11878096
0,1,0.0,0.881219,0.11878096
0,1,0.0,0.881219,0.11878096
0,1,0.0,0.881219,0.11878096
0,1,0.0,0.881219,0.11878096
0,1,0.0,0.881219,0.11878096
0,1,0.0,0.881219,0.11878096
0,1,0.0,0.881219,0.11878096
0,1,0.062405538,0.8188135,0.11878096
0,1,0.062405538,0.8188135,0.11878096
0,1,0.062405538,0.8188135,0.11878096
0,1,0.062405538,0.8188135,0.11878096
0,1,0.062405538,0.8188135,0.11878096
0,1,0.062405538,0.8188135,0.11878096
0,1,0.062405538,0.8188135,0.11878096
0,1,0.062405538,0.8188135,0.11878096
0,1,0.062405538,0.8188135,0.11878096
0,1,0.062405538,0.8188135,0.11878096
0,1,0.062405538,0.8188135,0.11878096
0,1,0.062405538,0.8188135,0.11878096
0,1,0.062405538,0.8188135,0.11878096
0,1,0.062405538,0.8188135,0.11878096
0,1,0.062405538,0.8188135,0.11878096
0,1,0.062405538,0.8188135,0.11878096
0,1,0.062405538,0.8188135,0.11878096
0,1,0.062405538,0.8188135,0.11878096
0,1,0.062405538,0.8188135,0.11878096
0,1,0.062405538,0.8188135,0.11878096
0,1,0.062405538,0.8188135,0.11878096
0,1,0.062405538,0.8188135,0.11878096
0,1,0.062405538,0.8188135,0.11878096
0,1,0.062405538,0.8188135,0.11878096
0,1,0.06240554,0.88100183,0.05659264
0,1,0.06240554,0.88100183,0.05659264
0,1,0.06240554,0.88100183,0.05659264
0,1,0.06240554,0.88100183,0.05659264
0,1,0.06240554,0.88100183,0.05659264
0,1,0.06240554,0.88100183,0.05659264
0,1,0.06240554,0.88100183,0.05659264
0,1,0.06240554,0.88100183,0.05659264
0,1,0.06240554,0.88100183,0.05659264
0,1,0.06240554,0.88100183,0.05659264
0,1,0.06240554,0.88100183,0.05659264
0,1,0.06240554,0.88100183,0.05659264
0,1,0.06240554,0.88100183,0.05659264
0,1,0.06240554,0.88100183,0.05659264
0,1,0.06240554,0.88100183,0.05659264
0,1,0.06240554,0.88100183,0.05659264
0,1,0.06240554,0.88100183,0.05659264
0,1,0.06240554,0.88100183,0.05659264
0,1,0.06240554,0.88100183,0.05659264
0,1,0.06240554,0.88100183,0.05659264
0,1,0.06240554,0.88100183,0.05659264
0,1,0.06240554,0.88100183,0.05659264
0,1,0.06240554,0.88100183,0.05659264
0,1,0.06240554,0.88100183,0.05659264
0,1,0.06240554,0.88100183,0.05659264
0,1,0.06240554,0.88100183,0.05659264
0,1,0.06240554,0.88100183,0.05659264
0,1,0.06240554,0.88100183,0.05659264
0,1,0.06240554,0.88100183,0.05659264
0,1,0.06240554,0.88100183,0.05659264
0,1,0.06240554,0.88100183,0.05659264
0,1,0.06240554,0.88100183,0.05659264
0,1,0.06240554,0.88100183,0.05659264
0,1,0.06240554,0.88100183,0.05659264
0,1,0.06240554,0.88100183,0.05659264
0,1,0.06240554,0.88100183,0.05659264
0,1,0.06240554,0.88100183,0.05659264
0,1,0.06240554,0.88100183,0.05659264
0,1,0.06240554,0.88100183,0.05659264
0,1,0.06240554,0.88100183,0.05659264
0,1,0.06240554,0.88100183,0.05659264
0,1,0.06240554,0.88100183,0.05659264
0,1,0.06240554,0.88100183,0.05659264
0,1,0.06240554,0.88100183,0.05659264
0,1,0.06240554,0.88100183,0.05659264
0,1,0.06240554,0.88100183,0.05659264
0,1,0.06240554,0.88100183,0.05659264
0,1,0.06240554,0.88100183,0.05659264
0,1,0.06240554,0.88100183,0.05659264
0,1,0.06240554,0.88100183,0.05659264
0,1,0.06240554,0.88100183,0.05659264
0,1,0.06240554,0.88100183,0.05659264
0,1,0.06240554,0.88100183,0.05659264
0,1,0.06240554,0.88100183,0.05659264
0,1,0.06240554,0.88100183,0.05659264
0,1,0.06240554,0.88100183,0.05659264
0,1,0.06240554,0.88100183,0.05659264
0,1,0.06240554,0.88100183,0.05659264
0,1,0.06240554,0.88100183,0.05659264
0,1,0.06240554,0.88100183,0.05659264
0,1,0.06240554,0.88100183,0.05659264
0,1,0.06240554,0.88100183,0.05659264
0,1,0.06240554,0.88100183,0.05659264
0,1,0.06240554,0.88100183,0.05659264
0,1,0.06240554,0.88100183,0.05659264
0,1,0.06240554,0.88100183,0.05659264
0,1,0.06240554,0.88100183,0.05659264
0,1,0.06240554,0.88100183,0.05659264
0,1,0.06240554,0.88100183,0.05659264
0,1,0.06240554,0.88100183,0.05659264
0,1,0.06240554,0.88100183,0.05659264
0,1,0.06240554,0.88100183,0.05659264
0,1,0.06240554,0.88100183,0.05659264
0,1,0.06240554,0.88100183,0.05659264
0,1,0.06240554,0.88100183,0.05659264
0,1,0.06240554,0.88100183,0.05659264
0,1,0.06240554,0.88100183,0.05659264
0,1,0.06240554,0.88100183,0.05659264
0,1,0.06240554,0.88100183,0.05659264
0,1,0.06240554,0.88100183,0.05659264
0,1,0.06240554,0.88100183,0.05659264
0,1,0.06240554,0.88100183,0.05659264
0,1,0.06240554,0.88100183,0.05659264
0,1,0.06240554,0.88100183,0.05659264
0,1,0.06240554,0.88100183,0.05659264
0,1,0.06240554,0.88100183,0.05659264
0,1,0.06240554,0.88100183,0.05659264
0,1,0.06240554,0.88100183,0.05659264
0,1,0.06240554,0.88100183,0.05659264
0,1,0.06240554,0.88100183,0.05659264
0,1,0.06240554,0.88100183,0.05659264
0,1,0.06240554,0.88100183,0.05659264
0,1,0.06240554,0.88100183,0.05659264
0,1,0.06240554,0.88100183,0.05659264
0,1,0.06240554,0.88100183,0.05659264
0,1,0.06240554,0.88100183,0.05659264
0,1,0.06240554,0.88100183,0.05659264
0,1,0.06240554,0.88100183,0.05659264
0,1,0.06240554,0.88100183,0.05659264
0,1,0.06240554,0.88100183,0.05659264
0,1,0.06240554,0.88100183,0.05659264
0,1,0.06240554,0.88100183,0.05659264
0,1,0.06240554,0.88100183,0.05659264
0,1,0.06240554,0.88100183,0.05659264
0,1,0.06240554,0.88100183,0.05659264
0,1,0.06240554,0.88100183,0.05659264
0,1,0.06240554,0.88100183,0.05659264
0,1,0.06240554,0.88100183,0.05659264
0,1,0.06240554,0.88100183,0.05659264
0,1,0.06240554,0.88100183,0.05659264
0,1,0.06240554,0.88100183,0.05659264
0,1,0.06240554,0.88100183,0.05659264
0,1,0.06240554,0.88100183,0.05659264
0,1,0.06240554,0.88100183,0.05659264
0,1,0.06240554,0.88100183,0.05659264
0,1,0.06240554,0.88100183,0.05659264
0,1,0.06240554,0.88100183,0.05659264
0,1,0.06240554,0.88100183,0.05659264
0,1,0.06240554,0.88100183,0.05659264
0,1,0.06240554,0.88100183,0.05659264
0,1,0.0,0.94340736,0.05659264
0,1,0.0,0.94340736,0.05659264
0,1,0.0,0.94340736,0.05659264
0,1,0.0,0.94340736,0.05659264
0,1,0.0,0.94340736,0.05659264
0,1,0.0,0.94340736,0.05659264
0,1,0.0,0.94340736,0.05659264
0,1,0.0,0.94340736,0.05659264
0,1,0.0,0.94340736,0.05659264
0,1,0.0,0.94340736,0.05659264
0,1,0.0,0.94340736,0.05659264
0,1,0.0,0.94340736,0.05659264
0,1,0.0,0.94340736,0.05659264
0,1,0.0,0.94340736,0.05659264
0,1,0.0,0.94340736,0.05659264
0,1,0.0,0.94340736,0.05659264
0,1,0.0,0.94340736,0.05659264
0,1,0.0,0.94340736,0.05659264
0,1,0.0,0.94340736,0.05659264
0,1,0.0,0.94340736,0.05659264
0,1,0.0,0.94340736,0.05659264
0,1,0.0,0.94340736,0.05659264
0,1,0.0,0.94340736,0.05659264
0,1,0.0,0.94340736,0.05659264
0,1,0.0,0.94340736,0.05659264
0,1,0.0,0.94340736,0.05659264
0,1,0.0,0.94340736,0.05659264
0,1,0.0,0.94340736,0.05659264
0,1,0.0,0.94340736,0.05659264
0,1,0.0,0.94340736,0.05659264
0,1,0.0,0.94340736,0.05659264
0,1,0.0,0.94340736,0.05659264
0,1,0.0,0.94340736,0.05659264
0,1,0.0,0.94340736,0.05659264
0,1,0.0,0.94340736,0.05659264
0,1,0.0,0.94340736,0.05659264
0,1,0.0,0.94340736,0.05659264
0,1,0.0,0.94340736,0.05659264
0,1,0.0,0.94340736,0.05659264
0,1,0.0,0.94340736,0.05659264
0,1,0.0,0.94340736,0.05659264
0,1,0.0,0.94340736,0.05659264
0,1,0.0,0.94340736,0.05659264
0,1,0.0,0.94340736,0.05659264
0,1,0.0,0.94340736,0.05659264
0,1,0.0,0.94340736,0.05659264
0,1,0.0,0.94340736,0.05659264
0,1,0.0,0.94340736,0.05659264
0,1,0.0,0.94340736,0.05659264
0,1,0.0,0.94340736,0.05659264
0,1,0.0,0.94340736,0.05659264
0,1,0.0,0.94340736,0.05659264
0,1,0.0,0.94340736,0.05659264
0,1,0.0,0.94340736,0.05659264
0,1,0.0,0.94340736,0.05659264
0,1,0.0,0.94340736,0.05659264
0,1,0.0,0.94340736,0.05659264
0,1,0.0,0.94340736,0.05659264
0,1,0.0,0.94340736,0.05659264
0,1,0.0,0.94340736,0.05659264
0,1,0.0,0.94340736,0.05659264
0,1,0.0,0.94340736,0.05659264
0,1,0.0,0.94340736,0.05659264
0,1,0.0,0.94340736,0.05659264
0,1,0.0,0.94340736,0.05659264
0,1,0.0,0.94340736,0.05659264
0,1,0.0,0.94340736,0.05659264
0,1,0.0,0.94340736,0.05659264
0,1,0.0,0.94340736,0.05659264
0,1,0.0,0.94340736,0.05659264
0,1,0.0,0.94340736,0.05659264
0,1,0.0,0.94340736,0.05659264
0,1,0.0,0.94340736,0.05659264
0,1,0.0,0.94340736,0.05659264
0,1,0.0,0.94340736,0.05659264
0,1,0.0,0.94340736,0.05659264
0,1,0.0,0.94340736,0.05659264
0,1,0.0,0.94340736,0.05659264
0,1,0.0,0.94340736,0.05659264
0,1,0.0,0.94340736,0.05659264
0,1,0.0,0.94340736,0.05659264
0,1,0.0,0.94340736,0.05659264
0,1,0.0,0.94340736,0.05659264
0,1,0.0,0.94340736,0.05659264
0,1,0.0,0.94340736,0.05659264
0,1,0.0,0.94340736,0.05659264
0,1,0.0,0.94340736,0.05659264
0,1,0.0,0.94340736,0.05659264
0,1,0.0,0.94340736,0.05659264
0,1,0.0,0.94340736,0.05659264
0,1,0.0,0.94340736,0.05659264
0,1,0.0,0.94340736,0.05659264
0,1,0.0,0.94340736,0.05659264
0,1,0.0,0.94340736,0.05659264
0,1,0.0,0.94340736,0.05659264
0,1,0.0,0.94340736,0.05659264
0,1,0.0,0.94340736,0.05659264
0,1,0.0,0.94340736,0.05659264
0,1,0.0,0.94340736,0.05659264
0,1,0.0,0.94340736,0.05659264
0,1,0.0,0.94340736,0.05659264
0,1,0.0,0.94340736,0.05659264
0,1,0.0,0.94340736,0.05659264
0,1,0.0,0.94340736,0.05659264
0,1,0.0,0.94340736,0.05659264
0,1,0.0,0.94340736,0.05659264
0,1,0.0,0.94340736,0.05659264
0,1,0.0,0.94340736,0.05659264
0,1,0.0,0.94340736,0.05659264
0,1,0.0,0.94340736,0.05659264
0,1,0.0,0.94340736,0.05659264
0,1,0.0,0.94340736,0.05659264
0,1,0.0,0.94340736,0.05659264
0,1,0.0,0.94340736,0.05659264
0,1,0.0,0.94340736,0.05659264
0,1,0.0,0.94340736,0.05659264
0,1,0.0,0.94340736,0.05659264
0,1,0.0,0.94340736,0.05659264
0,1,0.0,0.94340736,0.05659264
0,1,0.0,0.94340736,0.05659264
0,1,0.0,0.94340736,0.05659264
0,1,0.0,0.94340736,0.05659264
0,1,0.0,0.94340736,0.05659264
0,1,0.0,0.94340736,0.05659264
0,1,0.0,0.87380373,0.12619625
0,1,0.0,0.87380373,0.12619625
0,1,0.0,0.87380373,0.12619625
0,1,0.0,0.87380373,0.12619625
0,1,0.0,0.87380373,0.12619625
0,1,0.0,0.87380373,0.12619625
0,1,0.0,0.87380373,0.12619625
0,1,0.0,0.87380373,0.12619625
0,1,0.0,0.87380373,0.12619625
0,1,0.0,0.87380373,0.12619625
0,1,0.0,0.87380373,0.12619625
0,1,0.0,0.87380373,0.12619625
0,1,0.0,0.87380373,0.12619625
0,1,0.0,0.87380373,0.12619625
0,1,0.0,0.87380373,0.12619625
0,1,0.0,0.87380373,0.12619625
0,1,0.0,0.87380373,0.12619625
0,1,0.0,0.87380373,0.12619625
0,1,0.0,0.87380373,0.12619625
0,1,0.0,0.87380373,0.12619625
0,1,0.056799892,0.75432867,0.18887149
0,1,0.056799892,0.75432867,0.18887149
0,1,0.056799892,0.75432867,0.18887149
0,1,0.056799892,0.75432867,0.18887149
0,1,0.056799892,0.75432867,0.18887149
0,1,0.056799892,0.75432867,0.18887149
0,1,0.056799892,0.75432867,0.18887149
0,1,0.056799892,0.75432867,0.18887149
0,1,0.056799892,0.75432867,0.18887149
0,1,0.056799892,0.75432867,0.18887149
0,1,0.056799892,0.75432867,0.18887149
0,1,0.056799892,0.75432867,0.18887149
0,1,0.056799892,0.75432867,0.18887149
0,1,0.056799892,0.75432867,0.18887149
0,1,0.056799892,0.75432867,0.18887149
0,1,0.056799892,0.75432867,0.18887149
0,1,0.056799892,0.75432867,0.18887149
0,1,0.056799892,0.75432867,0.18887149
0,1,0.056799892,0.75432867,0.18887149
0,1,0.056799892,0.75432867,0.18887149
0,1,0.056799892,0.75432867,0.18887149
0,1,0.056799892,0.75432867,0.18887149
0,1,0.056799892,0.75432867,0.18887149
0,1,0.056799892,0.75432867,0.18887149
0,1,0.056799892,0.75432867,0.18887149
0,1,0.056799892,0.75432867,0.18887149
0,1,0.056799892,0.75432867,0.18887149
0,1,0.056799892,0.75432867,0.18887149
0,1,0.056799892,0.75432867,0.18887149
0,1,0.056799892,0.75432867,0.18887149
0,1,0.056799892,0.75432867,0.18887149
0,1,0.056799892,0.75432867,0.18887149
0,1,0.056799885,0.6820894,0.2611107
0,1,0.056799885,0.6820894,0.2611107
0,1,0.056799885,0.6820894,0.2611107
0,1,0.056799885,0.6820894,0.2611107
0,1,0.056799885,0.6820894,0.2611107
0,1,0.056799885,0.6820894,0.2611107
0,1,0.056799885,0.6820894,0.2611107
0,1,0.056799885,0.6820894,0.2611107
0,1,0.056799885,0.6820894,0.2611107
0,1,0.056799885,0.6820894,0.2611107
0,1,0.056799885,0.6820894,0.2611107
0,1,0.056799885,0.6820894,0.2611107
0,1,0.056799885,0.6820894,0.2611107
0,1,0.056799885,0.6820894,0.2611107
0,1,0.056799885,0.6820894,0.2611107
0,1,0.056799885,0.6820894,0.2611107
0,1,0.056799885,0.6820894,0.2611107
0,1,0.056799885,0.6820894,0.2611107
0,1,0.056799885,0.6820894,0.2611107
0,1,0.056799885,0.6820894,0.2611107
0,1,0.056799885,0.6820894,0.2611107
0,1,0.056799885,0.6820894,0.2611107
0,1,0.056799885,0.6820894,0.2611107
0,1,0.056799885,0.6820894,0.2611107
0,1,0.056799885,0.6820894,0.2611107
0,1,0.056799885,0.6820894,0.2611107
0,1,0.056799885,0.6820894,0.2611107
0,1,0.056799885,0.6820894,0.2611107
0,1,0.056799885,0.6820894,0.2611107
0,1,0.056799885,0.6820894,0.2611107
0,1,0.056799885,0.6820894,0.2611107
0,1,0.056799885,0.6820894,0.2611107
0,1,0.056799892,0.75432867,0.18887149
0,1,0.056799892,0.75432867,0.18887149
0,1,0.056799892,0.75432867,0.18887149
0,1,0.056799892,0.75432867,0.18887149
0,1,0.056799892,0.75432867,0.18887149
0,1,0.056799892,0.75432867,0.18887149
0,1,0.056799892,0.75432867,0.18887149
0,1,0.056799892,0.75432867,0.18887149
0,1,0.056799892,0.75432867,0.18887149
0,1,0.056799892,0.75432867,0.18887149
0,1,0.056799892,0.75432867,0.18887149
0,1,0.056799892,0.75432867,0.18887149
0,1,0.056799892,0.75432867,0.18887149
0,1,0.056799892,0.75432867,0.18887149
0,1,0.056799892,0.75432867,0.18887149
0,1,0.056799892,0.75432867,0.18887149
0,1,0.0,0.6964969,0.30350316
0,1,0.0,0.6964969,0.30350316
0,1,0.0,0.6964969,0.30350316
0,1,0.0,0.6964969,0.30350316
0,1,0.0,0.6964969,0.30350316
0,1,0.0,0.6964969,0.30350316
0,1,0.0,0.6964969,0.30350316
0,1,0.0,0.6964969,0.30350316
0,1,0.0,0.6964969,0.30350316
0,1,0.0,0.6964969,0.30350316
0,1,0.0,0.6964969,0.30350316
0,1,0.0,0.6964969,0.30350316
0,1,0.0,0.6964969,0.30350316
0,1,0.0,0.6964969,0.30350316
0,1,0.0,0.6964969,0.30350316
0,1,0.0,0.6964969,0.30350316
0,1,0.0,0.6964969,0.30350316
0,1,0.0,0.6964969,0.30350316
0,1,0.0,0.6964969,0.30350316
0,1,0.0,0.6964969,0.30350316
0,1,0.0,0.6964969,0.30350316
0,1,0.0,0.6964969,0.30350316
0,1,0.0,0.6964969,0.30350316
0,1,0.0,0.6964969,0.30350316
0,1,0.0,0.6964969,0.30350316
0,1,0.0,0.6964969,0.30350316
0,1,0.0,0.6964969,0.30350316
0,1,0.0,0.6964969,0.30350316
0,1,0.0,0.6964969,0.30350316
0,1,0.0,0.6964969,0.30350316
0,1,0.0,0.6964969,0.30350316
0,1,0.0,0.6964969,0.30350316
0,1,0.06479657,0.6317003,0.30350313
0,1,0.06479657,0.6317003,0.30350313
0,1,0.06479657,0.6317003,0.30350313
0,1,0.06479657,0.6317003,0.30350313
0,1,0.06479657,0.6317003,0.30350313
0,1,0.06479657,0.6317003,0.30350313
0,1,0.06479657,0.6317003,0.30350313
0,1,0.06479657,0.6317003,0.30350313
0,1,0.13440019,0.6317003,0.2338995
0,1,0.13440019,0.6317003,0.2338995
0,1,0.13440019,0.6317003,0.2338995
0,1,0.13440019,0.6317003,0.2338995
0,1,0.13440019,0.6317003,0.2338995
0,1,0.13440019,0.6317003,0.2338995
0,1,0.13440019,0.6317003,0.2338995
0,1,0.13440019,0.6317003,0.2338995
0,1,0.13440019,0.6317003,0.2338995
0,1,0.13440019,0.6317003,0.2338995
0,1,0.13440019,0.6317003,0.2338995
0,1,0.13440019,0.6317003,0.2338995
0,1,0.13440019,0.6317003,0.2338995
0,1,0.13440019,0.6317003,0.2338995
0,1,0.13440019,0.6317003,0.2338995
0,1,0.13440019,0.6317003,0.2338995
1,1,0.13440019,0.6317003,0.2338995
1,1,0.13440019,0.6317003,0.2338995
1,1,0.13440019,0.6317003,0.2338995
1,1,0.13440019,0.6317003,0.2338995
1,1,0.13440019,0.6317003,0.2338995
1,1,0.13440019,0.6317003,0.2338995
1,1,0.13440019,0.6317003,0.2338995
1,1,0.13440019,0.6317003,0.2338995
1,1,0.24467877,0.52142173,0.23389952
1,1,0.24467877,0.52142173,0.23389952
1,1,0.24467877,0.52142173,0.23389952
1,1,0.24467877,0.52142173,0.23389952
1,1,0.24467877,0.52142173,0.23389952
1,1,0.24467877,0.52142173,0.23389952
1,1,0.24467877,0.52142173,0.23389952
1,1,0.24467877,0.52142173,0.23389952
1,1,0.24467877,0.52142173,0.23389952
1,1,0.24467877,0.52142173,0.23389952
1,1,0.24467877,0.52142173,0.23389952
1,1,0.24467877,0.52142173,0.23389952
1,1,0.36661685,0.39948368,0.23389953
1,1,0.36661685,0.39948368,0.23389953
1,1,0.36661685,0.39948368,0.23389953
1,1,0.36661685,0.39948368,0.23389953
1,1,0.36661685,0.39948368,0.23389953
1,1,0.36661685,0.39948368,0.23389953
1,1,0.36661685,0.39948368,0.23389953
1,1,0.36661685,0.39948368,0.23389953
1,1,0.36661685,0.39948368,0.23389953
1,1,0.36661685,0.39948368,0.23389953
1,1,0.36661685,0.39948368,0.23389953
1,1,0.36661685,0.39948368,0.23389953
1,0,0.49101245,0.27508807,0.23389953
1,0,0.49101245,0.27508807,0.23389953
1,0,0.49101245,0.27508807,0.23389953
1,0,0.49101245,0.27508807,0.23389953
1,0,0.49101245,0.27508807,0.23389953
1,0,0.49101245,0.27508807,0.23389953
1,0,0.49101245,0.27508807,0.23389953
1,0,0.49101245,0.27508807,0.23389953
1,0,0.6895047,0.13442758,0.17606775
1,0,0.6895047,0.13442758,0.17606775
1,0,0.6895047,0.13442758,0.17606775
1,0,0.6895047,0.13442758,0.17606775
1,0,0.6895047,0.13442758,0.17606775
1,0,0.6895047,0.13442758,0.17606775
1,0,0.6895047,0.13442758,0.17606775
1,0,0.6895047,0.13442758,0.17606775
1,0,0.6895047,0.13442758,0.17606775
1,0,0.6895047,0.13442758,0.17606775
1,0,0.6895047,0.13442758,0.17606775
1,0,0.6895047,0.13442758,0.17606775
1,0,0.6895047,0.13442758,0.17606775
1,0,0.6895047,0.13442758,0.17606775
1,0,0.6895047,0.13442758,0.17606775
1,0,0.6895047,0.13442758,0.17606775
1,0,0.8028972,0.13442755,0.06267521
1,0,0.8028972,0.13442755,0.06267521
1,0,0.8028972,0.13442755,0.06267521
1,0,0.8028972,0.13442755,0.06267521
1,0,0.8028972,0.13442755,0.06267521
1,0,0.8028972,0.13442755,0.06267521
1,0,0.8028972,0.13442755,0.06267521
1,0,0.8028972,0.13442755,0.06267521
1,0,0.8028972,0.13442755,0.06267521
1,0,0.8028972,0.13442755,0.06267521
1,0,0.8028972,0.13442755,0.06267521
1,0,0.8028972,0.13442755,0.06267521
1,0,0.8028972,0.13442755,0.06267521
1,0,0.8028972,0.13442755,0.06267521
1,0,0.8028972,0.13442755,0.06267521
1,0,0.8028972,0.13442755,0.06267521
1,0,0.8028972,0.13442755,0.06267521
1,0,0.8028972,0.13442755,0.06267521
1,0,0.8028972,0.13442755,0.06267521
1,0,0.8028972,0.13442755,0.06267521
1,0,0.8028972,0.13442755,0.06267521
1,0,0.8028972,0.13442755,0.06267521
1,0,0.8028972,0.13442755,0.06267521
1,0,0.8028972,0.13442755,0.06267521
1,0,0.8028972,0.13442755,0.06267521
1,0,0.8028972,0.13442755,0.06267521
1,0,0.8028972,0.13442755,0.06267521
1,0,0.8028972,0.13442755,0.06267521
1,0,0.8028972,0.13442755,0.06267521
1,0,0.8028972,0.13442755,0.06267521
1,0,0.8028972,0.13442755,0.06267521
1,0,0.8028972,0.13442755,0.06267521
1,0,0.8028972,0.13442755,0.06267521
1,0,0.8028972,0.13442755,0.06267521
1,0,0.8028972,0.13442755,0.06267521
1,0,0.8028972,0.13442755,0.06267521
1,0,0.8028972,0.13442755,0.06267521
1,0,0.8028972,0.13442755,0.06267521
1,0,0.8028972,0.13442755,0.06267521
1,0,0.8028972,0.13442755,0.06267521
1,0,0.86508554,0.072239235,0.062675215
1,0,0.86508554,0.072239235,0.062675215
1,0,0.86508554,0.072239235,0.062675215
1,0,0.86508554,0.072239235,0.062675215
1,0,0.86508554,0.072239235,0.062675215
1,0,0.86508554,0.072239235,0.062675215
1,0,0.86508554,0.072239235,0.062675215
1,0,0.86508554,0.072239235,0.062675215
1,0,0.86508554,0.072239235,0.062675215
1,0,0.86508554,0.072239235,0.062675215
1,0,0.86508554,0.072239235,0.062675215
1,0,0.86508554,0.072239235,0.062675215
1,0,0.86508554,0.072239235,0.062675215
1,0,0.86508554,0.072239235,0.062675215
1,0,0.86508554,0.072239235,0.062675215
1,0,0.86508554,0.072239235,0.062675215
1,0,0.86508554,0.072239235,0.062675215
1,0,0.86508554,0.072239235,0.062675215
1,0,0.86508554,0.072239235,0.062675215
1,0,0.86508554,0.072239235,0.062675215
1,0,0.86508554,0.072239235,0.062675215
1,0,0.86508554,0.072239235,0.062675215
1,0,0.86508554,0.072239235,0.062675215
1,0,0.86508554,0.072239235,0.062675215
1,0,0.86508554,0.072239235,0.062675215
1,0,0.86508554,0.072239235,0.062675215
1,0,0.86508554,0.072239235,0.062675215
1,0,0.86508554,0.072239235,0.062675215
1,0,0.86508554,0.072239235,0.062675215
1,0,0.86508554,0.072239235,0.062675215
1,0,0.86508554,0.072239235,0.062675215
1,0,0.86508554,0.072239235,0.062675215
1,0,0.86508554,0.072239235,0.062675215
1,0,0.86508554,0.072239235,0.062675215
1,0,0.86508554,0.072239235,0.062675215
1,0,0.86508554,0.072239235,0.062675215
1,0,0.86508554,0.072239235,0.062675215
1,0,0.86508554,0.072239235,0.062675215
1,0,0.86508554,0.072239235,0.062675215
1,0,0.86508554,0.072239235,0.062675215
1,0,0.93732476,0.0,0.062675215
1,0,0.93732476,0.0,0.062675215
1,0,0.93732476,0.0,0.062675215
1,0,0.93732476,0.0,0.062675215
1,0,0.93732476,0.0,0.062675215
1,0,0.93732476,0.0,0.062675215
1,0,0.93732476,0.0,0.062675215
1,0,0.93732476,0.0,0.062675215
1,0,0.93732476,0.0,0.062675215
1,0,0.93732476,0.0,0.062675215
1,0,0.93732476,0.0,0.062675215
1,0,0.93732476,0.0,0.062675215
1,0,0.93732476,0.0,0.062675215
1,0,0.93732476,0.0,0.062675215
1,0,0.93732476,0.0,0.062675215
1,0,0.93732476,0.0,0.062675215
1,0,0.93732476,0.0,0.062675215
1,0,0.93732476,0.0,0.062675215
1,0,0.93732476,0.0,0.062675215
1,0,0.93732476,0.0,0.062675215
1,0,0.93732476,0.0,0.062675215
1,0,0.93732476,0.0,0.062675215
1,0,0.93732476,0.0,0.062675215
1,0,0.93732476,0.0,0.062675215
1,0,0.93732476,0.0,0.062675215
1,0,0.93732476,0.0,0.062675215
1,0,0.93732476,0.0,0.062675215
1,0,0.93732476,0.0,0.062675215
1,0,0.93732476,0.0,0.062675215
1,0,0.93732476,0.0,0.062675215
1,0,0.93732476,0.0,0.062675215
1,0,0.93732476,0.0,0.062675215
1,0,0.8807322,0.0,0.11926785
1,0,0.8807322,0.0,0.11926785
1,0,0.8807322,0.0,0.11926785
1,0,0.8807322,0.0,0.11926785
1,0,0.8807322,0.0,0.11926785
1,0,0.8807322,0.0,0.11926785
1,0,0.8807322,0.0,0.11926785
1,0,0.8807322,0.0,0.11926785
1,0,0.8807322,0.0,0.11926785
1,0,0.8807322,0.0,0.11926785
1,0,0.8807322,0.0,0.11926785
1,0,0.8807322,0.0,0.11926785
1,0,0.8807322,0.0,0.11926785
1,0,0.8807322,0.0,0.11926785
1,0,0.8807322,0.0,0.11926785
1,0,0.8807322,0.0,0.11926785
1,0,0.8807322,0.0,0.11926785
1,0,0.8807322,0.0,0.11926785
1,0,0.8807322,0.0,0.11926785
1,0,0.8807322,0.0,0.11926785
1,0,0.8807322,0.0,0.11926785
1,0,0.8807322,0.0,0.11926785
1,0,0.8807322,0.0,0.11926785
1,0,0.8807322,0.0,0.11926785
1,0,0.8807322,0.0,0.11926785
1,0,0.8807322,0.0,0.11926785
1,0,0.8807322,0.0,0.11926785
1,0,0.8807322,0.0,0.11926785
1,0,0.8807322,0.0,0.11926785
1,0,0.8807322,0.0,0.11926785
1,0,0.8807322,0.0,0.11926785
1,0,0.8807322,0.0,0.11926785
1,0,0.7013039,0.0,0.29869607
1,0,0.7013039,0.0,0.29869607
1,0,0.7013039,0.0,0.29869607
1,0,0.7013039,0.0,0.29869607
1,0,0.7013039,0.0,0.29869607
1,0,0.7013039,0.0,0.29869607
1,0,0.7013039,0.0,0.29869607
1,0,0.7013039,0.0,0.29869607
1,0,0.7013039,0.0,0.29869607
1,0,0.7013039,0.0,0.29869607
1,0,0.7013039,0.0,0.29869607
1,0,0.7013039,0.0,0.29869607
1,0,0.57936585,0.0,0.42063418
1,0,0.57936585,0.0,0.42063418
1,0,0.57936585,0.0,0.42063418
1,0,0.57936585,0.0,0.42063418
1,0,0.57936585,0.0,0.42063418
1,0,0.57936585,0.0,0.42063418
1,0,0.57936585,0.0,0.42063418
1,0,0.57936585,0.0,0.42063418
1,0,0.57936585,0.0,0.42063418
1,0,0.57936585,0.0,0.42063418
1,0,0.57936585,0.0,0.42063418
1,0,0.57936585,0.0,0.42063418
1,2,0.45518744,0.0,0.54481256
1,2,0.45518744,0.0,0.54481256
1,2,0.45518744,0.0,0.54481256
1,2,0.45518744,0.0,0.54481256
1,2,0.45518744,0.0,0.54481256
1,2,0.45518744,0.0,0.54481256
1,2,0.45518744,0.0,0.54481256
1,2,0.45518744,0.0,0.54481256
1,2,0.24228773,0.0,0.7577123
1,2,0.24228773,0.0,0.7577123
1,2,0.24228773,0.0,0.7577123
1,2,0.24228773,0.0,0.7577123
1,2,0.24228773,0.0,0.7577123
1,2,0.24228773,0.0,0.7577123
1,2,0.24228773,0.0,0.7577123
1,2,0.24228773,0.0,0.7577123
1,2,0.24228773,0.0,0.7577123
1,2,0.24228773,0.0,0.7577123
1,2,0.24228773,0.0,0.7577123
1,2,0.24228773,0.0,0.7577123
1,2,0.24228773,0.0,0.7577123
1,2,0.24228773,0.0,0.7577123
1,2,0.24228773,0.0,0.7577123
1,2,0.24228773,0.0,0.7577123
1,2,0.13200915,0.0,0.86799085
1,2,0.13200915,0.0,0.86799085
1,2,0.13200915,0.0,0.86799085
1,2,0.13200915,0.0,0.86799085
1,2,0.062405538,0.0,0.9375945
1,2,0.062405538,0.0,0.9375945
1,2,0.062405538,0.0,0.9375945
1,2,0.062405538,0.0,0.9375945
1,2,0.062405538,0.0,0.9375945
1,2,0.062405538,0.0,0.9375945
1,2,0.062405538,0.0,0.9375945
1,2,0.062405538,0.0,0.9375945
1,2,0.062405538,0.0,0.9375945
1,2,0.062405538,0.0,0.9375945
1,2,0.062405538,0.0,0.9375945
1,2,0.062405538,0.0,0.9375945
1,2,0.062405538,0.0,0.9375945
1,2,0.062405538,0.0,0.9375945
1,2,0.062405538,0.0,0.9375945
1,2,0.062405538,0.0,0.9375945
1,2,0.062405538,0.0,0.9375945
1,2,0.062405538,0.0,0.9375945
1,2,0.062405538,0.0,0.9375945
1,2,0.062405538,0.0,0.9375945
1,2,0.062405538,0.0,0.9375945
1,2,0.062405538,0.0,0.9375945
1,2,0.062405538,0.0,0.9375945
1,2,0.062405538,0.0,0.9375945
1,2,0.062405538,0.0,0.9375945
1,2,0.062405538,0.0,0.9375945
1,2,0.062405538,0.0,0.9375945
1,2,0.062405538,0.0,0.9375945
1,2,0.062405538,0.0,0.9375945
1,2,0.062405538,0.0,0.9375945
1,2,0.062405538,0.0,0.9375945
1,2,0.062405538,0.0,0.9375945
1,2,0.062405538,0.0,0.9375945
1,2,0.062405538,0.0,0.9375945
1,2,0.062405538,0.0,0.9375945
1,2,0.062405538,0.0,0.9375945
1,2,0.062405538,0.0,0.9375945
1,2,0.062405538,0.0,0.9375945
1,2,0.062405538,0.0,0.9375945
1,2,0.062405538,0.0,0.9375945
1,2,0.062405538,0.0,0.9375945
1,2,0.062405538,0.0,0.9375945
1,2,0.062405538,0.0,0.9375945
1,2,0.062405538,0.0,0.9375945
1,2,0.0,0.0,1.0
1,2,0.0,0.0,1.0
1,2,0.0,0.0,1.0
1,2,0.0,0.0,1.0
1,2,0.0,0.0,1.0
1,2,0.0,0.0,1.0
1,2,0.0,0.0,1.0
1,2,0.0,0.0,1.0
1,2,0.0,0.0,1.0
1,2,0.0,0.0,1.0
1,2,0.0,0.0,1.0
1,2,0.0,0.0,1.0
1,2,0.0,0.0,1.0
1,2,0.0,0.0,1.0
1,2,0.0,0.0,1.0
1,2,0.0,0.0,1.0
1,2,0.0,0.0,1.0
1,2,0.0,0.0,1.0
1,2,0.0,0.0,1.0
1,2,0.0,0.0,1.0
1,2,0.0,0.0,1.0
1,2,0.0,0.0,1.0
1,2,0.0,0.0,1.0
1,2,0.0,0.0,1.0
1,2,0.0,0.0,1.0
1,2,0.0,0.0,1.0
1,2,0.0,0.0,1.0
1,2,0.0,0.0,1.0
1,2,0.0,0.0,1.0
1,2,0.0,0.0,1.0
1,2,0.0,0.0,1.0
1,2,0.0,0.0,1.0
1,2,0.0,0.0,1.0
1,2,0.0,0.0,1.0
1,2,0.0,0.0,1.0
1,2,0.0,0.0,1.0
1,2,0.0,0.0,1.0
1,2,0.0,0.0,1.0
1,2,0.0,0.0,1.0
1,2,0.0,0.0,1.0
1,2,0.0,0.0,1.0
1,2,0.0,0.0,1.0
1,2,0.0,0.0,1.0
1,2,0.0,0.0,1.0
1,2,0.0,0.0,1.0
1,2,0.0,0.0,1.0
1,2,0.0,0.0,1.0
1,2,0.0,0.0,1.0
1,2,0.0,0.0,1.0
1,2,0.0,0.0,1.0
1,2,0.0,0.0,1.0
1,2,0.0,0.0,1.0
1,2,0.0,0.0,1.0
1,2,0.0,0.0,1.0
1,2,0.0,0.0,1.0
1,2,0.0,0.0,1.0
1,2,0.0,0.0,1.0
1,2,0.0,0.0,1.0
1,2,0.0,0.0,1.0
1,2,0.0,0.0,1.0
1,2,0.0,0.0,1.0
1,2,0.0,0.0,1.0
1,2,0.0,0.0,1.0
1,2,0.0,0.0,1.0
1,2,0.0,0.0,1.0
1,2,0.0,0.0,1.0
1,2,0.0,0.0,1.0
1,2,0.0,0.0,1.0
1,2,0.0,0.0,1.0
1,2,0.0,0.0,1.0
1,2,0.0,0.0,1.0
1,2,0.0,0.0,1.0
1,2,0.0,0.0,1.0
1,2,0.0,0.0,1.0
1,2,0.0,0.0,1.0
1,2,0.0,0.0,1.0
1,2,0.0,0.0,1.0
1,2,0.0,0.0,1.0
1,2,0.0,0.0,1.0
1,2,0.0,0.0,1.0
1,2,0.0,0.0,1.0
1,2,0.0,0.0,1.0
1,2,0.0,0.0,1.0
1,2,0.0,0.0,1.0
1,2,0.0,0.0,1.0
1,2,0.0,0.0,1.0
1,2,0.0,0.0,1.0
1,2,0.0,0.0,1.0
1,2,0.0,0.0,1.0
1,2,0.0,0.0,1.0
1,2,0.0,0.0,1.0
1,2,0.0,0.0,1.0
1,2,0.0,0.0,1.0
1,2,0.0,0.0,1.0
1,2,0.0,0.0,1.0
1,2,0.0,0.0,1.0
1,2,0.0,0.0,1.0
1,2,0.0,0.0,1.0
1,2,0.0,0.0,1.0
1,2,0.0,0.0,1.0
1,2,0.0,0.0,1.0
1,2,0.0,0.0,1.0
1,2,0.0,0.0,1.0
1,2,0.0,0.0,1.0
1,2,0.0,0.0,1.0
1,2,0.0,0.0,1.0
1,2,0.0,0.0,1.0
1,2,0.0,0.0,1.0
1,2,0.0,0.0,1.0
1,2,0.0,0.0,1.0
1,2,0.0,0.0,1.0
1,2,0.0,0.0,1.0
1,2,0.0,0.06218832,0.93781173
1,2,0.0,0.06218832,0.93781173
1,2,0.0,0.06218832,0.93781173
1,2,0.0,0.06218832,0.93781173
1,2,0.0,0.06218832,0.93781173
1,2,0.0,0.06218832,0.93781173
1,2,0.0,0.06218832,0.93781173
1,2,0.0,0.06218832,0.93781173
1,2,0.0,0.06218832,0.93781173
1,2,0.0,0.06218832,0.93781173
1,2,0.0,0.06218832,0.93781173
1,2,0.0,0.06218832,0.93781173
1,2,0.0,0.06218832,0.93781173
1,2,0.0,0.06218832,0.93781173
1,2,0.0,0.06218832,0.93781173
1,2,0.0,0.06218832,0.93781173
1,2,0.0,0.06218832,0.93781173
1,2,0.0,0.06218832,0.93781173
1,2,0.0,0.06218832,0.93781173
1,2,0.0,0.06218832,0.93781173
1,2,0.0,0.06218832,0.93781173
1,2,0.0,0.06218832,0.93781173
1,2,0.0,0.06218832,0.93781173
1,2,0.0,0.06218832,0.93781173
1,2,0.0,0.06218832,0.93781173
1,2,0.0,0.06218832,0.93781173
1,2,0.0,0.06218832,0.93781173
1,2,0.0,0.06218832,0.93781173
1,2,0.0,0.06218832,0.93781173
1,2,0.0,0.06218832,0.93781173
1,2,0.0,0.06218832,0.93781173
1,2,0.0,0.06218832,0.93781173
1,2,0.0,0.06218832,0.93781173
1,2,0.0,0.06218832,0.93781173
1,2,0.0,0.06218832,0.93781173
1,2,0.0,0.06218832,0.93781173
1,2,0.0,0.06218832,0.93781173
1,2,0.0,0.06218832,0.93781173
1,2,0.0,0.06218832,0.93781173
1,2,0.0,0.06218832,0.93781173
1,2,0.0,0.06218832,0.93781173
1,2,0.0,0.06218832,0.93781173
1,2,0.0,0.06218832,0.93781173
1,2,0.0,0.06218832,0.93781173
1,2,0.0,0.06218832,0.93781173
1,2,0.0,0.06218832,0.93781173
1,2,0.0,0.06218832,0.93781173
1,2,0.0,0.06218832,0.93781173
1,2,0.064796574,0.062188324,0.8730151
1,2,0.064796574,0.062188324,0.8730151
1,2,0.064796574,0.062188324,0.8730151
1,2,0.064796574,0.062188324,0.8730151
1,2,0.064796574,0.062188324,0.8730151
1,2,0.064796574,0.062188324,0.8730151
1,2,0.064796574,0.062188324,0.8730151
1,2,0.064796574,0.062188324,0.8730151
1,2,0.0,0.06649711,0.9335029
1,2,0.0,0.06649711,0.9335029
1,2,0.0,0.06649711,0.9335029
1,2,0.0,0.06649711,0.9335029
1,2,0.0,0.06649711,0.9335029
1,2,0.0,0.06649711,0.9335029
1,2,0.0,0.06649711,0.9335029
1,2,0.0,0.06649711,0.9335029
1,2,0.0,0.19897982,0.8010202
1,2,0.0,0.19897982,0.8010202
1,2,0.0,0.19897982,0.8010202
1,2,0.0,0.19897982,0.8010202
1,2,0.0,0.19897982,0.8010202
1,2,0.0,0.19897982,0.8010202
1,2,0.0,0.19897982,0.8010202
1,2,0.0,0.19897982,0.8010202
1,2,0.0,0.19897982,0.8010202
1,2,0.0,0.19897982,0.8010202
1,2,0.0,0.19897982,0.8010202
1,2,0.0,0.19897982,0.8010202
1,2,0.0,0.19897982,0.8010202
1,2,0.0,0.19897982,0.8010202
1,2,0.0,0.19897982,0.8010202
1,2,0.0,0.19897982,0.8010202
1,2,0.0,0.19897982,0.8010202
1,2,0.0,0.19897982,0.8010202
1,2,0.0,0.19897982,0.8010202
1,2,0.0,0.19897982,0.8010202
1,2,0.0,0.19897982,0.8010202
1,2,0.0,0.19897982,0.8010202
1,2,0.0,0.19897982,0.8010202
1,2,0.0,0.19897982,0.8010202
1,2,0.0,0.19897982,0.8010202
1,2,0.0,0.19897982,0.8010202
1,2,0.0,0.19897982,0.8010202
1,2,0.0,0.19897982,0.8010202
1,2,0.0,0.19897982,0.8010202
1,2,0.0,0.19897982,0.8010202
1,2,0.0,0.19897982,0.8010202
1,2,0.0,0.19897982,0.8010202
1,2,0.0,0.19897982,0.8010202
1,2,0.0,0.19897982,0.8010202
1,2,0.0,0.19897982,0.8010202
1,2,0.0,0.19897982,0.8010202
1,2,0.0,0.19897982,0.8010202
1,2,0.0,0.19897982,0.8010202
1,2,0.0,0.19897982,0.8010202
1,2,0.0,0.19897982,0.8010202
1,2,0.0,0.19897982,0.8010202
1,2,0.0,0.19897982,0.8010202
1,2,0.0,0.19897982,0.8010202
1,2,0.0,0.19897982,0.8010202
1,2,0.0,0.19897982,0.8010202
1,2,0.0,0.19897982,0.8010202
1,2,0.0,0.19897982,0.8010202
1,2,0.0,0.19897982,0.8010202
1,2,0.0,0.19897982,0.8010202
1,2,0.0,0.19897982,0.8010202
1,2,0.0,0.19897982,0.8010202
1,2,0.0,0.19897982,0.8010202
1,2,0.0,0.19897982,0.8010202
1,2,0.0,0.19897982,0.8010202
1,2,0.0,0.19897982,0.8010202
1,2,0.0,0.19897982,0.8010202
1,2,0.0,0.19897982,0.8010202
1,2,0.0,0.19897982,0.8010202
1,2,0.0,0.19897982,0.8010202
1,2,0.0,0.19897982,0.8010202
1,2,0.0,0.19897982,0.8010202
1,2,0.0,0.19897982,0.8010202
1,2,0.0,0.19897982,0.8010202
1,2,0.0,0.19897982,0.8010202
1,2,0.0,0.19897982,0.8010202
1,2,0.0,0.19897982,0.8010202
1,2,0.0,0.19897982,0.8010202
1,2,0.0,0.19897982,0.8010202
1,2,0.0,0.19897982,0.8010202
1,2,0.0,0.19897982,0.8010202
1,2,0.0,0.19897982,0.8010202
1,2,0.0,0.19897982,0.8010202
1,2,0.0,0.19897982,0.8010202
1,2,0.0,0.19897982,0.8010202
1,2,0.0,0.19897982,0.8010202
1,2,0.0,0.19897982,0.8010202
1,2,0.0,0.19897982,0.8010202
1,2,0.0,0.19897982,0.8010202
1,2,0.0,0.19897982,0.8010202
1,2,0.0,0.19897982,0.8010202
1,2,0.06479657,0.18608661,0.74911684
1,2,0.06479657,0.18608661,0.74911684
1,2,0.06479657,0.18608661,0.74911684
1,2,0.06479657,0.18608661,0.74911684
1,2,0.06479657,0.18608661,0.74911684
1,2,0.06479657,0.18608661,0.74911684
1,2,0.06479657,0.18608661,0.74911684
1,2,0.06479657,0.18608661,0.74911684
1,2,0.0,0.18608662,0.8139134
1,2,0.0,0.18608662,0.8139134
1,2,0.0,0.18608662,0.8139134
1,2,0.0,0.18608662,0.8139134
1,2,0.0,0.18608662,0.8139134
1,2,0.0,0.18608662,0.8139134
1,2,0.0,0.18608662,0.8139134
1,2,0.0,0.18608662,0.8139134
1,2,0.0,0.18608662,0.8139134
1,2,0.0,0.18608662,0.8139134
1,2,0.0,0.18608662,0.8139134
1,2,0.0,0.18608662,0.8139134
1,2,0.0,0.18608662,0.8139134
1,2,0.0,0.18608662,0.8139134
1,2,0.0,0.18608662,0.8139134
1,2,0.0,0.18608662,0.8139134
1,2,0.0,0.18608662,0.8139134
1,2,0.0,0.18608662,0.8139134
1,2,0.0,0.18608662,0.8139134
1,2,0.0,0.18608662,0.8139134
1,2,0.0,0.18608662,0.8139134
1,2,0.0,0.18608662,0.8139134
1,2,0.0,0.18608662,0.8139134
1,2,0.0,0.18608662,0.8139134
1,2,0.0,0.18608662,0.8139134
1,2,0.0,0.18608662,0.8139134
1,2,0.0,0.18608662,0.8139134
1,2,0.0,0.18608662,0.8139134
1,2,0.0,0.18608662,0.8139134
1,2,0.0,0.18608662,0.8139134
1,2,0.0,0.18608662,0.8139134
1,2,0.0,0.18608662,0.8139134
1,2,0.0,0.18608662,0.8139134
1,2,0.0,0.18608662,0.8139134
1,2,0.0,0.18608662,0.8139134
1,2,0.0,0.18608662,0.8139134
1,2,0.0,0.18608662,0.8139134
1,2,0.0,0.18608662,0.8139134
1,2,0.0,0.18608662,0.8139134
1,2,0.0,0.18608662,0.8139134
1,2,0.0,0.1238983,0.87610173
1,2,0.0,0.1238983,0.87610173
1,2,0.0,0.1238983,0.87610173
1,2,0.0,0.1238983,0.87610173
1,2,0.0,0.1238983,0.87610173
1,2,0.0,0.1238983,0.87610173
1,2,0.0,0.1238983,0.87610173
1,2,0.0,0.1238983,0.87610173
1,2,0.0,0.18608662,0.8139134
1,2,0.0,0.18608662,0.8139134
1,2,0.0,0.18608662,0.8139134
1,2,0.0,0.18608662,0.8139134
1,2,0.0,0.18608662,0.8139134
1,2,0.0,0.18608662,0.8139134
1,2,0.0,0.18608662,0.8139134
1,2,0.0,0.18608662,0.8139134
1,2,0.0,0.18608662,0.8139134
1,2,0.0,0.18608662,0.8139134
1,2,0.0,0.18608662,0.8139134
1,2,0.0,0.18608662,0.8139134
1,2,0.0,0.18608662,0.8139134
1,2,0.0,0.18608662,0.8139134
1,2,0.0,0.18608662,0.8139134
1,2,0.0,0.18608662,0.8139134
1,2,0.0,0.1238983,0.87610173
1,2,0.0,0.1238983,0.87610173
1,2,0.0,0.1238983,0.87610173
1,2,0.0,0.1238983,0.87610173
1,2,0.0,0.1238983,0.87610173
1,2,0.0,0.1238983,0.87610173
1,2,0.0,0.1238983,0.87610173
1,2,0.0,0.1238983,0.87610173
1,2,0.0,0.13214485,0.86785513
1,2,0.0,0.13214485,0.86785513
1,2,0.0,0.13214485,0.86785513
1,2,0.0,0.13214485,0.86785513
1,2,0.0,0.13214485,0.86785513
1,2,0.0,0.13214485,0.86785513
1,2,0.0,0.13214485,0.86785513
1,2,0.0,0.13214485,0.86785513
1,2,0.0,0.13214485,0.86785513
1,2,0.0,0.13214485,0.86785513
1,2,0.0,0.13214485,0.86785513
1,2,0.0,0.13214485,0.86785513
1,2,0.0,0.13214485,0.86785513
1,2,0.0,0.13214485,0.86785513
1,2,0.0,0.13214485,0.86785513
1,2,0.0,0.13214485,0.86785513
1,2,0.0,0.13214485,0.86785513
1,2,0.0,0.13214485,0.86785513
1,2,0.0,0.13214485,0.86785513
1,2,0.0,0.13214485,0.86785513
1,2,0.0,0.13214485,0.86785513
1,2,0.0,0.13214485,0.86785513
1,2,0.0,0.13214485,0.86785513
1,2,0.0,0.13214485,0.86785513
1,2,0.0,0.13214485,0.86785513
1,2,0.0,0.13214485,0.86785513
1,2,0.0,0.13214485,0.86785513
1,2,0.0,0.13214485,0.86785513
1,2,0.0,0.13214485,0.86785513
1,2,0.0,0.13214485,0.86785513
1,2,0.0,0.13214485,0.86785513
1,2,0.0,0.13214485,0.86785513
1,2,0.0,0.13214485,0.86785513
1,2,0.0,0.13214485,0.86785513
1,2,0.0,0.13214485,0.86785513
1,2,0.0,0.13214485,0.86785513
1,2,0.0,0.13214485,0.86785513
1,2,0.0,0.13214485,0.86785513
1,2,0.0,0.13214485,0.86785513
1,2,0.0,0.13214485,0.86785513
1,2,0.0,0.13214485,0.86785513
1,2,0.0,0.13214485,0.86785513
1,2,0.0,0.13214485,0.86785513
1,2,0.0,0.13214485,0.86785513
1,2,0.0,0.13214485,0.86785513
1,2,0.0,0.13214485,0.86785513
1,2,0.0,0.13214485,0.86785513
1,2,0.0,0.13214485,0.86785513
1,2,0.0,0.13214485,0.86785513
1,2,0.0,0.13214485,0.86785513
1,2,0.0,0.13214485,0.86785513
1,2,0.0,0.13214485,0.86785513
1,2,0.0,0.13214485,0.86785513
1,2,0.0,0.13214485,0.86785513
1,2,0.0,0.13214485,0.86785513
1,2,0.0,0.13214485,0.86785513
1,2,0.0,0.13214485,0.86785513
1,2,0.0,0.13214485,0.86785513
1,2,0.0,0.13214485,0.86785513
1,2,0.0,0.13214485,0.86785513
1,2,0.0,0.13214485,0.86785513
1,2,0.0,0.13214485,0.86785513
1,2,0.0,0.13214485,0.86785513
1,2,0.0,0.13214485,0.86785513
1,2,0.0,0.13214485,0.86785513
1,2,0.0,0.13214485,0.86785513
1,2,0.0,0.13214485,0.86785513
1,2,0.0,0.13214485,0.86785513
1,2,0.0,0.13214485,0.86785513
1,2,0.0,0.13214485,0.86785513
1,2,0.0,0.13214485,0.86785513
1,2,0.0,0.13214485,0.86785513
1,2,0.0,0.1238983,0.87610173
1,2,0.0,0.1238983,0.87610173
1,2,0.0,0.1238983,0.87610173
1,2,0.0,0.1238983,0.87610173
1,2,0.0,0.1238983,0.87610173
1,2,0.0,0.1238983,0.87610173
1,2,0.0,0.1238983,0.87610173
1,2,0.0,0.1238983,0.87610173
1,2,0.0,0.1238983,0.87610173
1,2,0.0,0.1238983,0.87610173
1,2,0.0,0.1238983,0.87610173
1,2,0.0,0.1238983,0.87610173
1,2,0.0,0.1238983,0.87610173
1,2,0.0,0.1238983,0.87610173
1,2,0.0,0.1238983,0.87610173
1,2,0.0,0.1238983,0.87610173
1,2,0.0,0.1238983,0.87610173
1,2,0.0,0.1238983,0.87610173
1,2,0.0,0.1238983,0.87610173
1,2,0.0,0.1238983,0.87610173
1,2,0.0,0.1238983,0.87610173
1,2,0.0,0.1238983,0.87610173
1,2,0.0,0.1238983,0.87610173
1,2,0.0,0.1238983,0.87610173
1,2,0.064796574,0.12389829,0.81130517
1,2,0.064796574,0.12389829,0.81130517
1,2,0.064796574,0.12389829,0.81130517
1,2,0.064796574,0.12389829,0.81130517
1,2,0.064796574,0.12389829,0.81130517
1,2,0.064796574,0.12389829,0.81130517
1,2,0.064796574,0.12389829,0.81130517
1,2,0.064796574,0.12389829,0.81130517
1,2,0.064796574,0.12389829,0.81130517
1,2,0.064796574,0.12389829,0.81130517
1,2,0.064796574,0.12389829,0.81130517
1,2,0.064796574,0.12389829,0.81130517
1,2,0.064796574,0.12389829,0.81130517
1,2,0.064796574,0.12389829,0.81130517
1,2,0.064796574,0.12389829,0.81130517
1,2,0.064796574,0.12389829,0.81130517
1,2,0.06479657,0.17817698,0.75702643
1,2,0.06479657,0.17817698,0.75702643
1,2,0.06479657,0.17817698,0.75702643
1,2,0.06479657,0.17817698,0.75702643
1,2,0.06479657,0.17817698,0.75702643
1,2,0.06479657,0.17817698,0.75702643
1,2,0.06479657,0.17817698,0.75702643
1,2,0.06479657,0.17817698,0.75702643
1,2,0.06479657,0.17817698,0.75702643
1,2,0.06479657,0.17817698,0.75702643
1,2,0.06479657,0.17817698,0.75702643
1,2,0.06479657,0.17817698,0.75702643
1,2,0.06479657,0.17817698,0.75702643
1,2,0.06479657,0.17817698,0.75702643
1,2,0.06479657,0.17817698,0.75702643
1,2,0.06479657,0.17817698,0.75702643
1,2,0.06479657,0.17817698,0.75702643
1,2,0.06479657,0.17817698,0.75702643
1,2,0.06479657,0.17817698,0.75702643
1,2,0.06479657,0.17817698,0.75702643
1,2,0.06479657,0.17817698,0.75702643
1,2,0.06479657,0.17817698,0.75702643
1,2,0.06479657,0.17817698,0.75702643
1,2,0.06479657,0.17817698,0.75702643
1,2,0.06479657,0.17817698,0.75702643
1,2,0.06479657,0.17817698,0.75702643
1,2,0.06479657,0.17817698,0.75702643
1,2,0.06479657,0.17817698,0.75702643
1,2,0.06479657,0.17817698,0.75702643
1,2,0.06479657,0.17817698,0.75702643
1,2,0.06479657,0.17817698,0.75702643
1,2,0.06479657,0.17817698,0.75702643
1,2,0.06479657,0.24085219,0.69435126
1,2,0.06479657,0.24085219,0.69435126
1,2,0.06479657,0.24085219,0.69435126
1,2,0.06479657,0.24085219,0.69435126
1,2,0.06479657,0.24085219,0.69435126
1,2,0.06479657,0.24085219,0.69435126
1,2,0.06479657,0.24085219,0.69435126
1,2,0.06479657,0.24085219,0.69435126
1,2,0.06479657,0.24085219,0.69435126
1,2,0.06479657,0.24085219,0.69435126
1,2,0.06479657,0.24085219,0.69435126
1,2,0.06479657,0.24085219,0.69435126
1,2,0.06479657,0.24085219,0.69435126
1,2,0.06479657,0.24085219,0.69435126
1,2,0.06479657,0.24085219,0.69435126
1,2,0.06479657,0.24085219,0.69435126
1,2,0.06479657,0.24085219,0.69435126
1,2,0.06479657,0.24085219,0.69435126
1,2,0.06479657,0.24085219,0.69435126
1,2,0.06479657,0.24085219,0.69435126
1,2,0.06479657,0.24085219,0.69435126
1,2,0.06479657,0.24085219,0.69435126
1,2,0.06479657,0.24085219,0.69435126
1,2,0.06479657,0.24085219,0.69435126
1,2,0.06479657,0.24085219,0.69435126
1,2,0.06479657,0.24085219,0.69435126
1,2,0.06479657,0.24085219,0.69435126
1,2,0.06479657,0.24085219,0.69435126
1,2,0.06479657,0.24085219,0.69435126
1,2,0.06479657,0.24085219,0.69435126
1,2,0.06479657,0.24085219,0.69435126
1,2,0.06479657,0.24085219,0.69435126
1,2,0.06479657,0.24085219,0.69435126
1,2,0.06479657,0.24085219,0.69435126
1,2,0.06479657,0.24085219,0.69435126
1,2,0.06479657,0.24085219,0.69435126
1,2,0.06479657,0.24085219,0.69435126
1,2,0.06479657,0.24085219,0.69435126
1,2,0.06479657,0.24085219,0.69435126
1,2,0.06479657,0.24085219,0.69435126
1,2,0.06479657,0.24085219,0.69435126
1,2,0.06479657,0.24085219,0.69435126
1,2,0.06479657,0.24085219,0.69435126
1,2,0.06479657,0.24085219,0.69435126
1,2,0.06479657,0.24085219,0.69435126
1,2,0.06479657,0.24085219,0.69435126
1,2,0.06479657,0.24085219,0.69435126
1,2,0.06479657,0.24085219,0.69435126
1,2,0.06479657,0.24085219,0.69435126
1,2,0.06479657,0.24085219,0.69435126
1,2,0.06479657,0.24085219,0.69435126
1,2,0.06479657,0.24085219,0.69435126
1,2,0.06479657,0.24085219,0.69435126
1,2,0.06479657,0.24085219,0.69435126
1,2,0.06479657,0.24085219,0.69435126
1,2,0.06479657,0.24085219,0.69435126
1,2,0.06479657,0.24085219,0.69435126
1,2,0.06479657,0.24085219,0.69435126
1,2,0.06479657,0.24085219,0.69435126
1,2,0.06479657,0.24085219,0.69435126
1,2,0.06479657,0.24085219,0.69435126
1,2,0.06479657,0.24085219,0.69435126
1,2,0.06479657,0.24085219,0.69435126
1,2,0.06479657,0.24085219,0.69435126
1,2,0.06479657,0.18302041,0.752183
1,2,0.06479657,0.18302041,0.752183
1,2,0.06479657,0.18302041,0.752183
1,2,0.06479657,0.18302041,0.752183
1,2,0.06479657,0.18302041,0.752183
1,2,0.06479657,0.18302041,0.752183
1,2,0.06479657,0.18302041,0.752183
1,2,0.06479657,0.18302041,0.752183
1,2,0.064796574,0.2422174,0.692986
1,2,0.064796574,0.2422174,0.692986
1,2,0.064796574,0.2422174,0.692986
1,2,0.064796574,0.2422174,0.692986
1,2,0.064796574,0.2422174,0.692986
1,2,0.064796574,0.2422174,0.692986
1,2,0.064796574,0.2422174,0.692986
1,2,0.064796574,0.2422174,0.692986
1,2,0.064796574,0.2422174,0.692986
1,2,0.064796574,0.2422174,0.692986
1,2,0.064796574,0.2422174,0.692986
1,2,0.064796574,0.2422174,0.692986
1,2,0.064796574,0.2422174,0.692986
1,2,0.064796574,0.2422174,0.692986
1,2,0.064796574,0.2422174,0.692986
1,2,0.064796574,0.2422174,0.692986
1,2,0.0,0.24221739,0.7577826
1,2,0.0,0.24221739,0.7577826
1,2,0.0,0.24221739,0.7577826
1,2,0.0,0.24221739,0.7577826
1,2,0.0,0.24221739,0.7577826
1,2,0.0,0.24221739,0.7577826
1,2,0.0,0.24221739,0.7577826
1,2,0.0,0.24221739,0.7577826
1,2,0.0,0.24221739,0.7577826
1,2,0.0,0.24221739,0.7577826
1,2,0.0,0.24221739,0.7577826
1,2,0.0,0.24221739,0.7577826
1,2,0.0,0.24221739,0.7577826
1,2,0.0,0.24221739,0.7577826
1,2,0.0,0.24221739,0.7577826
1,2,0.0,0.24221739,0.7577826
1,2,0.0,0.24221739,0.7577826
1,2,0.0,0.24221739,0.7577826
1,2,0.0,0.24221739,0.7577826
1,2,0.0,0.24221739,0.7577826
1,2,0.0,0.24221739,0.7577826
1,2,0.0,0.24221739,0.7577826
1,2,0.0,0.24221739,0.7577826
1,2,0.0,0.24221739,0.7577826
1,2,0.0,0.24221739,0.7577826
1,2,0.0,0.24221739,0.7577826
1,2,0.0,0.24221739,0.7577826
1,2,0.0,0.24221739,0.7577826
1,2,0.0,0.24221739,0.7577826
1,2,0.0,0.24221739,0.7577826
1,2,0.0,0.24221739,0.7577826
1,2,0.0,0.24221739,0.7577826
1,2,0.062405538,0.24221739,0.69537705
1,2,0.062405538,0.24221739,0.69537705
1,2,0.062405538,0.24221739,0.69537705
1,2,0.062405538,0.24221739,0.69537705
1,2,0.062405538,0.24221739,0.69537705
1,2,0.062405538,0.24221739,0.69537705
1,2,0.062405538,0.24221739,0.69537705
1,2,0.062405538,0.24221739,0.69537705
1,2,0.062405538,0.24221739,0.69537705
1,2,0.062405538,0.24221739,0.69537705
1,2,0.062405538,0.24221739,0.69537705
1,2,0.062405538,0.24221739,0.69537705
1,2,0.062405538,0.24221739,0.69537705
1,2,0.062405538,0.24221739,0.69537705
1,2,0.062405538,0.24221739,0.69537705
1,2,0.062405538,0.24221739,0.69537705
1,2,0.062405538,0.24221739,0.69537705
1,2,0.062405538,0.24221739,0.69537705
1,2,0.062405538,0.24221739,0.69537705
1,2,0.062405538,0.24221739,0.69537705
1,2,0.062405538,0.24221739,0.69537705
1,2,0.062405538,0.24221739,0.69537705
1,2,0.062405538,0.24221739,0.69537705
1,2,0.062405538,0.24221739,0.69537705
1,2,0.06240554,0.3263754,0.6112191
1,2,0.06240554,0.3263754,0.6112191
1,2,0.06240554,0.3263754,0.6112191
1,2,0.06240554,0.3263754,0.6112191
1,2,0.06240554,0.3263754,0.6112191
1,2,0.06240554,0.3263754,0.6112191
1,2,0.06240554,0.3263754,0.6112191
1,2,0.06240554,0.3263754,0.6112191
1,2,0.062405538,0.26030886,0.6772856
1,2,0.062405538,0.26030886,0.6772856
1,2,0.062405538,0.26030886,0.6772856
1,2,0.062405538,0.26030886,0.6772856
1,2,0.062405538,0.26030886,0.6772856
1,2,0.062405538,0.26030886,0.6772856
1,2,0.062405538,0.26030886,0.6772856
1,2,0.062405538,0.26030886,0.6772856
1,2,0.06240554,0.18806966,0.7495248
1,2,0.06240554,0.18806966,0.7495248
1,2,0.06240554,0.18806966,0.7495248
1,2,0.06240554,0.18806966,0.7495248
1,2,0.06240554,0.18806966,0.7495248
1,2,0.06240554,0.18806966,0.7495248
1,2,0.06240554,0.18806966,0.7495248
1,2,0.06240554,0.18806966,0.7495248
1,2,0.062405538,0.12887266,0.8087218
1,2,0.062405538,0.12887266,0.8087218
1,2,0.062405538,0.12887266,0.8087218
1,2,0.062405538,0.12887266,0.8087218
1,2,0.062405538,0.12887266,0.8087218
1,2,0.062405538,0.12887266,0.8087218
1,2,0.062405538,0.12887266,0.8087218
1,2,0.062405538,0.12887266,0.8087218
1,2,0.062405538,0.18487252,0.7527219
1,2,0.062405538,0.18487252,0.7527219
1,2,0.062405538,0.18487252,0.7527219
1,2,0.062405538,0.18487252,0.7527219
1,2,0.06240554,0.24406952,0.69352496
1,2,0.06240554,0.24406952,0.69352496
1,2,0.06240554,0.24406952,0.69352496
1,2,0.06240554,0.24406952,0.69352496
1,2,0.06240554,0.24406952,0.69352496
1,2,0.06240554,0.24406952,0.69352496
1,2,0.06240554,0.24406952,0.69352496
1,2,0.06240554,0.24406952,0.69352496
1,2,0.06240554,0.18806966,0.7495248
1,2,0.06240554,0.18806966,0.7495248
1,2,0.06240554,0.18806966,0.7495248
1,2,0.06240554,0.18806966,0.7495248
1,2,0.062405538,0.12887266,0.8087218
1,2,0.062405538,0.12887266,0.8087218
1,2,0.062405538,0.12887266,0.8087218
1,2,0.062405538,0.12887266,0.8087218
1,2,0.062405538,0.12887266,0.8087218
1,2,0.062405538,0.12887266,0.8087218
1,2,0.062405538,0.12887266,0.8087218
1,2,0.062405538,0.12887266,0.8087218
1,2,0.1243956,0.18487252,0.6907319
1,2,0.1243956,0.18487252,0.6907319
1,2,0.1243956,0.18487252,0.6907319
1,2,0.1243956,0.18487252,0.6907319
1,2,0.1243956,0.18487252,0.6907319
1,2,0.1243956,0.18487252,0.6907319
1,2,0.1243956,0.18487252,0.6907319
1,2,0.1243956,0.18487252,0.6907319
1,0,0.43808502,0.18503901,0.37687606
1,0,0.43808502,0.18503901,0.37687606
1,0,0.43808502,0.18503901,0.37687606
1,0,0.43808502,0.18503901,0.37687606
1,0,0.56015134,0.12903912,0.31080952
1,0,0.56015134,0.12903912,0.31080952
1,0,0.56015134,0.12903912,0.31080952
1,0,0.56015134,0.12903912,0.31080952
1,0,0.61968386,0.2541199,0.12619627
1,0,0.61968386,0.2541199,0.12619627
1,0,0.61968386,0.2541199,0.12619627
1,0,0.61968386,0.2541199,0.12619627
1,0,0.6892875,0.25411987,0.056592636
1,0,0.6892875,0.25411987,0.056592636
1,0,0.6892875,0.25411987,0.056592636
