true_label,meta_K4,meta_ratio_0,meta_ratio_1,meta_ratio_2,meta_ratio_3
0,0,1.0,0.0,0.0,0.0
0,0,1.0,0.0,0.0,0.0
0,0,1.0,0.0,0.0,0.0
0,0,1.0,0.0,0.0,0.0
0,0,1.0,0.0,0.0,0.0
0,0,1.0,0.0,0.0,0.0
0,0,1.0,0.0,0.0,0.0
0,0,1.0,0.0,0.0,0.0
0,0,1.0,0.0,0.0,0.0
0,0,1.0,0.0,0.0,0.0
0,0,1.0,0.0,0.0,0.0
0,0,1.0,0.0,0.0,0.0
0,0,1.0,0.0,0.0,0.0
0,0,1.0,0.0,0.0,0.0
0,0,1.0,0.0,0.0,0.0
0,0,1.0,0.0,0.0,0.0
0,0,1.0,0.0,0.0,0.0
0,0,1.0,0.0,0.0,0.0
0,0,1.0,0.0,0.0,0.0
0,0,1.0,0.0,0.0,0.0
0,0,1.0,0.0,0.0,0.0
0,0,1.0,0.0,0.0,0.0
0,0,1.0,0.0,0.0,0.0
0,0,1.0,0.0,0.0,0.0
0,0,1.0,0.0,0.0,0.0
0,0,1.0,0.0,0.0,0.0
0,0,1.0,0.0,0.0,0.0
0,0,1.0,0.0,0.0,0.0
0,0,1.0,0.0,0.0,0.0
0,0,1.0,0.0,0.0,0.0
0,0,1.0,0.0,0.0,0.0
0,0,1.0,0.0,0.0,0.0
0,0,1.0,0.0,0.0,0.0
0,0,1.0,0.0,0.0,0.0
0,0,1.0,0.0,0.0,0.0
0,0,1.0,0.0,0.0,0.0
0,0,1.0,0.0,0.0,0.0
0,0,1.0,0.0,0.0,0.0
0,0,1.0,0.0,0.0,0.0
0,0,1.0,0.0,0.0,0.0
0,0,1.0,0.0,0.0,0.0
0,0,1.0,0.0,0.0,0.0
0,0,1.0,0.0,0.0,0.0
0,0,1.0,0.0,0.0,0.0
0,0,1.0,0.0,0.0,0.0
0,0,1.0,0.0,0.0,0.0
0,0,1.0,0.0,0.0,0.0
0,0,1.0,0.0,0.0,0.0
0,0,1.0,0.0,0.0,0.0
0,0,1.0,0.0,0.0,0.0
0,0,1.0,0.0,0.0,0.0
0,0,1.0,0.0,0.0,0.0
0,0,1.0,0.0,0.0,0.0
0,0,1.0,0.0,0.0,0.0
0,0,1.0,0.0,0.0,0.0
0,0,1.0,0.0,0.0,0.0
0,0,1.0,0.0,0.0,0.0
0,0,1.0,0.0,0.0,0.0
0,0,1.0,0.0,0.0,0.0
0,0,1.0,0.0,0.0,0.0
0,0,1.0,0.0,0.0,0.0
0,0,1.0,0.0,0.0,0.0
0,0,1.0,0.0,0.0,0.0
0,0,1.0,0.0,0.0,0.0
0,0,1.0,0.0,0.0,0.0
0,0,1.0,0.0,0.0,0.0
0,0,1.0,0.0,0.0,0.0
0,0,1.0,0.0,0.0,0.0
0,0,1.0,0.0,0.0,0.0
0,0,1.0,0.0,0.0,0.0
0,0,1.0,0.0,0.0,0.0
0,0,1.0,0.0,0.0,0.0
0,0,1.0,0.0,0.0,0.0
0,0,1.0,0.0,0.0,0.0
0,0,1.0,0.0,0.0,0.0
0,0,1.0,0.0,0.0,0.0
0,0,1.0,0.0,0.0,0.0
0,0,1.0,0.0,0.0,0.0
0,0,1.0,0.0,0.0,0.0
0,0,1.0,0.0,0.0,0.0
0,0,1.0,0.0,0.0,0.0
0,0,1.0,0.0,0.0,0.0
0,0,1.0,0.0,0.0,0.0
0,0,1.0,0.0,0.0,0.0
0,0,1.0,0.0,0.0,0.0
0,0,1.0,0.0,0.0,0.0
0,0,1.0,0.0,0.0,0.0
0,0,1.0,0.0,0.0,0.0
0,0,1.0,0.0,0.0,0.0
0,0,1.0,0.0,0.0,0.0
0,0,1.0,0.0,0.0,0.0
0,0,1.0,0.0,0.0,0.0
0,0,1.0,0.0,0.0,0.0
0,0,1.0,0.0,0.0,0.0
0,0,1.0,0.0,0.0,0.0
0,0,1.0,0.0,0.0,0.0
0,0,1.0,0.0,0.0,0.0
0,0,1.0,0.0,0.0,0.0
0,0,1.0,0.0,0.0,0.0
0,0,1.0,0.0,0.0,0.0
0,0,1.0,0.0,0.0,0.0
0,0,1.0,0.0,0.0,0.0
0,0,1.0,0.0,0.0,0.0
0,0,1.0,0.0,0.0,0.0
0,0,1.0,0.0,0.0,0.0
0,0,1.0,0.0,0.0,0.0
0,0,1.0,0.0,0.0,0.0
0,0,1.0,0.0,0.0,0.0
0,0,1.0,0.0,0.0,0.0
0,0,1.0,0.0,0.0,0.0
0,0,1.0,0.0,0.0,0.0
0,0,1.0,0.0,0.0,0.0
0,0,1.0,0.0,0.0,0.0
0,0,1.0,0.0,0.0,0.0
0,0,1.0,0.0,0.0,0.0
0,0,1.0,0.0,0.0,0.0
0,0,1.0,0.0,0.0,0.0
0,0,1.0,0.0,0.0,0.0
0,0,1.0,0.0,0.0,0.0
0,0,1.0,0.0,0.0,0.0
0,0,1.0,0.0,0.0,0.0
0,0,1.0,0.0,0.0,0.0
0,0,1.0,0.0,0.0,0.0
0,0,1.0,0.0,0.0,0.0
0,0,1.0,0.0,0.0,0.0
0,0,1.0,0.0,0.0,0.0
0,0,1.0,0.0,0.0,0.0
0,0,1.0,0.0,0.0,0.0
0,0,1.0,0.0,0.0,0.0
0,0,1.0,0.0,0.0,0.0
0,0,1.0,0.0,0.0,0.0
0,0,1.0,0.0,0.0,0.0
0,0,1.0,0.0,0.0,0.0
0,0,1.0,0.0,0.0,0.0
0,0,1.0,0.0,0.0,0.0
0,0,1.0,0.0,0.0,0.0
0,0,1.0,0.0,0.0,0.0
0,0,1.0,0.0,0.0,0.0
0,0,1.0,0.0,0.0,0.0
0,0,1.0,0.0,0.0,0.0
0,0,1.0,0.0,0.0,0.0
0,0,1.0,0.0,0.0,0.0
0,0,1.0,0.0,0.0,0.0
0,0,1.0,0.0,0.0,0.0
0,0,1.0,0.0,0.0,0.0
0,0,1.0,0.0,0.0,0.0
0,0,1.0,0.0,0.0,0.0
0,0,1.0,0.0,0.0,0.0
0,0,1.0,0.0,0.0,0.0
0,0,1.0,0.0,0.0,0.0
0,0,1.0,0.0,0.0,0.0
0,0,1.0,0.0,0.0,0.0
0,0,1.0,0.0,0.0,0.0
0,0,1.0,0.0,0.0,0.0
0,0,1.0,0.0,0.0,0.0
0,0,1.0,0.0,0.0,0.0
0,0,1.0,0.0,0.0,0.0
0,0,1.0,0.0,0.0,0.0
0,0,1.0,0.0,0.0,0.0
0,0,1.0,0.0,0.0,0.0
0,0,1.0,0.0,0.0,0.0
0,0,1.0,0.0,0.0,0.0
0,0,1.0,0.0,0.0,0.0
0,0,1.0,0.0,0.0,0.0
0,0,1.0,0.0,0.0,0.0
0,0,1.0,0.0,0.0,0.0
0,0,1.0,0.0,0.0,0.0
0,0,1.0,0.0,0.0,0.0
0,0,1.0,0.0,0.0,0.0
0,0,1.0,0.0,0.0,0.0
0,0,1.0,0.0,0.0,0.0
0,0,1.0,0.0,0.0,0.0
0,0,1.0,0.0,0.0,0.0
0,0,1.0,0.0,0.0,0.0
0,0,1.0,0.0,0.0,0.0
0,0,1.0,0.0,0.0,0.0
0,0,1.0,0.0,0.0,0.0
0,0,1.0,0.0,0.0,0.0
0,0,1.0,0.0,0.0,0.0
0,0,1.0,0.0,0.0,0.0
0,0,1.0,0.0,0.0,0.0
0,0,1.0,0.0,0.0,0.0
0,0,1.0,0.0,0.0,0.0
0,0,1.0,0.0,0.0,0.0
0,0,1.0,0.0,0.0,0.0
0,0,1.0,0.0,0.0,0.0
0,0,1.0,0.0,0.0,0.0
0,0,1.0,0.0,0.0,0.0
0,0,1.0,0.0,0.0,0.0
0,0,1.0,0.0,0.0,0.0
0,0,1.0,0.0,0.0,0.0
0,0,1.0,0.0,0.0,0.0
0,0,1.0,0.0,0.0,0.0
0,0,1.0,0.0,0.0,0.0
0,0,1.0,0.0,0.0,0.0
0,0,1.0,0.0,0.0,0.0
0,0,1.0,0.0,0.0,0.0
0,0,1.0,0.0,0.0,0.0
0,0,1.0,0.0,0.0,0.0
0,0,1.0,0.0,0.0,0.0
0,0,1.0,0.0,0.0,0.0
0,0,1.0,0.0,0.0,0.0
0,0,1.0,0.0,0.0,0.0
0,0,1.0,0.0,0.0,0.0
0,0,1.0,0.0,0.0,0.0
0,0,1.0,0.0,0.0,0.0
0,0,1.0,0.0,0.0,0.0
0,0,1.0,0.0,0.0,0.0
0,0,1.0,0.0,0.0,0.0
0,0,1.0,0.0,0.0,0.0
0,0,1.0,0.0,0.0,0.0
0,0,1.0,0.0,0.0,0.0
0,0,1.0,0.0,0.0,0.0
0,0,1.0,0.0,0.0,0.0
0,0,1.0,0.0,0.0,0.0
0,0,1.0,0.0,0.0,0.0
0,0,1.0,0.0,0.0,0.0
0,0,1.0,0.0,0.0,0.0
0,0,1.0,0.0,0.0,0.0
0,0,1.0,0.0,0.0,0.0
0,0,1.0,0.0,0.0,0.0
0,0,1.0,0.0,0.0,0.0
0,0,1.0,0.0,0.0,0.0
0,0,1.0,0.0,0.0,0.0
0,0,0.9366898,0.0,0.0,0.063310206
0,0,0.9366898,0.0,0.0,0.063310206
0,0,0.9366898,0.0,0.0,0.063310206
0,0,0.9366898,0.0,0.0,0.063310206
0,0,0.9366898,0.0,0.0,0.063310206
0,0,0.9366898,0.0,0.0,0.063310206
0,0,0.9366898,0.0,0.0,0.063310206
0,0,0.9366898,0.0,0.0,0.063310206
0,0,0.9366898,0.0,0.0,0.063310206
0,0,0.9366898,0.0,0.0,0.063310206
0,0,0.9366898,0.0,0.0,0.063310206
0,0,0.9366898,0.0,0.0,0.063310206
0,0,0.9366898,0.0,0.0,0.063310206
0,0,0.9366898,0.0,0.0,0.063310206
0,0,0.9366898,0.0,0.0,0.063310206
0,0,0.9366898,0.0,0.0,0.063310206
0,0,0.9366898,0.0,0.0,0.063310206
0,0,0.9366898,0.0,0.0,0.063310206
0,0,0.9366898,0.0,0.0,0.063310206
0,0,0.9366898,0.0,0.0,0.063310206
0,0,0.9366898,0.0,0.0,0.063310206
0,0,0.9366898,0.0,0.0,0.063310206
0,0,0.9366898,0.0,0.0,0.063310206
0,0,0.9366898,0.0,0.0,0.063310206
0,0,0.9366898,0.0,0.0,0.063310206
0,0,0.9366898,0.0,0.0,0.063310206
0,0,0.9366898,0.0,0.0,0.063310206
0,0,0.9366898,0.0,0.0,0.063310206
0,0,0.9366898,0.0,0.0,0.063310206
0,0,0.9366898,0.0,0.0,0.063310206
0,0,0.9366898,0.0,0.0,0.063310206
0,0,0.9366898,0.0,0.0,0.063310206
0,0,0.9366898,0.0,0.0,0.063310206
0,0,0.9366898,0.0,0.0,0.063310206
0,0,0.9366898,0.0,0.0,0.063310206
0,0,0.9366898,0.0,0.0,0.063310206
0,0,0.9366898,0.0,0.0,0.063310206
0,0,0.9366898,0.0,0.0,0.063310206
0,0,0.9366898,0.0,0.0,0.063310206
0,0,0.9366898,0.0,0.0,0.063310206
0,0,0.9366898,0.0,0.0,0.063310206
0,0,0.9366898,0.0,0.0,0.063310206
0,0,0.9366898,0.0,0.0,0.063310206
0,0,0.9366898,0.0,0.0,0.063310206
0,0,0.9366898,0.0,0.0,0.063310206
0,0,0.9366898,0.0,0.0,0.063310206
0,0,0.9366898,0.0,0.0,0.063310206
0,0,0.9366898,0.0,0.0,0.063310206
0,0,0.9366898,0.0,0.0,0.063310206
0,0,0.9366898,0.0,0.0,0.063310206
0,0,0.9366898,0.0,0.0,0.063310206
0,0,0.9366898,0.0,0.0,0.063310206
0,0,0.9366898,0.0,0.0,0.063310206
0,0,0.9366898,0.0,0.0,0.063310206
0,0,0.9366898,0.0,0.0,0.063310206
0,0,0.9366898,0.0,0.0,0.063310206
0,0,0.9366898,0.0,0.0,0.063310206
0,0,0.9366898,0.0,0.0,0.063310206
0,0,0.9366898,0.0,0.0,0.063310206
0,0,0.9366898,0.0,0.0,0.063310206
0,0,0.9366898,0.0,0.0,0.063310206
0,0,0.9366898,0.0,0.0,0.063310206
0,0,0.9366898,0.0,0.0,0.063310206
0,0,0.9366898,0.0,0.0,0.063310206
0,0,0.9366898,0.0,0.0,0.063310206
0,0,0.9366898,0.0,0.0,0.063310206
0,0,0.9366898,0.0,0.0,0.063310206
0,0,0.9366898,0.0,0.0,0.063310206
0,0,0.9366898,0.0,0.0,0.063310206
0,0,0.9366898,0.0,0.0,0.063310206
0,0,0.9366898,0.0,0.0,0.063310206
0,0,0.9366898,0.0,0.0,0.063310206
0,0,0.9366898,0.0,0.0,0.063310206
0,0,0.9366898,0.0,0.0,0.063310206
0,0,0.9366898,0.0,0.0,0.063310206
0,0,0.9366898,0.0,0.0,0.063310206
0,0,0.9366898,0.0,0.0,0.063310206
0,0,0.9366898,0.0,0.0,0.063310206
0,0,0.9366898,0.0,0.0,0.063310206
0,0,0.9366898,0.0,0.0,0.063310206
0,0,0.9366898,0.0,0.0,0.063310206
0,0,0.9366898,0.0,0.0,0.063310206
0,0,0.9366898,0.0,0.0,0.063310206
0,0,0.9366898,0.0,0.0,0.063310206
0,0,0.9366898,0.0,0.0,0.063310206
0,0,0.9366898,0.0,0.0,0.063310206
0,0,0.9366898,0.0,0.0,0.063310206
0,0,0.9366898,0.0,0.0,0.063310206
0,0,0.9366898,0.0,0.0,0.063310206
0,0,0.9366898,0.0,0.0,0.063310206
0,0,0.9366898,0.0,0.0,0.063310206
0,0,0.9366898,0.0,0.0,0.063310206
0,0,0.9366898,0.0,0.0,0.063310206
0,0,0.9366898,0.0,0.0,0.063310206
0,0,0.9366898,0.0,0.0,0.063310206
0,0,0.9366898,0.0,0.0,0.063310206
0,0,0.9366898,0.0,0.0,0.063310206
0,0,0.9366898,0.0,0.0,0.063310206
0,0,0.9366898,0.0,0.0,0.063310206
0,0,0.9366898,0.0,0.0,0.063310206
0,0,0.9366898,0.0,0.0,0.063310206
0,0,0.9366898,0.0,0.0,0.063310206
0,0,0.9366898,0.0,0.0,0.063310206
0,0,0.9366898,0.0,0.0,0.063310206
0,0,0.9366898,0.0,0.0,0.063310206
0,0,0.9366898,0.0,0.0,0.063310206
0,0,0.9366898,0.0,0.0,0.063310206
0,0,0.9366898,0.0,0.0,0.063310206
0,0,0.9366898,0.0,0.0,0.063310206
0,0,0.9366898,0.0,0.0,0.063310206
0,0,0.9366898,0.0,0.0,0.063310206
0,0,0.9366898,0.0,0.0,0.063310206
0,0,0.9366898,0.0,0.0,0.063310206
0,0,0.9366898,0.0,0.0,0.063310206
0,0,0.9366898,0.0,0.0,0.063310206
0,0,0.9366898,0.0,0.0,0.063310206
0,0,0.9366898,0.0,0.0,0.063310206
0,0,0.9366898,0.0,0.0,0.063310206
0,0,0.9366898,0.0,0.0,0.063310206
0,0,0.9366898,0.0,0.0,0.063310206
0,0,0.9366898,0.0,0.0,0.063310206
0,0,0.9366898,0.0,0.0,0.063310206
0,0,0.9366898,0.0,0.0,0.063310206
0,0,0.9366898,0.0,0.0,0.063310206
0,0,0.9366898,0.0,0.0,0.063310206
0,0,0.9366898,0.0,0.0,0.063310206
0,0,0.9366898,0.0,0.0,0.063310206
0,0,0.9366898,0.0,0.0,0.063310206
0,0,0.9366898,0.0,0.0,0.063310206
0,0,0.9366898,0.0,0.0,0.063310206
0,0,0.9366898,0.0,0.0,0.063310206
0,0,0.9366898,0.0,0.0,0.063310206
0,0,0.9366898,0.0,0.0,0.063310206
0,0,0.9366898,0.0,0.0,0.063310206
0,0,0.9366898,0.0,0.0,0.063310206
0,0,0.9366898,0.0,0.0,0.063310206
0,0,0.9366898,0.0,0.0,0.063310206
0,0,0.9366898,0.0,0.0,0.063310206
0,0,0.9366898,0.0,0.0,0.063310206
0,0,0.9366898,0.0,0.0,0.063310206
0,0,0.9366898,0.0,0.0,0.063310206
0,0,0.9366898,0.0,0.0,0.063310206
0,0,0.9366898,0.0,0.0,0.063310206
0,0,0.9366898,0.0,0.0,0.063310206
0,0,1.0,0.0,0.0,0.0
0,0,1.0,0.0,0.0,0.0
0,0,1.0,0.0,0.0,0.0
0,0,1.0,0.0,0.0,0.0
0,0,1.0,0.0,0.0,0.0
0,0,1.0,0.0,0.0,0.0
0,0,1.0,0.0,0.0,0.0
0,0,1.0,0.0,0.0,0.0
0,0,1.0,0.0,0.0,0.0
0,0,1.0,0.0,0.0,0.0
0,0,1.0,0.0,0.0,0.0
0,0,1.0,0.0,0.0,0.0
0,0,1.0,0.0,0.0,0.0
0,0,1.0,0.0,0.0,0.0
0,0,1.0,0.0,0.0,0.0
0,0,1.0,0.0,0.0,0.0
0,0,1.0,0.0,0.0,0.0
0,0,1.0,0.0,0.0,0.0
0,0,1.0,0.0,0.0,0.0
0,0,1.0,0.0,0.0,0.0
0,0,1.0,0.0,0.0,0.0
0,0,1.0,0.0,0.0,0.0
0,0,1.0,0.0,0.0,0.0
0,0,1.0,0.0,0.0,0.0
0,0,1.0,0.0,0.0,0.0
0,0,1.0,0.0,0.0,0.0
0,0,1.0,0.0,0.0,0.0
0,0,1.0,0.0,0.0,0.0
0,0,1.0,0.0,0.0,0.0
0,0,1.0,0.0,0.0,0.0
0,0,1.0,0.0,0.0,0.0
0,0,1.0,0.0,0.0,0.0
0,0,1.0,0.0,0.0,0.0
0,0,1.0,0.0,0.0,0.0
0,0,1.0,0.0,0.0,0.0
0,0,1.0,0.0,0.0,0.0
0,0,1.0,0.0,0.0,0.0
0,0,1.0,0.0,0.0,0.0
0,0,1.0,0.0,0.0,0.0
0,0,1.0,0.0,0.0,0.0
0,0,1.0,0.0,0.0,0.0
0,0,1.0,0.0,0.0,0.0
0,0,1.0,0.0,0.0,0.0
0,0,1.0,0.0,0.0,0.0
0,0,1.0,0.0,0.0,0.0
0,0,1.0,0.0,0.0,0.0
0,0,1.0,0.0,0.0,0.0
0,0,1.0,0.0,0.0,0.0
0,0,1.0,0.0,0.0,0.0
0,0,1.0,0.0,0.0,0.0
0,0,1.0,0.0,0.0,0.0
0,0,1.0,0.0,0.0,0.0
0,0,1.0,0.0,0.0,0.0
0,0,1.0,0.0,0.0,0.0
0,0,1.0,0.0,0.0,0.0
0,0,1.0,0.0,0.0,0.0
0,0,1.0,0.0,0.0,0.0
0,0,1.0,0.0,0.0,0.0
0,0,1.0,0.0,0.0,0.0
0,0,1.0,0.0,0.0,0.0
0,0,1.0,0.0,0.0,0.0
0,0,1.0,0.0,0.0,0.0
0,0,1.0,0.0,0.0,0.0
0,0,1.0,0.0,0.0,0.0
0,0,1.0,0.0,0.0,0.0
0,0,1.0,0.0,0.0,0.0
0,0,1.0,0.0,0.0,0.0
0,0,1.0,0.0,0.0,0.0
0,0,1.0,0.0,0.0,0.0
0,0,1.0,0.0,0.0,0.0
0,0,1.0,0.0,0.0,0.0
0,0,1.0,0.0,0.0,0.0
0,0,1.0,0.0,0.0,0.0
0,0,1.0,0.0,0.0,0.0
0,0,1.0,0.0,0.0,0.0
0,0,1.0,0.0,0.0,0.0
0,0,1.0,0.0,0.0,0.0
0,0,1.0,0.0,0.0,0.0
0,0,1.0,0.0,0.0,0.0
0,0,1.0,0.0,0.0,0.0
0,0,1.0,0.0,0.0,0.0
0,0,1.0,0.0,0.0,0.0
0,0,1.0,0.0,0.0,0.0
0,0,1.0,0.0,0.0,0.0
0,0,1.0,0.0,0.0,0.0
0,0,1.0,0.0,0.0,0.0
0,0,1.0,0.0,0.0,0.0
0,0,1.0,0.0,0.0,0.0
0,0,1.0,0.0,0.0,0.0
0,0,1.0,0.0,0.0,0.0
0,0,1.0,0.0,0.0,0.0
0,0,1.0,0.0,0.0,0.0
0,0,1.0,0.0,0.0,0.0
0,0,1.0,0.0,0.0,0.0
0,0,1.0,0.0,0.0,0.0
0,0,1.0,0.0,0.0,0.0
0,0,1.0,0.0,0.0,0.0
0,0,1.0,0.0,0.0,0.0
0,0,1.0,0.0,0.0,0.0
0,0,1.0,0.0,0.0,0.0
0,0,1.0,0.0,0.0,0.0
0,0,1.0,0.0,0.0,0.0
0,0,1.0,0.0,0.0,0.0
0,0,1.0,0.0,0.0,0.0
0,0,1.0,0.0,0.0,0.0
0,0,1.0,0.0,0.0,0.0
0,0,1.0,0.0,0.0,0.0
0,0,1.0,0.0,0.0,0.0
0,0,1.0,0.0,0.0,0.0
0,0,1.0,0.0,0.0,0.0
0,0,1.0,0.0,0.0,0.0
0,0,1.0,0.0,0.0,0.0
0,0,1.0,0.0,0.0,0.0
0,0,1.0,0.0,0.0,0.0
0,0,1.0,0.0,0.0,0.0
0,0,1.0,0.0,0.0,0.0
0,0,1.0,0.0,0.0,0.0
0,0,1.0,0.0,0.0,0.0
0,0,1.0,0.0,0.0,0.0
0,0,1.0,0.0,0.0,0.0
0,0,1.0,0.0,0.0,0.0
0,0,1.0,0.0,0.0,0.0
0,0,1.0,0.0,0.0,0.0
0,0,1.0,0.0,0.0,0.0
0,0,1.0,0.0,0.0,0.0
0,0,1.0,0.0,0.0,0.0
0,0,1.0,0.0,0.0,0.0
0,0,1.0,0.0,0.0,0.0
0,0,1.0,0.0,0.0,0.0
0,0,1.0,0.0,0.0,0.0
0,0,1.0,0.0,0.0,0.0
0,0,1.0,0.0,0.0,0.0
0,0,1.0,0.0,0.0,0.0
0,0,1.0,0.0,0.0,0.0
0,0,1.0,0.0,0.0,0.0
0,0,1.0,0.0,0.0,0.0
0,0,1.0,0.0,0.0,0.0
0,0,1.0,0.0,0.0,0.0
0,0,1.0,0.0,0.0,0.0
0,0,1.0,0.0,0.0,0.0
0,0,1.0,0.0,0.0,0.0
0,0,1.0,0.0,0.0,0.0
0,0,1.0,0.0,0.0,0.0
0,0,1.0,0.0,0.0,0.0
0,0,1.0,0.0,0.0,0.0
0,0,1.0,0.0,0.0,0.0
0,0,1.0,0.0,0.0,0.0
0,0,1.0,0.0,0.0,0.0
0,0,1.0,0.0,0.0,0.0
0,0,1.0,0.0,0.0,0.0
0,0,1.0,0.0,0.0,0.0
0,0,1.0,0.0,0.0,0.0
0,0,1.0,0.0,0.0,0.0
0,0,1.0,0.0,0.0,0.0
0,0,1.0,0.0,0.0,0.0
0,0,1.0,0.0,0.0,0.0
0,0,1.0,0.0,0.0,0.0
0,0,1.0,0.0,0.0,0.0
0,0,1.0,0.0,0.0,0.0
0,0,1.0,0.0,0.0,0.0
0,0,1.0,0.0,0.0,0.0
0,0,1.0,0.0,0.0,0.0
0,0,1.0,0.0,0.0,0.0
0,0,1.0,0.0,0.0,0.0
0,0,1.0,0.0,0.0,0.0
0,0,1.0,0.0,0.0,0.0
0,0,1.0,0.0,0.0,0.0
0,0,1.0,0.0,0.0,0.0
0,0,1.0,0.0,0.0,0.0
0,0,1.0,0.0,0.0,0.0
0,0,1.0,0.0,0.0,0.0
0,0,1.0,0.0,0.0,0.0
0,0,1.0,0.0,0.0,0.0
0,0,1.0,0.0,0.0,0.0
0,0,1.0,0.0,0.0,0.0
0,0,1.0,0.0,0.0,0.0
0,0,1.0,0.0,0.0,0.0
0,0,1.0,0.0,0.0,0.0
0,0,1.0,0.0,0.0,0.0
0,0,1.0,0.0,0.0,0.0
0,0,1.0,0.0,0.0,0.0
0,0,1.0,0.0,0.0,0.0
0,0,1.0,0.0,0.0,0.0
0,0,1.0,0.0,0.0,0.0
0,0,1.0,0.0,0.0,0.0
0,0,1.0,0.0,0.0,0.0
0,0,1.0,0.0,0.0,0.0
0,0,1.0,0.0,0.0,0.0
0,0,1.0,0.0,0.0,0.0
0,0,1.0,0.0,0.0,0.0
0,0,1.0,0.0,0.0,0.0
0,0,1.0,0.0,0.0,0.0
0,0,1.0,0.0,0.0,0.0
0,0,1.0,0.0,0.0,0.0
0,0,1.0,0.0,0.0,0.0
0,0,1.0,0.0,0.0,0.0
0,0,1.0,0.0,0.0,0.0
0,0,1.0,0.0,0.0,0.0
0,0,1.0,0.0,0.0,0.0
0,0,1.0,0.0,0.0,0.0
0,0,1.0,0.0,0.0,0.0
0,0,1.0,0.0,0.0,0.0
0,0,1.0,0.0,0.0,0.0
0,0,1.0,0.0,0.0,0.0
0,0,1.0,0.0,0.0,0.0
0,0,1.0,0.0,0.0,0.0
0,0,1.0,0.0,0.0,0.0
0,0,1.0,0.0,0.0,0.0
0,0,0.9335471,0.06645286,0.0,0.0
0,0,0.9335471,0.06645286,0.0,0.0
0,0,0.9335471,0.06645286,0.0,0.0
0,0,0.9335471,0.06645286,0.0,0.0
0,0,0.9335471,0.06645286,0.0,0.0
0,0,0.9335471,0.06645286,0.0,0.0
0,0,0.9335471,0.06645286,0.0,0.0
0,0,0.9335471,0.06645286,0.0,0.0
0,0,0.9335471,0.06645286,0.0,0.0
0,0,0.9335471,0.06645286,0.0,0.0
0,0,0.9335471,0.06645286,0.0,0.0
0,0,0.9335471,0.06645286,0.0,0.0
0,0,0.9335471,0.06645286,0.0,0.0
0,0,0.9335471,0.06645286,0.0,0.0
0,0,0.9335471,0.06645286,0.0,0.0
0,0,0.9335471,0.06645286,0.0,0.0
0,0,0.9335471,0.06645286,0.0,0.0
0,0,0.9335471,0.06645286,0.0,0.0
0,0,0.9335471,0.06645286,0.0,0.0
0,0,0.9335471,0.06645286,0.0,0.0
0,0,0.9335471,0.06645286,0.0,0.0
0,0,0.9335471,0.06645286,0.0,0.0
0,0,0.9335471,0.06645286,0.0,0.0
0,0,0.9335471,0.06645286,0.0,0.0
0,0,0.9335471,0.06645286,0.0,0.0
0,0,0.9335471,0.06645286,0.0,0.0
0,0,0.9335471,0.06645286,0.0,0.0
0,0,0.9335471,0.06645286,0.0,0.0
0,0,0.9335471,0.06645286,0.0,0.0
0,0,0.9335471,0.06645286,0.0,0.0
0,0,0.9335471,0.06645286,0.0,0.0
0,0,0.9335471,0.06645286,0.0,0.0
0,0,0.9335471,0.06645286,0.0,0.0
0,0,0.9335471,0.06645286,0.0,0.0
0,0,0.9335471,0.06645286,0.0,0.0
0,0,0.9335471,0.06645286,0.0,0.0
0,0,0.9335471,0.06645286,0.0,0.0
0,0,0.9335471,0.06645286,0.0,0.0
0,0,0.9335471,0.06645286,0.0,0.0
0,0,0.9335471,0.06645286,0.0,0.0
0,0,0.9335471,0.06645286,0.0,0.0
0,0,0.9335471,0.06645286,0.0,0.0
0,0,0.9335471,0.06645286,0.0,0.0
0,0,0.9335471,0.06645286,0.0,0.0
0,0,0.9335471,0.06645286,0.0,0.0
0,0,0.9335471,0.06645286,0.0,0.0
0,0,0.9335471,0.06645286,0.0,0.0
0,0,0.9335471,0.06645286,0.0,0.0
0,0,0.9335471,0.06645286,0.0,0.0
0,0,0.9335471,0.06645286,0.0,0.0
0,0,0.9335471,0.06645286,0.0,0.0
0,0,0.9335471,0.06645286,0.0,0.0
0,0,0.9335471,0.06645286,0.0,0.0
0,0,0.9335471,0.06645286,0.0,0.0
0,0,0.9335471,0.06645286,0.0,0.0
0,0,0.9335471,0.06645286,0.0,0.0
0,0,0.9335471,0.06645286,0.0,0.0
0,0,0.9335471,0.06645286,0.0,0.0
0,0,0.9335471,0.06645286,0.0,0.0
0,0,0.9335471,0.06645286,0.0,0.0
0,0,0.9335471,0.06645286,0.0,0.0
0,0,0.9335471,0.06645286,0.0,0.0
0,0,0.9335471,0.06645286,0.0,0.0
0,0,0.9335471,0.06645286,0.0,0.0
0,0,0.9335471,0.06645286,0.0,0.0
0,0,0.9335471,0.06645286,0.0,0.0
0,0,0.9335471,0.06645286,0.0,0.0
0,0,0.9335471,0.06645286,0.0,0.0
0,0,0.9335471,0.06645286,0.0,0.0
0,0,0.9335471,0.06645286,0.0,0.0
0,0,0.9335471,0.06645286,0.0,0.0
0,0,0.9335471,0.06645286,0.0,0.0
0,0,0.9335471,0.06645286,0.0,0.0
0,0,0.9335471,0.06645286,0.0,0.0
0,0,0.9335471,0.06645286,0.0,0.0
0,0,0.9335471,0.06645286,0.0,0.0
0,0,0.9335471,0.06645286,0.0,0.0
0,0,0.9335471,0.06645286,0.0,0.0
0,0,0.9335471,0.06645286,0.0,0.0
0,0,0.9335471,0.06645286,0.0,0.0
0,0,0.9335471,0.06645286,0.0,0.0
0,0,0.9335471,0.06645286,0.0,0.0
0,0,0.9335471,0.06645286,0.0,0.0
0,0,0.9335471,0.06645286,0.0,0.0
0,0,0.9335471,0.06645286,0.0,0.0
0,0,0.9335471,0.06645286,0.0,0.0
0,0,0.9335471,0.06645286,0.0,0.0
0,0,0.9335471,0.06645286,0.0,0.0
0,0,0.9335471,0.06645286,0.0,0.0
0,0,0.9335471,0.06645286,0.0,0.0
0,0,0.9335471,0.06645286,0.0,0.0
0,0,0.9335471,0.06645286,0.0,0.0
0,0,0.9335471,0.06645286,0.0,0.0
0,0,0.9335471,0.06645286,0.0,0.0
0,0,0.9335471,0.06645286,0.0,0.0
0,0,0.9335471,0.06645286,0.0,0.0
0,0,0.9335471,0.06645286,0.0,0.0
0,0,0.9335471,0.06645286,0.0,0.0
0,0,0.9335471,0.06645286,0.0,0.0
0,0,0.9335471,0.06645286,0.0,0.0
0,0,0.9335471,0.06645286,0.0,0.0
0,0,0.9335471,0.06645286,0.0,0.0
0,0,0.9335471,0.06645286,0.0,0.0
0,0,0.9335471,0.06645286,0.0,0.0
0,0,0.9335471,0.06645286,0.0,0.0
0,0,0.9335471,0.06645286,0.0,0.0
0,0,0.9335471,0.06645286,0.0,0.0
0,0,0.9335471,0.06645286,0.0,0.0
0,0,0.9335471,0.06645286,0.0,0.0
0,0,0.9335471,0.06645286,0.0,0.0
0,0,0.9335471,0.06645286,0.0,0.0
0,0,0.9335471,0.06645286,0.0,0.0
0,0,0.9335471,0.06645286,0.0,0.0
0,0,0.9335471,0.06645286,0.0,0.0
0,0,0.9335471,0.06645286,0.0,0.0
0,0,0.9335471,0.06645286,0.0,0.0
0,0,0.9335471,0.06645286,0.0,0.0
0,0,0.9335471,0.06645286,0.0,0.0
0,0,0.9335471,0.06645286,0.0,0.0
0,0,0.9335471,0.06645286,0.0,0.0
0,0,0.9335471,0.06645286,0.0,0.0
0,0,0.9335471,0.06645286,0.0,0.0
0,0,0.9335471,0.06645286,0.0,0.0
0,0,0.9335471,0.06645286,0.0,0.0
0,0,0.9335471,0.06645286,0.0,0.0
0,0,0.9335471,0.06645286,0.0,0.0
0,0,0.9335471,0.06645286,0.0,0.0
0,0,0.9335471,0.06645286,0.0,0.0
0,0,0.9335471,0.06645286,0.0,0.0
0,0,0.9335471,0.06645286,0.0,0.0
0,0,0.9335471,0.06645286,0.0,0.0
0,0,0.9335471,0.06645286,0.0,0.0
0,0,0.9335471,0.06645286,0.0,0.0
0,0,0.9335471,0.06645286,0.0,0.0
0,0,0.9335471,0.06645286,0.0,0.0
0,0,0.9335471,0.06645286,0.0,0.0
0,0,0.9335471,0.06645286,0.0,0.0
0,0,0.9335471,0.06645286,0.0,0.0
0,0,0.9335471,0.06645286,0.0,0.0
0,0,0.9335471,0.06645286,0.0,0.0
0,0,1.0,0.0,0.0,0.0
0,0,1.0,0.0,0.0,0.0
0,0,1.0,0.0,0.0,0.0
0,0,1.0,0.0,0.0,0.0
0,0,1.0,0.0,0.0,0.0
0,0,1.0,0.0,0.0,0.0
0,0,1.0,0.0,0.0,0.0
0,0,1.0,0.0,0.0,0.0
0,0,1.0,0.0,0.0,0.0
0,0,1.0,0.0,0.0,0.0
0,0,1.0,0.0,0.0,0.0
0,0,1.0,0.0,0.0,0.0
0,0,0.9335471,0.06645286,0.0,0.0
0,0,0.9335471,0.06645286,0.0,0.0
0,0,0.9335471,0.06645286,0.0,0.0
0,0,0.9335471,0.06645286,0.0,0.0
0,0,0.9335471,0.06645286,0.0,0.0
0,0,0.9335471,0.06645286,0.0,0.0
0,0,0.9335471,0.06645286,0.0,0.0
0,0,0.9335471,0.06645286,0.0,0.0
0,0,0.9335471,0.06645286,0.0,0.0
0,0,0.9335471,0.06645286,0.0,0.0
0,0,0.9335471,0.06645286,0.0,0.0
0,0,0.9335471,0.06645286,0.0,0.0
0,0,1.0,0.0,0.0,0.0
0,0,1.0,0.0,0.0,0.0
0,0,1.0,0.0,0.0,0.0
0,0,1.0,0.0,0.0,0.0
0,0,1.0,0.0,0.0,0.0
0,0,1.0,0.0,0.0,0.0
0,0,1.0,0.0,0.0,0.0
0,0,1.0,0.0,0.0,0.0
0,0,1.0,0.0,0.0,0.0
0,0,1.0,0.0,0.0,0.0
0,0,1.0,0.0,0.0,0.0
0,0,1.0,0.0,0.0,0.0
0,0,1.0,0.0,0.0,0.0
0,0,1.0,0.0,0.0,0.0
0,0,1.0,0.0,0.0,0.0
0,0,1.0,0.0,0.0,0.0
0,0,1.0,0.0,0.0,0.0
0,0,1.0,0.0,0.0,0.0
0,0,1.0,0.0,0.0,0.0
0,0,1.0,0.0,0.0,0.0
0,0,1.0,0.0,0.0,0.0
0,0,1.0,0.0,0.0,0.0
0,0,1.0,0.0,0.0,0.0
0,0,1.0,0.0,0.0,0.0
0,0,1.0,0.0,0.0,0.0
0,0,1.0,0.0,0.0,0.0
0,0,1.0,0.0,0.0,0.0
0,0,1.0,0.0,0.0,0.0
0,0,1.0,0.0,0.0,0.0
0,0,1.0,0.0,0.0,0.0
0,0,1.0,0.0,0.0,0.0
0,0,1.0,0.0,0.0,0.0
0,0,1.0,0.0,0.0,0.0
0,0,1.0,0.0,0.0,0.0
0,0,1.0,0.0,0.0,0.0
0,0,1.0,0.0,0.0,0.0
0,0,1.0,0.0,0.0,0.0
0,0,1.0,0.0,0.0,0.0
0,0,1.0,0.0,0.0,0.0
0,0,1.0,0.0,0.0,0.0
0,0,1.0,0.0,0.0,0.0
0,0,1.0,0.0,0.0,0.0
0,0,1.0,0.0,0.0,0.0
0,0,1.0,0.0,0.0,0.0
0,0,1.0,0.0,0.0,0.0
0,0,1.0,0.0,0.0,0.0
0,0,1.0,0.0,0.0,0.0
0,0,1.0,0.0,0.0,0.0
0,0,1.0,0.0,0.0,0.0
0,0,1.0,0.0,0.0,0.0
0,0,1.0,0.0,0.0,0.0
0,0,1.0,0.0,0.0,0.0
0,0,1.0,0.0,0.0,0.0
0,0,1.0,0.0,0.0,0.0
0,0,1.0,0.0,0.0,0.0
0,0,1.0,0.0,0.0,0.0
0,0,1.0,0.0,0.0,0.0
0,0,1.0,0.0,0.0,0.0
0,0,1.0,0.0,0.0,0.0
0,0,1.0,0.0,0.0,0.0
0,0,1.0,0.0,0.0,0.0
0,0,1.0,0.0,0.0,0.0
0,0,1.0,0.0,0.0,0.0
0,0,1.0,0.0,0.0,0.0
0,0,1.0,0.0,0.0,0.0
0,0,1.0,0.0,0.0,0.0
0,0,1.0,0.0,0.0,0.0
0,0,1.0,0.0,0.0,0.0
0,0,1.0,0.0,0.0,0.0
0,0,1.0,0.0,0.0,0.0
0,0,1.0,0.0,0.0,0.0
0,0,1.0,0.0,0.0,0.0
0,0,1.0,0.0,0.0,0.0
0,0,1.0,0.0,0.0,0.0
0,0,1.0,0.0,0.0,0.0
0,0,1.0,0.0,0.0,0.0
0,0,1.0,0.0,0.0,0.0
0,0,1.0,0.0,0.0,0.0
0,0,1.0,0.0,0.0,0.0
0,0,1.0,0.0,0.0,0.0
0,0,1.0,0.0,0.0,0.0
0,0,1.0,0.0,0.0,0.0
0,0,1.0,0.0,0.0,0.0
0,0,1.0,0.0,0.0,0.0
0,0,1.0,0.0,0.0,0.0
0,0,1.0,0.0,0.0,0.0
0,0,1.0,0.0,0.0,0.0
0,0,1.0,0.0,0.0,0.0
0,0,1.0,0.0,0.0,0.0
0,0,1.0,0.0,0.0,0.0
0,0,1.0,0.0,0.0,0.0
0,0,1.0,0.0,0.0,0.0
0,0,1.0,0.0,0.0,0.0
0,0,1.0,0.0,0.0,0.0
0,0,1.0,0.0,0.0,0.0
0,0,1.0,0.0,0.0,0.0
0,0,1.0,0.0,0.0,0.0
0,0,1.0,0.0,0.0,0.0
0,0,1.0,0.0,0.0,0.0
0,0,1.0,0.0,0.0,0.0
0,0,1.0,0.0,0.0,0.0
0,0,1.0,0.0,0.0,0.0
0,0,1.0,0.0,0.0,0.0
0,0,1.0,0.0,0.0,0.0
0,0,1.0,0.0,0.0,0.0
0,0,1.0,0.0,0.0,0.0
0,0,1.0,0.0,0.0,0.0
0,0,1.0,0.0,0.0,0.0
0,0,1.0,0.0,0.0,0.0
0,0,1.0,0.0,0.0,0.0
0,0,1.0,0.0,0.0,0.0
0,0,1.0,0.0,0.0,0.0
0,0,1.0,0.0,0.0,0.0
0,0,1.0,0.0,0.0,0.0
0,0,1.0,0.0,0.0,0.0
0,0,1.0,0.0,0.0,0.0
0,0,1.0,0.0,0.0,0.0
0,0,1.0,0.0,0.0,0.0
0,0,1.0,0.0,0.0,0.0
0,0,1.0,0.0,0.0,0.0
0,0,1.0,0.0,0.0,0.0
0,0,1.0,0.0,0.0,0.0
0,0,1.0,0.0,0.0,0.0
0,0,1.0,0.0,0.0,0.0
0,0,0.948349,0.05165099,0.0,0.0
0,0,0.948349,0.05165099,0.0,0.0
0,0,0.948349,0.05165099,0.0,0.0
0,0,0.948349,0.05165099,0.0,0.0
0,0,0.948349,0.05165099,0.0,0.0
0,0,0.948349,0.05165099,0.0,0.0
0,0,0.948349,0.05165099,0.0,0.0
0,0,0.948349,0.05165099,0.0,0.0
0,0,0.948349,0.05165099,0.0,0.0
0,0,0.948349,0.05165099,0.0,0.0
0,0,0.948349,0.05165099,0.0,0.0
0,0,0.948349,0.05165099,0.0,0.0
0,0,0.948349,0.05165099,0.0,0.0
0,0,0.948349,0.05165099,0.0,0.0
0,0,0.948349,0.05165099,0.0,0.0
0,0,0.948349,0.05165099,0.0,0.0
0,0,0.8966474,0.10335262,0.0,0.0
0,0,0.8966474,0.10335262,0.0,0.0
0,0,0.8966474,0.10335262,0.0,0.0
0,0,0.8966474,0.10335262,0.0,0.0
0,0,0.83019453,0.1698055,0.0,0.0
0,0,0.83019453,0.1698055,0.0,0.0
0,0,0.83019453,0.1698055,0.0,0.0
0,0,0.83019453,0.1698055,0.0,0.0
0,0,0.7648203,0.23517974,0.0,0.0
0,0,0.7648203,0.23517974,0.0,0.0
0,0,0.7648203,0.23517974,0.0,0.0
0,0,0.7648203,0.23517974,0.0,0.0
0,0,0.7648203,0.23517974,0.0,0.0
0,0,0.7648203,0.23517974,0.0,0.0
0,0,0.7648203,0.23517974,0.0,0.0
0,0,0.7648203,0.23517974,0.0,0.0
0,0,0.7648203,0.23517974,0.0,0.0
0,0,0.7648203,0.23517974,0.0,0.0
0,0,0.7648203,0.23517974,0.0,0.0
0,0,0.7648203,0.23517974,0.0,0.0
0,0,0.7648203,0.23517974,0.0,0.0
0,0,0.7648203,0.23517974,0.0,0.0
0,0,0.7648203,0.23517974,0.0,0.0
0,0,0.7648203,0.23517974,0.0,0.0
0,0,0.7648203,0.23517974,0.0,0.0
0,0,0.7648203,0.23517974,0.0,0.0
0,0,0.7648203,0.23517974,0.0,0.0
0,0,0.7648203,0.23517974,0.0,0.0
0,0,0.7648203,0.23517974,0.0,0.0
0,0,0.7648203,0.23517974,0.0,0.0
0,0,0.7648203,0.23517974,0.0,0.0
0,0,0.7648203,0.23517974,0.0,0.0
0,0,0.71260273,0.28739724,0.0,0.0
0,0,0.71260273,0.28739724,0.0,0.0
0,0,0.71260273,0.28739724,0.0,0.0
0,0,0.71260273,0.28739724,0.0,0.0
0,0,0.71260273,0.28739724,0.0,0.0
0,0,0.71260273,0.28739724,0.0,0.0
0,0,0.71260273,0.28739724,0.0,0.0
0,0,0.71260273,0.28739724,0.0,0.0
0,0,0.66160214,0.28739724,0.0,0.051000576
0,0,0.66160214,0.28739724,0.0,0.051000576
0,0,0.66160214,0.28739724,0.0,0.051000576
0,0,0.66160214,0.28739724,0.0,0.051000576
0,0,0.58298624,0.3660132,0.0,0.051000576
0,0,0.58298624,0.3660132,0.0,0.051000576
0,0,0.58298624,0.3660132,0.0,0.051000576
0,0,0.58298624,0.3660132,0.0,0.051000576
0,0,0.5279304,0.421069,0.0,0.051000573
0,0,0.5279304,0.421069,0.0,0.051000573
0,0,0.5279304,0.421069,0.0,0.051000573
0,0,0.5279304,0.421069,0.0,0.051000573
0,0,0.5279304,0.421069,0.0,0.051000573
0,0,0.5279304,0.421069,0.0,0.051000573
0,0,0.5279304,0.421069,0.0,0.051000573
0,0,0.5279304,0.421069,0.0,0.051000573
0,1,0.45028087,0.4987185,0.0,0.051000573
0,1,0.45028087,0.4987185,0.0,0.051000573
0,1,0.45028087,0.4987185,0.0,0.051000573
0,1,0.45028087,0.4987185,0.0,0.051000573
0,1,0.45028087,0.4987185,0.0,0.051000573
0,1,0.45028087,0.4987185,0.0,0.051000573
0,1,0.45028087,0.4987185,0.0,0.051000573
0,1,0.45028087,0.4987185,0.0,0.051000573
0,1,0.40000245,0.548997,0.0,0.051000576
0,1,0.40000245,0.548997,0.0,0.051000576
0,1,0.40000245,0.548997,0.0,0.051000576
0,1,0.40000245,0.548997,0.0,0.051000576
0,1,0.40000245,0.548997,0.0,0.051000576
0,1,0.40000245,0.548997,0.0,0.051000576
0,1,0.40000245,0.548997,0.0,0.051000576
0,1,0.40000245,0.548997,0.0,0.051000576
0,1,0.40000245,0.548997,0.0,0.051000576
0,1,0.40000245,0.548997,0.0,0.051000576
0,1,0.40000245,0.548997,0.0,0.051000576
0,1,0.40000245,0.548997,0.0,0.051000576
0,1,0.40000245,0.548997,0.0,0.051000576
0,1,0.40000245,0.548997,0.0,0.051000576
0,1,0.40000245,0.548997,0.0,0.051000576
0,1,0.40000245,0.548997,0.0,0.051000576
0,1,0.33669224,0.6123072,0.0,0.051000576
0,1,0.33669224,0.6123072,0.0,0.051000576
0,1,0.33669224,0.6123072,0.0,0.051000576
0,1,0.33669224,0.6123072,0.0,0.051000576
0,1,0.33669224,0.6123072,0.0,0.051000576
0,1,0.33669224,0.6123072,0.0,0.051000576
0,1,0.33669224,0.6123072,0.0,0.051000576
0,1,0.33669224,0.6123072,0.0,0.051000576
0,1,0.33669224,0.6123072,0.0,0.051000576
0,1,0.33669224,0.6123072,0.0,0.051000576
0,1,0.33669224,0.6123072,0.0,0.051000576
0,1,0.33669224,0.6123072,0.0,0.051000576
0,1,0.33669224,0.6123072,0.0,0.051000576
0,1,0.33669224,0.6123072,0.0,0.051000576
0,1,0.33669224,0.6123072,0.0,0.051000576
0,1,0.33669224,0.6123072,0.0,0.051000576
0,1,0.33669224,0.6123072,0.0,0.051000576
0,1,0.33669224,0.6123072,0.0,0.051000576
0,1,0.33669224,0.6123072,0.0,0.051000576
0,1,0.33669224,0.6123072,0.0,0.051000576
0,1,0.33669224,0.6123072,0.0,0.051000576
0,1,0.33669224,0.6123072,0.0,0.051000576
0,1,0.33669224,0.6123072,0.0,0.051000576
0,1,0.33669224,0.6123072,0.0,0.051000576
0,1,0.28451565,0.6123072,0.05217658,0.051000576
0,1,0.28451565,0.6123072,0.05217658,0.051000576
0,1,0.28451565,0.6123072,0.05217658,0.051000576
0,1,0.28451565,0.6123072,0.05217658,0.051000576
0,1,0.28451565,0.6123072,0.05217658,0.051000576
0,1,0.28451565,0.6123072,0.05217658,0.051000576
0,1,0.28451565,0.6123072,0.05217658,0.051000576
0,1,0.28451565,0.6123072,0.05217658,0.051000576
0,1,0.19885479,0.6123072,0.13783744,0.051000576
0,1,0.19885479,0.6123072,0.13783744,0.051000576
0,1,0.19885479,0.6123072,0.13783744,0.051000576
0,1,0.19885479,0.6123072,0.13783744,0.051000576
0,1,0.13411663,0.6123072,0.13783744,0.115738735
0,1,0.13411663,0.6123072,0.13783744,0.115738735
0,1,0.13411663,0.6123072,0.13783744,0.115738735
0,1,0.13411663,0.6123072,0.13783744,0.115738735
1,1,0.13411663,0.6123072,0.13783744,0.115738735
1,1,0.13411663,0.6123072,0.13783744,0.115738735
1,1,0.13411663,0.6123072,0.13783744,0.115738735
1,1,0.13411663,0.6123072,0.13783744,0.115738735
1,1,0.13411663,0.6123072,0.13783744,0.115738735
1,1,0.13411663,0.6123072,0.13783744,0.115738735
1,1,0.13411663,0.6123072,0.13783744,0.115738735
1,1,0.13411663,0.6123072,0.13783744,0.115738735
1,1,0.13411663,0.6123072,0.13783744,0.115738735
1,1,0.13411663,0.6123072,0.13783744,0.115738735
1,1,0.13411663,0.6123072,0.13783744,0.115738735
1,1,0.13411663,0.6123072,0.13783744,0.115738735
1,1,0.13411663,0.6123072,0.13783744,0.115738735
1,1,0.13411663,0.6123072,0.13783744,0.115738735
1,1,0.13411663,0.6123072,0.13783744,0.115738735
1,1,0.13411663,0.6123072,0.13783744,0.115738735
1,1,0.13411663,0.6123072,0.13783744,0.115738735
1,1,0.13411663,0.6123072,0.13783744,0.115738735
1,1,0.13411663,0.6123072,0.13783744,0.115738735
1,1,0.13411663,0.6123072,0.13783744,0.115738735
1,1,0.13411662,0.55725133,0.19289327,0.11573873
1,1,0.13411662,0.55725133,0.19289327,0.11573873
1,1,0.13411662,0.55725133,0.19289327,0.11573873
1,1,0.13411662,0.55725133,0.19289327,0.11573873
1,1,0.064933136,0.5572514,0.19289328,0.18492225
1,1,0.064933136,0.5572514,0.19289328,0.18492225
1,1,0.064933136,0.5572514,0.19289328,0.18492225
1,1,0.064933136,0.5572514,0.19289328,0.18492225
1,1,0.064933136,0.5572514,0.19289328,0.18492225
1,1,0.064933136,0.5572514,0.19289328,0.18492225
1,1,0.064933136,0.5572514,0.19289328,0.18492225
1,1,0.064933136,0.5572514,0.19289328,0.18492225
1,1,0.0,0.5572514,0.19289328,0.24985535
1,1,0.0,0.5572514,0.19289328,0.24985535
1,1,0.0,0.5572514,0.19289328,0.24985535
1,1,0.0,0.5572514,0.19289328,0.24985535
1,1,0.0,0.5572514,0.19289328,0.24985535
1,1,0.0,0.5572514,0.19289328,0.24985535
1,1,0.0,0.5572514,0.19289328,0.24985535
1,1,0.0,0.5572514,0.19289328,0.24985535
1,1,0.0,0.5572514,0.2620768,0.18067187
1,1,0.0,0.5572514,0.2620768,0.18067187
1,1,0.0,0.5572514,0.2620768,0.18067187
1,1,0.0,0.5572514,0.2620768,0.18067187
1,1,0.0,0.5572514,0.2620768,0.18067187
1,1,0.0,0.5572514,0.2620768,0.18067187
1,1,0.0,0.5572514,0.2620768,0.18067187
1,1,0.0,0.5572514,0.2620768,0.18067187
1,1,0.0,0.5572514,0.2620768,0.18067187
1,1,0.0,0.5572514,0.2620768,0.18067187
1,1,0.0,0.5572514,0.2620768,0.18067187
1,1,0.0,0.5572514,0.2620768,0.18067187
1,1,0.0,0.5572514,0.2620768,0.18067187
1,1,0.0,0.5572514,0.2620768,0.18067187
1,1,0.0,0.5572514,0.2620768,0.18067187
1,1,0.0,0.5572514,0.2620768,0.18067187
1,1,0.0,0.5050338,0.26207677,0.23288938
1,1,0.0,0.5050338,0.26207677,0.23288938
1,1,0.0,0.5050338,0.26207677,0.23288938
1,1,0.0,0.5050338,0.26207677,0.23288938
1,1,0.0,0.5050338,0.26207677,0.23288938
1,1,0.0,0.5050338,0.26207677,0.23288938
1,1,0.0,0.5050338,0.26207677,0.23288938
1,1,0.0,0.5050338,0.26207677,0.23288938
1,1,0.0,0.5050338,0.26207677,0.23288938
1,1,0.0,0.5050338,0.26207677,0.23288938
1,1,0.0,0.5050338,0.26207677,0.23288938
1,1,0.0,0.5050338,0.26207677,0.23288938
1,1,0.0,0.5050338,0.26207677,0.23288938
1,1,0.0,0.5050338,0.26207677,0.23288938
1,1,0.0,0.5050338,0.26207677,0.23288938
1,1,0.0,0.5050338,0.26207677,0.23288938
1,1,0.0,0.5050338,0.26207677,0.23288938
1,1,0.0,0.5050338,0.26207677,0.23288938
1,1,0.0,0.5050338,0.26207677,0.23288938
1,1,0.0,0.5050338,0.26207677,0.23288938
1,1,0.0,0.5050338,0.26207677,0.23288938
1,1,0.0,0.5050338,0.26207677,0.23288938
1,1,0.0,0.5050338,0.26207677,0.23288938
1,1,0.0,0.5050338,0.26207677,0.23288938
1,1,0.0,0.42738432,0.33972627,0.23288938
1,1,0.0,0.42738432,0.33972627,0.23288938
1,1,0.0,0.42738432,0.33972627,0.23288938
1,1,0.0,0.42738432,0.33972627,0.23288938
1,1,0.0,0.42738432,0.33972627,0.23288938
1,1,0.0,0.42738432,0.33972627,0.23288938
1,1,0.0,0.42738432,0.33972627,0.23288938
1,1,0.0,0.42738432,0.33972627,0.23288938
1,2,0.0,0.31379566,0.39000475,0.2961996
1,2,0.0,0.31379566,0.39000475,0.2961996
1,2,0.0,0.31379566,0.39000475,0.2961996
1,2,0.0,0.31379566,0.39000475,0.2961996
1,2,0.0,0.31379566,0.39000475,0.2961996
1,2,0.0,0.31379566,0.39000475,0.2961996
1,2,0.0,0.31379566,0.39000475,0.2961996
1,2,0.0,0.31379566,0.39000475,0.2961996
1,2,0.0,0.31379566,0.39000475,0.2961996
1,2,0.0,0.31379566,0.39000475,0.2961996
1,2,0.0,0.31379566,0.39000475,0.2961996
1,2,0.0,0.31379566,0.39000475,0.2961996
1,2,0.0,0.31379566,0.39000475,0.2961996
1,2,0.0,0.31379566,0.39000475,0.2961996
1,2,0.0,0.31379566,0.39000475,0.2961996
1,2,0.0,0.31379566,0.39000475,0.2961996
1,3,0.0,0.26209405,0.3349489,0.40295705
1,3,0.0,0.26209405,0.3349489,0.40295705
1,3,0.0,0.26209405,0.3349489,0.40295705
1,3,0.0,0.26209405,0.3349489,0.40295705
1,3,0.0,0.26209405,0.3349489,0.40295705
1,3,0.0,0.26209405,0.3349489,0.40295705
1,3,0.0,0.26209405,0.3349489,0.40295705
1,3,0.0,0.26209405,0.3349489,0.40295705
1,3,0.0,0.19564119,0.40140176,0.40295705
1,3,0.0,0.19564119,0.40140176,0.40295705
1,3,0.0,0.19564119,0.40140176,0.40295705
1,3,0.0,0.19564119,0.40140176,0.40295705
1,3,0.0,0.19564119,0.40140176,0.40295705
1,3,0.0,0.19564119,0.40140176,0.40295705
1,3,0.0,0.19564119,0.40140176,0.40295705
1,3,0.0,0.19564119,0.40140176,0.40295705
1,2,0.0,0.06537423,0.48001772,0.45460805
1,2,0.0,0.06537423,0.48001772,0.45460805
1,2,0.0,0.06537423,0.48001772,0.45460805
1,2,0.0,0.06537423,0.48001772,0.45460805
1,2,0.0,0.06537423,0.48001772,0.45460805
1,2,0.0,0.06537423,0.48001772,0.45460805
1,2,0.0,0.06537423,0.48001772,0.45460805
1,2,0.0,0.06537423,0.48001772,0.45460805
1,2,0.0,0.06537423,0.48001772,0.45460805
1,2,0.0,0.06537423,0.48001772,0.45460805
1,2,0.0,0.06537423,0.48001772,0.45460805
1,2,0.0,0.06537423,0.48001772,0.45460805
1,2,0.0,0.06537423,0.48001772,0.45460805
1,2,0.0,0.06537423,0.48001772,0.45460805
1,2,0.0,0.06537423,0.48001772,0.45460805
1,2,0.0,0.06537423,0.48001772,0.45460805
1,2,0.0,0.06537423,0.48001772,0.45460805
1,2,0.0,0.06537423,0.48001772,0.45460805
1,2,0.0,0.06537423,0.48001772,0.45460805
1,2,0.0,0.06537423,0.48001772,0.45460805
1,2,0.0,0.06537423,0.48001772,0.45460805
1,2,0.0,0.06537423,0.48001772,0.45460805
1,2,0.0,0.06537423,0.48001772,0.45460805
1,2,0.0,0.06537423,0.48001772,0.45460805
1,2,0.0,0.06537423,0.48001772,0.45460805
1,2,0.0,0.06537423,0.48001772,0.45460805
1,2,0.0,0.06537423,0.48001772,0.45460805
1,2,0.0,0.06537423,0.48001772,0.45460805
1,2,0.0,0.06537423,0.48001772,0.45460805
1,2,0.0,0.06537423,0.48001772,0.45460805
1,2,0.0,0.06537423,0.48001772,0.45460805
1,2,0.0,0.06537423,0.48001772,0.45460805
1,2,0.0,0.0,0.5453919,0.45460805
1,2,0.0,0.0,0.5453919,0.45460805
1,2,0.0,0.0,0.5453919,0.45460805
1,2,0.0,0.0,0.5453919,0.45460805
1,2,0.0,0.0,0.5453919,0.45460805
1,2,0.0,0.0,0.5453919,0.45460805
1,2,0.0,0.0,0.5453919,0.45460805
1,2,0.0,0.0,0.5453919,0.45460805
1,2,0.0,0.0,0.5453919,0.45460805
1,2,0.0,0.0,0.5453919,0.45460805
1,2,0.0,0.0,0.5453919,0.45460805
1,2,0.0,0.0,0.5453919,0.45460805
1,2,0.0,0.0,0.5453919,0.45460805
1,2,0.0,0.0,0.5453919,0.45460805
1,2,0.0,0.0,0.5453919,0.45460805
1,2,0.0,0.0,0.5453919,0.45460805
1,2,0.0,0.0,0.5453919,0.45460805
1,2,0.0,0.0,0.5453919,0.45460805
1,2,0.0,0.0,0.5453919,0.45460805
1,2,0.0,0.0,0.5453919,0.45460805
1,2,0.0,0.0,0.5453919,0.45460805
1,2,0.0,0.0,0.5453919,0.45460805
1,2,0.0,0.0,0.5453919,0.45460805
1,2,0.0,0.0,0.5453919,0.45460805
1,2,0.0,0.0,0.5453919,0.45460805
1,2,0.0,0.0,0.5453919,0.45460805
1,2,0.0,0.0,0.5453919,0.45460805
1,2,0.0,0.0,0.5453919,0.45460805
1,2,0.0,0.0,0.5453919,0.45460805
1,2,0.0,0.0,0.5453919,0.45460805
1,2,0.0,0.0,0.5453919,0.45460805
1,2,0.0,0.0,0.5453919,0.45460805
1,2,0.0,0.0,0.58007693,0.41992304
1,2,0.0,0.0,0.58007693,0.41992304
1,2,0.0,0.0,0.58007693,0.41992304
1,2,0.0,0.0,0.58007693,0.41992304
1,2,0.0,0.0,0.58007693,0.41992304
1,2,0.0,0.0,0.58007693,0.41992304
1,2,0.0,0.0,0.58007693,0.41992304
1,2,0.0,0.0,0.58007693,0.41992304
1,2,0.0,0.0,0.6351328,0.36486718
1,2,0.0,0.0,0.6351328,0.36486718
1,2,0.0,0.0,0.6351328,0.36486718
1,2,0.0,0.0,0.6351328,0.36486718
1,2,0.0,0.0,0.6351328,0.36486718
1,2,0.0,0.0,0.6351328,0.36486718
1,2,0.0,0.0,0.6351328,0.36486718
1,2,0.0,0.0,0.6351328,0.36486718
1,2,0.0,0.0,0.6351328,0.36486718
1,2,0.0,0.0,0.6351328,0.36486718
1,2,0.0,0.0,0.6351328,0.36486718
1,2,0.0,0.0,0.6351328,0.36486718
1,2,0.0,0.0,0.6351328,0.36486718
1,2,0.0,0.0,0.6351328,0.36486718
1,2,0.0,0.0,0.6351328,0.36486718
1,2,0.0,0.0,0.6351328,0.36486718
1,2,0.0,0.0,0.6351328,0.36486718
1,2,0.0,0.0,0.6351328,0.36486718
1,2,0.0,0.0,0.6351328,0.36486718
1,2,0.0,0.0,0.6351328,0.36486718
1,2,0.0,0.0,0.6351328,0.36486718
1,2,0.0,0.0,0.6351328,0.36486718
1,2,0.0,0.0,0.6351328,0.36486718
1,2,0.0,0.0,0.6351328,0.36486718
1,2,0.0,0.0,0.6351328,0.36486718
1,2,0.0,0.0,0.6351328,0.36486718
1,2,0.0,0.0,0.6351328,0.36486718
1,2,0.0,0.0,0.6351328,0.36486718
1,2,0.0,0.0,0.6351328,0.36486718
1,2,0.0,0.0,0.6351328,0.36486718
1,2,0.0,0.0,0.6351328,0.36486718
1,2,0.0,0.0,0.6351328,0.36486718
1,2,0.0,0.0,0.6351328,0.36486718
1,2,0.0,0.0,0.6351328,0.36486718
1,2,0.0,0.0,0.6351328,0.36486718
1,2,0.0,0.0,0.6351328,0.36486718
1,2,0.0,0.0,0.6351328,0.36486718
1,2,0.0,0.0,0.6351328,0.36486718
1,2,0.0,0.0,0.6351328,0.36486718
1,2,0.0,0.0,0.6351328,0.36486718
1,2,0.0,0.0,0.6351328,0.36486718
1,2,0.0,0.0,0.6351328,0.36486718
1,2,0.0,0.0,0.6351328,0.36486718
1,2,0.0,0.0,0.6351328,0.36486718
1,2,0.0,0.0,0.6351328,0.36486718
1,2,0.0,0.0,0.6351328,0.36486718
1,2,0.0,0.0,0.6351328,0.36486718
1,2,0.0,0.0,0.6351328,0.36486718
1,2,0.0,0.0,0.6351328,0.36486718
1,2,0.0,0.0,0.6351328,0.36486718
1,2,0.0,0.0,0.6351328,0.36486718
1,2,0.0,0.0,0.6351328,0.36486718
1,2,0.0,0.0,0.6351328,0.36486718
1,2,0.0,0.0,0.6351328,0.36486718
1,2,0.0,0.0,0.6351328,0.36486718
1,2,0.0,0.0,0.6351328,0.36486718
1,2,0.0,0.0,0.5829562,0.41704378
1,2,0.0,0.0,0.5829562,0.41704378
1,2,0.0,0.0,0.5829562,0.41704378
1,2,0.0,0.0,0.5829562,0.41704378
1,2,0.0,0.0,0.5829562,0.41704378
1,2,0.0,0.0,0.5829562,0.41704378
1,2,0.0,0.0,0.5829562,0.41704378
1,2,0.0,0.0,0.5829562,0.41704378
1,2,0.0,0.0,0.5829562,0.41704378
1,2,0.0,0.0,0.5829562,0.41704378
1,2,0.0,0.0,0.5829562,0.41704378
1,2,0.0,0.0,0.5829562,0.41704378
1,2,0.0,0.0,0.5829562,0.41704378
1,2,0.0,0.0,0.5829562,0.41704378
1,2,0.0,0.0,0.5829562,0.41704378
1,2,0.0,0.0,0.5829562,0.41704378
1,2,0.0,0.0,0.5829562,0.41704378
1,2,0.0,0.0,0.5829562,0.41704378
1,2,0.0,0.0,0.5829562,0.41704378
1,2,0.0,0.0,0.5829562,0.41704378
1,2,0.0,0.0,0.5829562,0.41704378
1,2,0.0,0.0,0.5829562,0.41704378
1,2,0.0,0.0,0.5829562,0.41704378
1,2,0.0,0.0,0.5829562,0.41704378
1,2,0.0,0.0,0.5829562,0.41704378
1,2,0.0,0.0,0.5829562,0.41704378
1,2,0.0,0.0,0.5829562,0.41704378
1,2,0.0,0.0,0.5829562,0.41704378
1,2,0.0,0.0,0.5829562,0.41704378
1,2,0.0,0.0,0.5829562,0.41704378
1,2,0.0,0.0,0.5829562,0.41704378
1,2,0.0,0.0,0.5829562,0.41704378
1,3,0.0,0.0,0.49729535,0.5027047
1,3,0.0,0.0,0.49729535,0.5027047
1,3,0.0,0.0,0.49729535,0.5027047
1,3,0.0,0.0,0.49729535,0.5027047
1,3,0.0,0.0,0.49729535,0.5027047
1,3,0.0,0.0,0.49729535,0.5027047
1,3,0.0,0.0,0.49729535,0.5027047
1,3,0.0,0.0,0.49729535,0.5027047
1,3,0.0,0.0,0.49729535,0.5027047
1,3,0.0,0.0,0.49729535,0.5027047
1,3,0.0,0.0,0.49729535,0.5027047
1,3,0.0,0.0,0.49729535,0.5027047
1,3,0.0,0.0,0.49729535,0.5027047
1,3,0.0,0.0,0.49729535,0.5027047
1,3,0.0,0.0,0.49729535,0.5027047
1,3,0.0,0.0,0.49729535,0.5027047
1,2,0.0,0.0,0.5494719,0.45052806
1,2,0.0,0.0,0.5494719,0.45052806
1,2,0.0,0.0,0.5494719,0.45052806
1,2,0.0,0.0,0.5494719,0.45052806
1,2,0.0,0.0,0.5494719,0.45052806
1,2,0.0,0.0,0.5494719,0.45052806
1,2,0.0,0.0,0.5494719,0.45052806
1,2,0.0,0.0,0.5494719,0.45052806
1,2,0.0,0.0,0.5494719,0.45052806
1,2,0.0,0.0,0.5494719,0.45052806
1,2,0.0,0.0,0.5494719,0.45052806
1,2,0.0,0.0,0.5494719,0.45052806
1,2,0.0,0.0,0.5494719,0.45052806
1,2,0.0,0.0,0.5494719,0.45052806
1,2,0.0,0.0,0.5494719,0.45052806
1,2,0.0,0.0,0.5494719,0.45052806
1,2,0.0,0.0,0.5494719,0.45052806
1,2,0.0,0.0,0.5494719,0.45052806
1,2,0.0,0.0,0.5494719,0.45052806
1,2,0.0,0.0,0.5494719,0.45052806
1,2,0.0,0.0,0.5494719,0.45052806
1,2,0.0,0.0,0.5494719,0.45052806
1,2,0.0,0.0,0.5494719,0.45052806
1,2,0.0,0.0,0.5494719,0.45052806
1,3,0.0,0.0,0.4319211,0.5680789
1,3,0.0,0.0,0.4319211,0.5680789
1,3,0.0,0.0,0.4319211,0.5680789
1,3,0.0,0.0,0.4319211,0.5680789
1,3,0.0,0.0,0.4319211,0.5680789
1,3,0.0,0.0,0.4319211,0.5680789
1,3,0.0,0.0,0.4319211,0.5680789
1,3,0.0,0.0,0.4319211,0.5680789
1,3,0.0,0.0,0.44888708,0.5511129
1,3,0.0,0.0,0.44888708,0.5511129
1,3,0.0,0.0,0.44888708,0.5511129
1,3,0.0,0.0,0.44888708,0.5511129
1,3,0.0,0.0,0.44888708,0.5511129
1,3,0.0,0.0,0.44888708,0.5511129
1,3,0.0,0.0,0.44888708,0.5511129
1,3,0.0,0.0,0.44888708,0.5511129
1,3,0.0,0.0,0.44888708,0.5511129
1,3,0.0,0.0,0.44888708,0.5511129
1,3,0.0,0.0,0.44888708,0.5511129
1,3,0.0,0.0,0.44888708,0.5511129
1,3,0.0,0.0,0.44888708,0.5511129
1,3,0.0,0.0,0.44888708,0.5511129
1,3,0.0,0.0,0.44888708,0.5511129
1,3,0.0,0.0,0.44888708,0.5511129
1,3,0.0,0.0,0.3986086,0.60139143
1,3,0.0,0.0,0.3986086,0.60139143
1,3,0.0,0.0,0.3986086,0.60139143
1,3,0.0,0.0,0.3986086,0.60139143
1,3,0.0,0.0,0.3986086,0.60139143
1,3,0.0,0.0,0.3986086,0.60139143
1,3,0.0,0.0,0.3986086,0.60139143
1,3,0.0,0.0,0.3986086,0.60139143
1,3,0.0,0.0,0.3986086,0.60139143
1,3,0.0,0.0,0.3986086,0.60139143
1,3,0.0,0.0,0.3986086,0.60139143
1,3,0.0,0.0,0.3986086,0.60139143
1,3,0.0,0.0,0.3986086,0.60139143
1,3,0.0,0.0,0.3986086,0.60139143
1,3,0.0,0.0,0.3986086,0.60139143
1,3,0.0,0.0,0.3986086,0.60139143
1,3,0.0,0.0,0.3986086,0.60139143
1,3,0.0,0.0,0.3986086,0.60139143
1,3,0.0,0.0,0.3986086,0.60139143
1,3,0.0,0.0,0.3986086,0.60139143
1,3,0.0,0.0,0.3986086,0.60139143
1,3,0.0,0.0,0.3986086,0.60139143
1,3,0.0,0.0,0.3986086,0.60139143
1,3,0.0,0.0,0.3986086,0.60139143
1,3,0.0,0.0,0.3986086,0.60139143
1,3,0.0,0.0,0.3986086,0.60139143
1,3,0.0,0.0,0.3986086,0.60139143
1,3,0.0,0.0,0.3986086,0.60139143
1,3,0.0,0.0,0.3986086,0.60139143
1,3,0.0,0.0,0.3986086,0.60139143
1,3,0.0,0.0,0.3986086,0.60139143
1,3,0.0,0.0,0.3986086,0.60139143
1,3,0.0,0.0,0.34695762,0.6530424
1,3,0.0,0.0,0.34695762,0.6530424
1,3,0.0,0.0,0.34695762,0.6530424
1,3,0.0,0.0,0.34695762,0.6530424
1,3,0.0,0.0,0.34695762,0.6530424
1,3,0.0,0.0,0.34695762,0.6530424
1,3,0.0,0.0,0.34695762,0.6530424
1,3,0.0,0.0,0.34695762,0.6530424
1,3,0.0,0.0,0.34695762,0.6530424
1,3,0.0,0.0,0.34695762,0.6530424
1,3,0.0,0.0,0.34695762,0.6530424
1,3,0.0,0.0,0.34695762,0.6530424
1,3,0.0,0.0,0.2805048,0.71949524
1,3,0.0,0.0,0.2805048,0.71949524
1,3,0.0,0.0,0.2805048,0.71949524
1,3,0.0,0.0,0.2805048,0.71949524
1,3,0.0,0.0,0.2805048,0.71949524
1,3,0.0,0.0,0.2805048,0.71949524
1,3,0.0,0.0,0.2805048,0.71949524
1,3,0.0,0.0,0.2805048,0.71949524
1,3,0.0,0.0,0.2805048,0.71949524
1,3,0.0,0.0,0.2805048,0.71949524
1,3,0.0,0.0,0.2805048,0.71949524
1,3,0.0,0.0,0.2805048,0.71949524
1,3,0.0,0.0,0.2805048,0.71949524
1,3,0.0,0.0,0.2805048,0.71949524
1,3,0.0,0.0,0.2805048,0.71949524
1,3,0.0,0.0,0.2805048,0.71949524
1,3,0.0,0.0,0.22544895,0.77455103
1,3,0.0,0.0,0.22544895,0.77455103
1,3,0.0,0.0,0.22544895,0.77455103
1,3,0.0,0.0,0.22544895,0.77455103
1,3,0.0,0.0,0.22544895,0.77455103
1,3,0.0,0.0,0.22544895,0.77455103
1,3,0.0,0.0,0.22544895,0.77455103
1,3,0.0,0.0,0.22544895,0.77455103
1,3,0.0,0.0,0.22544895,0.77455103
1,3,0.0,0.0,0.22544895,0.77455103
1,3,0.0,0.0,0.22544895,0.77455103
1,3,0.0,0.0,0.22544895,0.77455103
1,3,0.0,0.0,0.27762553,0.7223745
1,3,0.0,0.0,0.27762553,0.7223745
1,3,0.0,0.0,0.27762553,0.7223745
1,3,0.0,0.0,0.27762553,0.7223745
1,3,0.0,0.0,0.27762553,0.7223745
1,3,0.0,0.0,0.27762553,0.7223745
1,3,0.0,0.0,0.27762553,0.7223745
1,3,0.0,0.0,0.27762553,0.7223745
1,3,0.0,0.0,0.27762553,0.7223745
1,3,0.0,0.0,0.27762553,0.7223745
1,3,0.0,0.0,0.27762553,0.7223745
1,3,0.0,0.0,0.27762553,0.7223745
1,3,0.0,0.0,0.27762553,0.7223745
1,3,0.0,0.0,0.27762553,0.7223745
1,3,0.0,0.0,0.27762553,0.7223745
1,3,0.0,0.0,0.27762553,0.7223745
1,3,0.0,0.0,0.27762553,0.7223745
1,3,0.0,0.0,0.27762553,0.7223745
1,3,0.0,0.0,0.27762553,0.7223745
1,3,0.0,0.0,0.27762553,0.7223745
1,3,0.0,0.0,0.27762553,0.7223745
1,3,0.0,0.0,0.27762553,0.7223745
1,3,0.0,0.0,0.27762553,0.7223745
1,3,0.0,0.0,0.27762553,0.7223745
1,3,0.0,0.0,0.20844203,0.79155797
1,3,0.0,0.0,0.20844203,0.79155797
1,3,0.0,0.0,0.20844203,0.79155797
1,3,0.0,0.0,0.20844203,0.79155797
1,3,0.0,0.0,0.20844203,0.79155797
1,3,0.0,0.0,0.20844203,0.79155797
1,3,0.0,0.0,0.20844203,0.79155797
1,3,0.0,0.0,0.20844203,0.79155797
1,3,0.0,0.0,0.20844203,0.79155797
1,3,0.0,0.0,0.20844203,0.79155797
1,3,0.0,0.0,0.20844203,0.79155797
1,3,0.0,0.0,0.20844203,0.79155797
1,3,0.0,0.0,0.13079253,0.86920744
1,3,0.0,0.0,0.13079253,0.86920744
1,3,0.0,0.0,0.13079253,0.86920744
1,3,0.0,0.0,0.13079253,0.86920744
1,3,0.0,0.0,0.13079253,0.86920744
1,3,0.0,0.0,0.13079253,0.86920744
1,3,0.0,0.0,0.13079253,0.86920744
1,3,0.0,0.0,0.13079253,0.86920744
1,3,0.0,0.0,0.13079253,0.86920744
1,3,0.0,0.0,0.13079253,0.86920744
1,3,0.0,0.0,0.13079253,0.86920744
1,3,0.0,0.0,0.13079253,0.86920744
1,3,0.0,0.0,0.13079253,0.86920744
1,3,0.0,0.0,0.13079253,0.86920744
1,3,0.0,0.0,0.13079253,0.86920744
1,3,0.0,0.0,0.13079253,0.86920744
1,3,0.0,0.0,0.052176584,0.94782346
1,3,0.0,0.0,0.052176584,0.94782346
1,3,0.0,0.0,0.052176584,0.94782346
1,3,0.0,0.0,0.052176584,0.94782346
1,3,0.0,0.0,0.052176584,0.94782346
1,3,0.0,0.0,0.052176584,0.94782346
1,3,0.0,0.0,0.052176584,0.94782346
1,3,0.0,0.0,0.052176584,0.94782346
1,3,0.0,0.0,0.052176584,0.94782346
1,3,0.0,0.0,0.052176584,0.94782346
1,3,0.0,0.0,0.052176584,0.94782346
1,3,0.0,0.0,0.052176584,0.94782346
1,3,0.0,0.0,0.052176584,0.94782346
1,3,0.0,0.0,0.052176584,0.94782346
1,3,0.0,0.0,0.052176584,0.94782346
1,3,0.0,0.0,0.052176584,0.94782346
1,3,0.0,0.0,0.052176584,0.94782346
1,3,0.0,0.0,0.052176584,0.94782346
1,3,0.0,0.0,0.052176584,0.94782346
1,3,0.0,0.0,0.052176584,0.94782346
1,3,0.0,0.0,0.052176584,0.94782346
1,3,0.0,0.0,0.052176584,0.94782346
1,3,0.0,0.0,0.052176584,0.94782346
1,3,0.0,0.0,0.052176584,0.94782346
1,3,0.0,0.0,0.052176584,0.94782346
1,3,0.0,0.0,0.052176584,0.94782346
1,3,0.0,0.0,0.052176584,0.94782346
1,3,0.0,0.0,0.052176584,0.94782346
1,3,0.0,0.0,0.052176584,0.94782346
1,3,0.0,0.0,0.052176584,0.94782346
1,3,0.0,0.0,0.052176584,0.94782346
1,3,0.0,0.0,0.052176584,0.94782346
1,3,0.0,0.0,0.052176584,0.94782346
1,3,0.0,0.0,0.052176584,0.94782346
1,3,0.0,0.0,0.052176584,0.94782346
1,3,0.0,0.0,0.052176584,0.94782346
1,3,0.0,0.0,0.052176584,0.94782346
1,3,0.0,0.0,0.052176584,0.94782346
1,3,0.0,0.0,0.052176584,0.94782346
1,3,0.0,0.0,0.052176584,0.94782346
1,3,0.0,0.0,0.052176584,0.94782346
1,3,0.0,0.0,0.052176584,0.94782346
1,3,0.0,0.0,0.052176584,0.94782346
1,3,0.0,0.0,0.052176584,0.94782346
1,3,0.0,0.0,0.052176584,0.94782346
1,3,0.0,0.0,0.052176584,0.94782346
1,3,0.0,0.0,0.052176584,0.94782346
1,3,0.0,0.0,0.052176584,0.94782346
1,3,0.0,0.0,0.052176584,0.94782346
1,3,0.0,0.0,0.052176584,0.94782346
1,3,0.0,0.0,0.052176584,0.94782346
1,3,0.0,0.0,0.052176584,0.94782346
1,3,0.0,0.0,0.052176584,0.94782346
1,3,0.0,0.0,0.052176584,0.94782346
1,3,0.0,0.0,0.052176584,0.94782346
1,3,0.0,0.0,0.052176584,0.94782346
1,3,0.0,0.0,0.052176584,0.94782346
1,3,0.0,0.0,0.052176584,0.94782346
1,3,0.0,0.0,0.052176584,0.94782346
1,3,0.0,0.0,0.052176584,0.94782346
1,3,0.0,0.0,0.052176584,0.94782346
1,3,0.0,0.0,0.052176584,0.94782346
1,3,0.0,0.0,0.052176584,0.94782346
1,3,0.0,0.0,0.052176584,0.94782346
1,3,0.0,0.0,0.052176584,0.94782346
1,3,0.0,0.0,0.052176584,0.94782346
1,3,0.0,0.0,0.052176584,0.94782346
1,3,0.0,0.0,0.052176584,0.94782346
1,3,0.0,0.0,0.052176584,0.94782346
1,3,0.0,0.0,0.052176584,0.94782346
1,3,0.0,0.0,0.052176584,0.94782346
1,3,0.0,0.0,0.052176584,0.94782346
1,3,0.0,0.0,0.052176584,0.94782346
1,3,0.0,0.0,0.052176584,0.94782346
1,3,0.0,0.0,0.052176584,0.94782346
1,3,0.0,0.0,0.052176584,0.94782346
1,3,0.0,0.0,0.052176584,0.94782346
1,3,0.0,0.0,0.052176584,0.94782346
1,3,0.0,0.0,0.052176584,0.94782346
1,3,0.0,0.0,0.052176584,0.94782346
1,3,0.0,0.0,0.052176584,0.94782346
1,3,0.0,0.0,0.052176584,0.94782346
1,3,0.0,0.0,0.052176584,0.94782346
1,3,0.0,0.0,0.052176584,0.94782346
1,3,0.0,0.0,0.052176584,0.94782346
1,3,0.0,0.0,0.052176584,0.94782346
1,3,0.0,0.0,0.052176584,0.94782346
1,3,0.0,0.0,0.052176584,0.94782346
1,3,0.0,0.0,0.052176584,0.94782346
1,3,0.0,0.0,0.052176584,0.94782346
1,3,0.0,0.0,0.052176584,0.94782346
1,3,0.0,0.0,0.052176584,0.94782346
1,3,0.0,0.0,0.052176584,0.94782346
1,3,0.0,0.0,0.052176584,0.94782346
1,3,0.0,0.0,0.052176584,0.94782346
1,3,0.0,0.0,0.052176584,0.94782346
1,3,0.0,0.0,0.052176584,0.94782346
1,3,0.0,0.0,0.052176584,0.94782346
1,3,0.0,0.0,0.052176584,0.94782346
1,3,0.0,0.0,0.052176584,0.94782346
1,3,0.0,0.0,0.052176584,0.94782346
1,3,0.0,0.0,0.052176584,0.94782346
1,3,0.0,0.0,0.052176584,0.94782346
1,3,0.0,0.0,0.052176584,0.94782346
1,3,0.0,0.0,0.052176584,0.94782346
1,3,0.0,0.0,0.052176584,0.94782346
1,3,0.0,0.0,0.052176584,0.94782346
1,3,0.0,0.0,0.052176584,0.94782346
1,3,0.0,0.0,0.052176584,0.94782346
1,3,0.0,0.0,0.052176584,0.94782346
1,3,0.0,0.0,0.052176584,0.94782346
1,3,0.0,0.0,0.052176584,0.94782346
1,3,0.0,0.0,0.052176584,0.94782346
1,3,0.0,0.0,0.052176584,0.94782346
1,3,0.0,0.0,0.052176584,0.94782346
1,3,0.0,0.0,0.052176584,0.94782346
1,3,0.0,0.0,0.052176584,0.94782346
1,3,0.0,0.0,0.052176584,0.94782346
1,3,0.0,0.0,0.052176584,0.94782346
1,3,0.0,0.0,0.052176584,0.94782346
1,3,0.0,0.0,0.052176584,0.94782346
1,3,0.0,0.0,0.052176584,0.94782346
1,3,0.0,0.0,0.052176584,0.94782346
1,3,0.0,0.0,0.052176584,0.94782346
1,3,0.0,0.0,0.052176584,0.94782346
1,3,0.0,0.0,0.052176584,0.94782346
1,3,0.0,0.0,0.052176584,0.94782346
1,3,0.0,0.0,0.052176584,0.94782346
1,3,0.0,0.0,0.052176584,0.94782346
1,3,0.0,0.0,0.052176584,0.94782346
1,3,0.0,0.0,0.052176584,0.94782346
1,3,0.0,0.0,0.052176584,0.94782346
1,3,0.0,0.0,0.052176584,0.94782346
1,3,0.0,0.0,0.052176584,0.94782346
1,3,0.0,0.0,0.052176584,0.94782346
1,3,0.0,0.0,0.052176584,0.94782346
1,3,0.0,0.0,0.052176584,0.94782346
1,3,0.0,0.0,0.052176584,0.94782346
1,3,0.0,0.0,0.052176584,0.94782346
1,3,0.0,0.0,0.052176584,0.94782346
1,3,0.0,0.0,0.052176584,0.94782346
1,3,0.0,0.0,0.052176584,0.94782346
1,3,0.0,0.0,0.052176584,0.94782346
1,3,0.0,0.0,0.052176584,0.94782346
1,3,0.0,0.0,0.052176584,0.94782346
1,3,0.0,0.0,0.052176584,0.94782346
1,3,0.0,0.0,0.052176584,0.94782346
1,3,0.0,0.0,0.052176584,0.94782346
1,3,0.0,0.0,0.052176584,0.94782346
1,3,0.0,0.0,0.052176584,0.94782346
1,3,0.0,0.0,0.052176584,0.94782346
1,3,0.0,0.0,0.052176584,0.94782346
1,3,0.0,0.0,0.052176584,0.94782346
1,3,0.0,0.0,0.052176584,0.94782346
1,3,0.0,0.0,0.052176584,0.94782346
1,3,0.0,0.0,0.052176584,0.94782346
1,3,0.0,0.0,0.052176584,0.94782346
1,3,0.0,0.0,0.052176584,0.94782346
1,3,0.0,0.0,0.052176584,0.94782346
1,3,0.0,0.0,0.052176584,0.94782346
1,3,0.0,0.0,0.052176584,0.94782346
1,3,0.0,0.0,0.052176584,0.94782346
1,3,0.0,0.0,0.052176584,0.94782346
1,3,0.0,0.0,0.052176584,0.94782346
1,3,0.0,0.0,0.052176584,0.94782346
1,3,0.0,0.0,0.052176584,0.94782346
1,3,0.0,0.0,0.052176584,0.94782346
1,3,0.0,0.0,0.052176584,0.94782346
1,3,0.0,0.0,0.052176584,0.94782346
1,3,0.0,0.0,0.052176584,0.94782346
1,3,0.0,0.0,0.052176584,0.94782346
1,3,0.0,0.0,0.052176584,0.94782346
1,3,0.0,0.0,0.052176584,0.94782346
1,3,0.0,0.0,0.052176584,0.94782346
1,3,0.0,0.0,0.052176584,0.94782346
1,3,0.0,0.0,0.052176584,0.94782346
1,3,0.0,0.0,0.052176584,0.94782346
1,3,0.0,0.0,0.052176584,0.94782346
1,3,0.0,0.0,0.052176584,0.94782346
1,3,0.0,0.0,0.052176584,0.94782346
1,3,0.0,0.0,0.052176584,0.94782346
1,3,0.0,0.0,0.052176584,0.94782346
1,3,0.0,0.0,0.052176584,0.94782346
1,3,0.0,0.0,0.052176584,0.94782346
1,3,0.0,0.0,0.052176584,0.94782346
1,3,0.0,0.0,0.052176584,0.94782346
1,3,0.0,0.0,0.052176584,0.94782346
1,3,0.0,0.0,0.052176584,0.94782346
1,3,0.0,0.0,0.0,1.0
1,3,0.0,0.0,0.0,1.0
1,3,0.0,0.0,0.0,1.0
1,3,0.0,0.0,0.0,1.0
1,3,0.0,0.0,0.0,1.0
1,3,0.0,0.0,0.0,1.0
1,3,0.0,0.0,0.0,1.0
1,3,0.0,0.0,0.0,1.0
1,3,0.0,0.0,0.0,1.0
1,3,0.0,0.0,0.0,1.0
1,3,0.0,0.0,0.0,1.0
1,3,0.0,0.0,0.0,1.0
1,3,0.0,0.0,0.0,1.0
1,3,0.0,0.0,0.0,1.0
1,3,0.0,0.0,0.0,1.0
1,3,0.0,0.0,0.0,1.0
1,3,0.0,0.0,0.0,1.0
1,3,0.0,0.0,0.0,1.0
1,3,0.0,0.0,0.0,1.0
1,3,0.0,0.0,0.0,1.0
1,3,0.0,0.0,0.0,1.0
1,3,0.0,0.0,0.0,1.0
1,3,0.0,0.0,0.0,1.0
1,3,0.0,0.0,0.0,1.0
1,3,0.0,0.0,0.0,1.0
1,3,0.0,0.0,0.0,1.0
1,3,0.0,0.0,0.0,1.0
1,3,0.0,0.0,0.0,1.0
1,3,0.0,0.0,0.0,1.0
1,3,0.0,0.0,0.0,1.0
1,3,0.0,0.0,0.0,1.0
1,3,0.0,0.0,0.0,1.0
1,3,0.0,0.0,0.0,1.0
1,3,0.0,0.0,0.0,1.0
1,3,0.0,0.0,0.0,1.0
1,3,0.0,0.0,0.0,1.0
1,3,0.0,0.0,0.0,1.0
1,3,0.0,0.0,0.0,1.0
1,3,0.0,0.0,0.0,1.0
1,3,0.0,0.0,0.0,1.0
1,3,0.0,0.0,0.0,1.0
1,3,0.0,0.0,0.0,1.0
1,3,0.0,0.0,0.0,1.0
1,3,0.0,0.0,0.0,1.0
1,3,0.0,0.0,0.0,1.0
1,3,0.0,0.0,0.0,1.0
1,3,0.0,0.0,0.0,1.0
1,3,0.0,0.0,0.0,1.0
1,3,0.0,0.0,0.0,1.0
1,3,0.0,0.0,0.0,1.0
1,3,0.0,0.0,0.0,1.0
1,3,0.0,0.0,0.0,1.0
1,3,0.0,0.0,0.0,1.0
1,3,0.0,0.0,0.0,1.0
1,3,0.0,0.0,0.0,1.0
1,3,0.0,0.0,0.0,1.0
1,3,0.0,0.0,0.0,1.0
1,3,0.0,0.0,0.0,1.0
1,3,0.0,0.0,0.0,1.0
1,3,0.0,0.0,0.0,1.0
1,3,0.0,0.0,0.0,1.0
1,3,0.0,0.0,0.0,1.0
1,3,0.0,0.0,0.0,1.0
1,3,0.0,0.0,0.0,1.0
1,3,0.0,0.0,0.0,1.0
1,3,0.0,0.0,0.0,1.0
1,3,0.0,0.0,0.0,1.0
1,3,0.0,0.0,0.0,1.0
1,3,0.0,0.0,0.0,1.0
1,3,0.0,0.0,0.0,1.0
1,3,0.0,0.0,0.0,1.0
1,3,0.0,0.0,0.0,1.0
1,3,0.0,0.0,0.0,1.0
1,3,0.0,0.0,0.0,1.0
1,3,0.0,0.0,0.0,1.0
1,3,0.0,0.0,0.0,1.0
1,3,0.0,0.0,0.0,1.0
1,3,0.0,0.0,0.0,1.0
1,3,0.0,0.0,0.0,1.0
1,3,0.0,0.0,0.0,1.0
1,3,0.0,0.0,0.0,1.0
1,3,0.0,0.0,0.0,1.0
1,3,0.0,0.0,0.0,1.0
1,3,0.0,0.0,0.0,1.0
1,3,0.0,0.0,0.0,1.0
1,3,0.0,0.0,0.0,1.0
1,3,0.0,0.0,0.0,1.0
1,3,0.0,0.0,0.0,1.0
1,3,0.0,0.0,0.0,1.0
1,3,0.0,0.0,0.0,1.0
1,3,0.0,0.0,0.0,1.0
1,3,0.0,0.0,0.0,1.0
1,3,0.0,0.0,0.0,1.0
1,3,0.0,0.0,0.0,1.0
1,3,0.0,0.0,0.0,1.0
1,3,0.0,0.0,0.0,1.0
1,3,0.0,0.0,0.0,1.0
1,3,0.0,0.0,0.0,1.0
1,3,0.0,0.0,0.0,1.0
1,3,0.0,0.0,0.0,1.0
1,3,0.0,0.0,0.0,1.0
1,3,0.0,0.0,0.0,1.0
1,3,0.0,0.0,0.0,1.0
1,3,0.0,0.0,0.0,1.0
1,3,0.0,0.0,0.0,1.0
1,3,0.0,0.0,0.0,1.0
1,3,0.0,0.0,0.0,1.0
1,3,0.0,0.0,0.0,1.0
1,3,0.0,0.0,0.0,1.0
1,3,0.0,0.0,0.0,1.0
1,3,0.0,0.0,0.0,1.0
1,3,0.0,0.0,0.0,1.0
1,3,0.0,0.0,0.0,1.0
1,3,0.0,0.0,0.0,1.0
1,3,0.0,0.0,0.0,1.0
1,3,0.0,0.0,0.0,1.0
1,3,0.0,0.0,0.0,1.0
1,3,0.0,0.0,0.0,1.0
1,3,0.0,0.0,0.0,1.0
1,3,0.0,0.0,0.0,1.0
1,3,0.0,0.0,0.0,1.0
1,3,0.0,0.0,0.0,1.0
1,3,0.0,0.0,0.0,1.0
1,3,0.0,0.0,0.0,1.0
1,3,0.0,0.0,0.0,1.0
1,3,0.0,0.0,0.0,1.0
1,3,0.0,0.0,0.0,1.0
1,3,0.0,0.0,0.0,1.0
1,3,0.0,0.0,0.0,1.0
1,3,0.0,0.0,0.0,1.0
1,3,0.0,0.0,0.0,1.0
1,3,0.0,0.0,0.0,1.0
1,3,0.0,0.0,0.0,1.0
1,3,0.0,0.0,0.0,1.0
1,3,0.0,0.0,0.0,1.0
1,3,0.0,0.0,0.0,1.0
1,3,0.0,0.0,0.0,1.0
1,3,0.0,0.0,0.0,1.0
1,3,0.0,0.0,0.0,1.0
1,3,0.0,0.0,0.0,1.0
1,3,0.0,0.0,0.0,1.0
1,3,0.0,0.0,0.0,1.0
1,3,0.0,0.0,0.0,1.0
1,3,0.0,0.0,0.0,1.0
1,3,0.0,0.0,0.0,1.0
1,3,0.0,0.0,0.0,1.0
1,3,0.0,0.0,0.0,1.0
1,3,0.0,0.0,0.0,1.0
1,3,0.0,0.0,0.0,1.0
1,3,0.0,0.0,0.0,1.0
1,3,0.0,0.0,0.0,1.0
1,3,0.0,0.0,0.0,1.0
1,3,0.0,0.0,0.0,1.0
1,3,0.0,0.0,0.0,1.0
1,3,0.0,0.0,0.0,1.0
1,3,0.0,0.0,0.0,1.0
1,3,0.0,0.0,0.0,1.0
1,3,0.0,0.0,0.0,1.0
1,3,0.0,0.0,0.0,1.0
1,3,0.0,0.0,0.0,1.0
1,3,0.0,0.0,0.0,1.0
1,3,0.0,0.0,0.0,1.0
1,3,0.0,0.0,0.0,1.0
1,3,0.0,0.0,0.0,1.0
1,3,0.0,0.0,0.0,1.0
1,3,0.0,0.0,0.0,1.0
1,3,0.0,0.0,0.0,1.0
1,3,0.0,0.0,0.0,1.0
1,3,0.0,0.0,0.0,1.0
1,3,0.0,0.0,0.0,1.0
1,3,0.0,0.0,0.0,1.0
1,3,0.0,0.0,0.0,1.0
1,3,0.0,0.0,0.0,1.0
1,3,0.0,0.0,0.0,1.0
1,3,0.0,0.0,0.0,1.0
1,3,0.0,0.0,0.0,1.0
1,3,0.0,0.0,0.0,1.0
1,3,0.0,0.0,0.0,1.0
1,3,0.0,0.0,0.0,1.0
1,3,0.0,0.0,0.0,1.0
1,3,0.0,0.0,0.0,1.0
1,3,0.0,0.0,0.0,1.0
1,3,0.0,0.0,0.0,1.0
1,3,0.0,0.0,0.0,1.0
1,3,0.0,0.0,0.0,1.0
1,3,0.0,0.0,0.0,1.0
1,3,0.0,0.0,0.0,1.0
1,3,0.0,0.0,0.0,1.0
1,3,0.0,0.0,0.0,1.0
1,3,0.0,0.0,0.0,1.0
1,3,0.0,0.0,0.0,1.0
1,3,0.0,0.0,0.0,1.0
1,3,0.0,0.0,0.0,1.0
1,3,0.0,0.0,0.0,1.0
1,3,0.0,0.0,0.0,1.0
1,3,0.0,0.0,0.0,1.0
1,3,0.0,0.0,0.0,1.0
1,3,0.0,0.0,0.0,1.0
1,3,0.0,0.0,0.0,1.0
1,3,0.0,0.0,0.0,1.0
1,3,0.0,0.0,0.0,1.0
1,3,0.0,0.0,0.0,1.0
1,3,0.0,0.0,0.0,1.0
1,3,0.0,0.0,0.0,1.0
1,3,0.0,0.0,0.0,1.0
1,3,0.0,0.0,0.0,1.0
1,3,0.0,0.0,0.0,1.0
1,3,0.0,0.0,0.0,1.0
1,3,0.0,0.0,0.0,1.0
1,3,0.0,0.0,0.0,1.0
1,3,0.0,0.0,0.0,1.0
1,3,0.0,0.0,0.0,1.0
1,3,0.0,0.0,0.0,1.0
1,3,0.0,0.0,0.0,1.0
1,3,0.0,0.0,0.0,1.0
1,3,0.0,0.0,0.0,1.0
1,3,0.0,0.0,0.0,1.0
1,3,0.0,0.0,0.0,1.0
1,3,0.0,0.0,0.0,1.0
1,3,0.0,0.0,0.0,1.0
1,3,0.0,0.0,0.0,1.0
1,3,0.0,0.0,0.0,1.0
1,3,0.0,0.0,0.0,1.0
1,3,0.0,0.0,0.0,1.0
1,3,0.0,0.0,0.0,1.0
1,3,0.0,0.0,0.0,1.0
1,3,0.0,0.0,0.0,1.0
1,3,0.0,0.0,0.0,1.0
1,3,0.0,0.0,0.0,1.0
1,3,0.0,0.0,0.0,1.0
1,3,0.0,0.0,0.0,1.0
1,3,0.0,0.0,0.0,1.0
1,3,0.0,0.0,0.0,1.0
1,3,0.0,0.0,0.0,1.0
1,3,0.0,0.0,0.0,1.0
1,3,0.0,0.0,0.0,1.0
1,3,0.0,0.0,0.0,1.0
1,3,0.0,0.0,0.0,1.0
1,3,0.0,0.0,0.0,1.0
1,3,0.0,0.0,0.0,1.0
1,3,0.0,0.0,0.052176584,0.94782346
1,3,0.0,0.0,0.052176584,0.94782346
1,3,0.0,0.0,0.052176584,0.94782346
1,3,0.0,0.0,0.052176584,0.94782346
1,3,0.0,0.0,0.052176584,0.94782346
1,3,0.0,0.0,0.052176584,0.94782346
1,3,0.0,0.0,0.052176584,0.94782346
1,3,0.0,0.0,0.052176584,0.94782346
1,3,0.0,0.0,0.052176584,0.94782346
1,3,0.0,0.0,0.052176584,0.94782346
1,3,0.0,0.0,0.052176584,0.94782346
1,3,0.0,0.0,0.052176584,0.94782346
1,3,0.0,0.0,0.052176584,0.94782346
1,3,0.0,0.0,0.052176584,0.94782346
1,3,0.0,0.0,0.052176584,0.94782346
1,3,0.0,0.0,0.052176584,0.94782346
1,3,0.0,0.0,0.052176584,0.94782346
1,3,0.0,0.0,0.052176584,0.94782346
1,3,0.0,0.0,0.052176584,0.94782346
1,3,0.0,0.0,0.052176584,0.94782346
1,3,0.0,0.0,0.052176584,0.94782346
1,3,0.0,0.0,0.052176584,0.94782346
1,3,0.0,0.0,0.052176584,0.94782346
1,3,0.0,0.0,0.052176584,0.94782346
1,3,0.0,0.0,0.052176584,0.94782346
1,3,0.0,0.0,0.052176584,0.94782346
1,3,0.0,0.0,0.052176584,0.94782346
1,3,0.0,0.0,0.052176584,0.94782346
1,3,0.0,0.0,0.052176584,0.94782346
1,3,0.0,0.0,0.052176584,0.94782346
1,3,0.0,0.0,0.052176584,0.94782346
1,3,0.0,0.0,0.052176584,0.94782346
1,3,0.0,0.0,0.052176584,0.94782346
1,3,0.0,0.0,0.052176584,0.94782346
1,3,0.0,0.0,0.052176584,0.94782346
1,3,0.0,0.0,0.052176584,0.94782346
1,3,0.0,0.0,0.052176584,0.94782346
1,3,0.0,0.0,0.052176584,0.94782346
1,3,0.0,0.0,0.052176584,0.94782346
1,3,0.0,0.0,0.052176584,0.94782346
1,3,0.0,0.0,0.052176584,0.94782346
1,3,0.0,0.0,0.052176584,0.94782346
1,3,0.0,0.0,0.052176584,0.94782346
1,3,0.0,0.0,0.052176584,0.94782346
1,3,0.0,0.0,0.052176584,0.94782346
1,3,0.0,0.0,0.052176584,0.94782346
1,3,0.0,0.0,0.052176584,0.94782346
1,3,0.0,0.0,0.052176584,0.94782346
1,3,0.0,0.0,0.052176584,0.94782346
1,3,0.0,0.0,0.052176584,0.94782346
1,3,0.0,0.0,0.052176584,0.94782346
1,3,0.0,0.0,0.052176584,0.94782346
1,3,0.0,0.0,0.052176584,0.94782346
1,3,0.0,0.0,0.052176584,0.94782346
1,3,0.0,0.0,0.052176584,0.94782346
1,3,0.0,0.0,0.052176584,0.94782346
1,3,0.0,0.0,0.052176584,0.94782346
1,3,0.0,0.0,0.052176584,0.94782346
1,3,0.0,0.0,0.052176584,0.94782346
1,3,0.0,0.0,0.052176584,0.94782346
1,3,0.0,0.0,0.052176584,0.94782346
1,3,0.0,0.0,0.052176584,0.94782346
1,3,0.0,0.0,0.052176584,0.94782346
1,3,0.0,0.0,0.052176584,0.94782346
1,3,0.0,0.0,0.052176584,0.94782346
1,3,0.0,0.0,0.052176584,0.94782346
1,3,0.0,0.0,0.052176584,0.94782346
1,3,0.0,0.0,0.052176584,0.94782346
1,3,0.0,0.0,0.052176584,0.94782346
1,3,0.0,0.0,0.052176584,0.94782346
1,3,0.0,0.0,0.052176584,0.94782346
1,3,0.0,0.0,0.052176584,0.94782346
1,3,0.0,0.0,0.052176584,0.94782346
1,3,0.0,0.0,0.052176584,0.94782346
1,3,0.0,0.0,0.052176584,0.94782346
1,3,0.0,0.0,0.052176584,0.94782346
1,3,0.0,0.0,0.052176584,0.94782346
1,3,0.0,0.0,0.052176584,0.94782346
1,3,0.0,0.0,0.052176584,0.94782346
1,3,0.0,0.0,0.052176584,0.94782346
1,3,0.05100058,0.0,0.052176584,0.89682287
1,3,0.05100058,0.0,0.052176584,0.89682287
1,3,0.05100058,0.0,0.052176584,0.89682287
1,3,0.05100058,0.0,0.052176584,0.89682287
1,3,0.05100058,0.0,0.052176584,0.89682287
1,3,0.05100058,0.0,0.052176584,0.89682287
1,3,0.05100058,0.0,0.052176584,0.89682287
1,3,0.05100058,0.0,0.052176584,0.89682287
1,0,0.47500375,0.0,0.052176576,0.47281966
1,0,0.47500375,0.0,0.052176576,0.47281966
1,0,0.47500375,0.0,0.052176576,0.47281966
1,0,0.47500375,0.0,0.052176576,0.47281966
1,0,0.6068309,0.0,0.05217658,0.34099257
1,0,0.6068309,0.0,0.05217658,0.34099257
1,0,0.6068309,0.0,0.05217658,0.34099257
1,0,0.6068309,0.0,0.05217658,0.34099257
1,0,0.8663282,0.0,0.0,0.13367179
1,0,0.8663282,0.0,0.0,0.13367179
1,0,0.8663282,0.0,0.0,0.13367179
1,0,0.8663282,0.0,0.0,0.13367179
1,0,1.0,0.0,0.0,0.0
1,0,1.0,0.0,0.0,0.0
1,0,1.0,0.0,0.0,0.0
