true_label,meta_state,MoCap_alt64_b18_w160_s40,MoCap_alt64_b19_w160_s60,MoCap_alt64_b29_w208_s35,MoCap_alt64_b38_w240_s60,MoCap_alt64_b50_w288_s72,MoCap_alt64_b54_w304_s76,MoCap_alt64_b58_w320_s80,MoCap_alt64_b63_w336_s126
0,0,0,0,0,0,0,0,0,0
0,0,0,0,0,0,0,0,0,0
0,0,0,0,0,0,0,0,0,0
0,0,0,0,0,0,0,0,0,0
0,0,0,0,0,0,0,0,0,0
0,0,0,0,0,0,0,0,0,0
0,0,0,0,0,0,0,0,0,0
0,0,0,0,0,0,0,0,0,0
0,0,0,0,0,0,0,0,0,0
0,0,0,0,0,0,0,0,0,0
0,0,0,0,0,0,0,0,0,0
0,0,0,0,0,0,0,0,0,0
0,0,0,0,0,0,0,0,0,0
0,0,0,0,0,0,0,0,0,0
0,0,0,0,0,0,0,0,0,0
0,0,0,0,0,0,0,0,0,0
0,0,0,0,0,0,0,0,0,0
0,0,0,0,0,0,0,0,0,0
0,0,0,0,0,0,0,0,0,0
0,0,0,0,0,0,0,0,0,0
0,0,0,0,0,0,0,0,0,0
0,0,0,0,0,0,0,0,0,0
0,0,0,0,0,0,0,0,0,0
0,0,0,0,0,0,0,0,0,0
0,0,0,0,0,0,0,0,0,0
0,0,0,0,0,0,0,0,0,0
0,0,0,0,0,0,0,0,0,0
0,0,0,0,0,0,0,0,0,0
0,0,0,0,0,0,0,0,0,0
0,0,0,0,0,0,0,0,0,0
0,0,0,0,0,0,0,0,0,0
0,0,0,0,0,0,0,0,0,0
0,0,0,0,0,0,0,0,0,0
0,0,0,0,0,0,0,0,0,0
0,0,0,0,0,0,0,0,0,0
0,0,0,0,0,0,0,0,0,0
0,0,0,0,0,0,0,0,0,0
0,0,0,0,0,0,0,0,0,0
0,0,0,0,0,0,0,0,0,0
0,0,0,0,0,0,0,0,0,0
0,0,0,0,0,0,0,0,0,0
0,0,0,0,0,0,0,0,0,0
0,0,0,0,0,0,0,0,0,0
0,0,0,0,0,0,0,0,0,0
0,0,0,0,0,0,0,0,0,0
0,0,0,0,0,0,0,0,0,0
0,0,0,0,0,0,0,0,0,0
0,0,0,0,0,0,0,0,0,0
0,0,0,0,0,0,0,0,0,0
0,0,0,0,0,0,0,0,0,0
0,0,0,0,0,0,0,0,0,0
0,0,0,0,0,0,0,0,0,0
0,0,0,0,0,0,0,0,0,0
0,0,0,0,0,0,0,0,0,0
0,0,0,0,0,0,0,0,0,0
0,0,0,0,0,0,0,0,0,0
0,0,0,0,0,0,0,0,0,0
0,0,0,0,0,0,0,0,0,0
0,0,0,0,0,0,0,0,0,0
0,0,0,0,0,0,0,0,0,0
0,0,0,0,0,0,0,0,0,0
0,0,0,0,0,0,0,0,0,0
0,0,0,0,0,0,0,0,0,0
0,0,0,0,0,0,0,0,0,0
0,0,0,0,0,0,0,0,0,0
0,0,0,0,0,0,0,0,0,0
0,0,0,0,0,0,0,0,0,0
0,0,0,0,0,0,0,0,0,0
0,0,0,0,0,0,0,0,0,0
0,0,0,0,0,0,0,0,0,0
0,0,0,0,0,0,0,0,0,0
0,0,0,0,0,0,0,0,0,0
0,0,0,0,0,0,0,0,0,0
0,0,0,0,0,0,0,0,0,0
0,0,0,0,0,0,0,0,0,0
0,0,0,0,0,0,0,0,0,0
0,0,0,0,0,0,0,0,0,0
0,0,0,0,0,0,0,0,0,0
0,0,0,0,0,0,0,0,0,0
0,0,0,0,0,0,0,0,0,0
0,0,0,0,0,0,0,0,0,0
0,0,0,0,0,0,0,0,0,0
0,0,0,0,0,0,0,0,0,0
0,0,0,0,0,0,0,0,0,0
0,0,0,0,0,0,0,0,0,0
0,0,0,0,0,0,0,0,0,0
0,0,0,0,0,0,0,0,0,0
0,0,0,0,0,0,0,0,0,0
0,0,0,0,0,0,0,0,0,0
0,0,0,0,0,0,0,0,0,0
0,0,0,0,0,0,0,0,0,0
0,0,0,0,0,0,0,0,0,0
0,0,0,0,0,0,0,0,0,0
0,0,0,0,0,0,0,0,0,0
0,0,0,0,0,0,0,0,0,0
0,0,0,0,0,0,0,0,0,0
0,0,0,0,0,0,0,0,0,0
0,0,0,0,0,0,0,0,0,0
0,0,0,0,0,0,0,0,0,0
0,0,0,0,0,0,0,0,0,0
0,0,0,0,0,0,0,0,0,0
0,0,0,0,0,0,0,0,0,0
0,0,0,0,0,0,0,0,0,0
0,0,0,0,0,0,0,0,0,0
0,0,0,0,0,0,0,0,0,0
0,0,0,0,0,0,0,0,0,0
0,0,0,0,0,0,0,0,0,0
0,0,0,0,0,0,0,0,0,0
0,0,0,0,0,0,0,0,0,0
0,0,0,0,0,0,0,0,0,0
0,0,0,0,0,0,0,0,0,0
0,0,0,0,0,0,0,0,0,0
0,0,0,0,0,0,0,0,0,0
0,0,0,0,0,0,0,0,0,0
0,0,0,0,0,0,0,0,0,0
0,0,0,0,0,0,0,0,0,0
0,0,0,0,0,0,0,0,0,0
0,0,0,0,0,0,0,0,0,0
0,0,0,0,0,0,0,0,0,0
0,0,0,0,0,0,0,0,0,0
0,0,0,0,0,0,0,0,0,0
0,0,0,0,0,0,0,0,0,0
0,0,0,0,0,0,0,0,0,0
0,0,0,0,0,0,0,0,0,0
0,0,0,0,0,0,0,0,0,0
0,0,0,0,0,0,0,0,0,0
0,0,0,0,0,0,0,0,0,0
0,0,0,0,0,0,0,0,0,0
0,0,0,0,0,0,0,0,0,0
0,0,0,0,0,0,0,0,0,0
0,0,0,0,0,0,0,0,0,0
0,0,0,0,0,0,0,0,0,0
0,0,0,0,0,0,0,0,0,0
0,0,0,0,0,0,0,0,0,0
0,0,0,0,0,0,0,0,0,0
0,0,0,0,0,0,0,0,0,0
0,0,0,0,0,0,0,0,0,0
0,0,0,0,0,0,0,0,0,0
0,0,0,0,0,0,0,0,0,0
0,0,0,0,0,0,0,0,0,0
0,0,0,0,0,0,0,0,0,0
0,0,0,0,0,0,0,0,0,0
0,0,0,0,0,0,0,0,0,0
0,0,0,0,0,0,0,0,0,0
0,0,0,0,0,0,0,0,0,0
0,0,0,0,0,0,0,0,0,0
0,0,0,0,0,0,0,0,0,0
0,0,0,0,0,0,0,0,0,0
0,0,0,0,0,0,0,0,0,0
0,0,0,0,0,0,0,0,0,0
0,0,0,0,0,0,0,0,0,0
0,0,0,0,0,0,0,0,0,0
0,0,0,0,0,0,0,0,0,0
0,0,0,0,0,0,0,0,0,0
0,0,0,0,0,0,0,0,0,0
0,0,0,0,0,0,0,0,0,0
0,0,0,0,0,0,0,0,0,0
0,0,0,0,0,0,0,0,0,0
0,0,0,0,0,0,0,0,0,0
0,0,0,0,0,0,0,0,0,0
0,0,0,0,0,0,0,0,0,0
0,0,0,0,0,0,0,0,0,0
0,0,0,0,0,0,0,0,0,0
0,0,0,0,0,0,0,0,0,0
0,0,0,0,0,0,0,0,0,0
0,0,0,0,0,0,0,0,0,0
0,0,0,0,0,0,0,0,0,0
0,0,0,0,0,0,0,0,0,0
0,0,0,0,0,0,0,0,0,0
0,0,0,0,0,0,0,0,0,0
0,0,0,0,0,0,0,0,0,0
0,0,0,0,0,0,0,0,0,0
0,0,0,0,0,0,0,0,0,0
0,0,0,0,0,0,0,0,0,0
0,0,0,0,0,0,0,0,0,0
0,0,0,0,0,0,0,0,0,0
0,0,0,0,0,0,0,0,0,0
0,0,0,0,0,0,0,0,0,0
0,0,0,0,0,0,0,0,0,0
0,0,0,0,0,0,0,0,0,0
0,0,0,0,0,0,0,0,0,0
0,0,0,0,0,0,0,0,0,0
0,0,0,0,0,0,0,0,0,0
0,0,0,0,0,0,0,0,0,0
0,0,0,0,0,0,0,0,0,0
0,0,0,0,0,0,0,0,0,0
0,0,0,0,0,0,0,0,0,0
0,0,0,0,0,0,0,0,0,0
0,0,0,0,0,0,0,0,0,0
0,0,0,0,0,0,0,0,0,0
0,0,0,0,0,0,0,0,0,0
0,0,0,0,0,0,0,0,0,0
0,0,0,0,0,0,0,0,0,0
0,0,0,0,0,0,0,0,0,0
0,0,0,0,0,0,0,0,0,0
0,0,0,0,0,0,0,0,0,0
0,0,0,0,0,0,0,0,0,0
0,0,0,0,0,0,0,0,0,0
0,0,0,0,0,0,0,0,0,0
0,0,0,0,0,0,0,0,0,0
0,0,0,0,0,0,0,0,0,0
0,0,0,0,0,0,0,0,0,0
0,0,0,0,0,0,0,0,0,0
0,0,0,0,0,0,0,0,0,0
0,0,0,0,0,0,0,0,0,0
0,0,0,0,0,0,0,0,0,0
0,0,0,0,0,0,0,0,0,0
0,0,0,0,0,0,0,0,0,0
0,0,0,0,0,0,0,0,0,0
0,0,0,0,0,0,0,0,0,0
0,0,0,0,0,0,0,0,0,0
0,0,0,0,0,0,0,0,0,0
0,0,0,0,0,0,0,0,0,0
0,0,0,0,0,0,0,0,0,0
0,0,0,0,0,0,0,0,0,0
0,0,0,0,0,0,0,0,0,0
0,0,0,0,0,0,0,0,0,0
0,0,0,0,0,0,0,0,0,0
0,0,0,0,0,0,0,0,0,0
0,0,0,0,0,0,0,0,0,0
0,0,0,0,0,0,0,0,0,0
0,0,0,0,0,0,0,0,0,0
0,0,0,0,0,0,0,0,0,0
0,0,0,0,0,0,0,0,0,0
0,0,0,0,0,0,0,0,0,0
0,0,0,0,0,0,0,0,0,0
0,0,0,0,0,0,0,0,0,0
0,0,0,0,0,0,0,0,0,0
0,0,0,0,0,0,0,0,0,0
0,0,0,0,0,0,0,0,0,0
0,0,0,0,0,0,0,0,0,0
0,0,0,0,0,0,0,0,0,0
0,0,0,0,0,0,0,0,0,0
0,0,0,0,0,0,0,0,0,0
0,0,0,0,0,0,0,0,0,0
0,0,0,0,0,0,0,0,0,0
0,0,0,0,0,0,0,0,0,0
0,0,0,0,0,0,0,0,0,0
0,0,0,0,0,0,0,0,0,0
0,0,0,0,0,0,0,0,0,0
0,0,0,0,0,0,0,0,0,0
0,0,0,0,0,0,0,0,0,0
0,0,0,0,0,0,0,0,0,0
0,0,0,0,0,0,0,0,0,0
0,0,0,0,0,0,0,0,0,0
0,0,0,0,0,0,0,0,0,0
0,0,0,0,0,0,0,0,0,0
0,0,0,0,0,0,0,0,0,0
0,0,0,0,0,0,0,0,0,0
0,0,0,0,0,0,0,0,0,0
0,0,0,0,0,0,0,0,0,0
0,0,0,0,0,0,0,0,0,0
0,0,0,0,0,0,0,0,0,0
0,0,0,0,0,0,0,0,0,0
0,0,0,0,0,0,0,0,0,0
0,0,0,0,0,0,0,0,0,0
0,0,0,0,0,0,0,0,0,0
0,0,0,0,0,0,0,0,0,0
0,0,0,0,0,0,0,0,0,0
0,0,0,0,0,0,0,0,0,0
0,0,0,0,0,0,0,0,0,0
0,0,0,0,0,0,0,0,0,0
0,0,0,0,0,0,0,0,0,0
0,0,0,0,0,0,0,0,0,0
0,0,0,0,0,0,0,0,0,0
0,0,0,0,0,0,0,0,0,0
0,0,0,0,0,0,0,0,0,0
0,0,0,0,0,0,0,0,0,0
0,0,0,0,0,0,0,0,0,0
0,0,0,0,0,0,0,0,0,0
0,0,0,0,0,0,0,0,0,0
0,0,0,0,0,0,0,0,0,0
0,0,0,0,0,0,0,0,0,0
0,0,0,0,0,0,0,0,0,0
0,0,0,0,0,0,0,0,0,0
0,0,0,0,0,0,0,0,0,0
0,0,0,0,0,0,0,0,0,0
0,0,0,0,0,0,0,0,0,0
0,0,0,0,0,0,0,0,0,0
0,0,0,0,0,0,0,0,0,0
0,0,0,0,0,0,0,0,0,0
0,0,0,0,0,0,0,0,0,0
0,0,0,0,0,0,0,0,0,0
0,0,0,0,0,0,0,0,0,0
0,0,0,0,0,0,0,0,0,0
0,0,0,0,0,0,0,0,0,0
0,0,0,0,0,0,0,0,0,0
0,0,0,0,0,0,0,0,0,0
0,0,0,0,0,0,0,0,0,0
0,0,0,0,0,0,0,0,0,0
0,0,0,0,0,0,0,0,0,0
0,0,0,0,0,0,0,0,0,0
0,0,0,0,0,0,0,0,0,0
0,0,0,0,0,0,0,0,0,0
0,0,0,0,0,0,0,0,0,0
0,0,0,0,0,0,0,0,0,0
0,0,0,0,0,0,0,0,0,0
0,0,0,0,0,0,0,0,0,0
0,0,0,0,0,0,0,0,0,0
0,0,0,0,0,0,0,0,0,0
0,0,0,0,0,0,0,0,0,0
0,0,0,0,0,0,0,0,0,0
0,0,0,0,0,0,0,0,0,0
0,0,0,0,0,0,0,0,0,0
0,0,0,0,0,0,0,0,0,0
0,0,0,0,0,0,0,0,0,0
0,0,0,0,0,0,0,0,0,0
0,0,0,0,0,0,0,0,0,0
0,0,0,0,0,0,0,0,0,0
0,0,0,0,0,0,0,0,0,0
0,0,0,0,0,0,0,0,0,0
0,0,0,0,0,0,0,0,0,0
0,0,0,0,0,0,0,0,0,0
0,0,0,0,0,0,0,0,0,0
0,0,0,0,0,0,0,0,0,0
0,0,0,0,0,0,0,0,0,0
0,0,0,0,0,0,0,0,0,0
0,0,0,0,0,0,0,0,0,0
0,0,0,0,0,0,0,0,0,0
0,0,0,0,0,0,0,0,0,0
0,0,0,0,0,0,0,0,0,0
0,0,0,0,0,0,0,0,0,0
0,0,0,0,0,0,0,0,0,0
0,0,0,0,0,0,0,0,0,0
0,0,0,0,0,0,0,0,0,0
0,0,0,0,0,0,0,0,0,0
0,0,0,0,0,0,0,0,0,0
0,0,0,0,0,0,0,0,0,0
0,0,0,0,0,0,0,0,0,0
0,0,0,0,0,0,0,0,0,0
0,0,0,0,0,0,0,0,0,0
0,0,0,0,0,0,0,0,0,0
0,0,0,0,0,0,0,0,0,0
0,0,0,0,0,0,0,0,0,0
0,0,0,0,0,0,0,0,0,0
0,0,0,0,0,0,0,0,0,0
0,0,0,0,0,0,0,0,0,0
0,0,0,0,0,0,0,0,0,0
0,0,0,0,0,0,0,0,0,0
0,0,0,0,0,0,0,0,0,0
0,0,0,0,0,0,0,0,0,0
0,0,0,0,0,0,0,0,0,0
0,0,0,0,0,0,0,0,0,0
0,0,0,0,0,0,0,0,0,0
0,0,0,0,0,0,0,0,0,0
0,0,0,0,0,0,0,0,0,0
0,0,0,0,0,0,0,0,0,0
0,0,0,0,0,0,0,0,0,0
0,0,0,0,0,0,0,0,0,0
0,0,0,0,0,0,0,0,0,0
0,0,0,0,0,0,0,0,0,0
0,0,0,0,0,0,0,0,0,0
0,0,0,0,0,0,0,0,0,0
0,0,0,0,0,0,0,0,0,0
0,0,0,0,0,0,0,0,0,0
0,0,0,0,0,0,0,0,0,0
0,0,0,0,0,0,0,0,0,0
0,0,0,0,0,0,0,0,0,0
0,0,0,0,0,0,0,0,0,0
0,0,0,0,0,0,0,0,0,0
0,0,0,0,0,0,0,0,0,0
0,0,0,0,0,0,0,0,0,0
0,0,0,0,0,0,0,0,0,0
0,0,0,0,0,0,0,0,0,0
0,0,0,0,0,0,0,0,0,0
0,0,0,0,0,0,0,0,0,0
0,0,0,0,0,0,0,0,0,0
0,0,0,0,0,0,0,0,0,0
0,0,0,0,0,0,0,0,0,0
0,0,0,0,0,0,0,0,0,0
0,0,0,0,0,0,0,0,0,0
0,0,0,0,0,0,0,0,0,0
0,0,0,0,0,0,0,0,0,0
0,0,0,0,0,0,0,0,0,0
0,0,0,0,0,0,0,0,0,0
0,0,0,0,0,0,0,0,0,0
0,0,0,0,0,0,0,0,0,0
0,0,0,0,0,0,0,0,0,0
0,0,0,0,0,0,0,0,0,0
0,0,0,0,0,0,0,0,0,0
0,0,0,0,0,0,0,0,0,0
0,0,0,0,0,0,0,0,0,0
0,0,0,0,0,0,0,0,0,0
0,0,0,0,0,0,0,0,0,0
0,0,0,0,0,0,0,0,0,0
0,0,0,0,0,0,0,0,0,0
0,0,0,0,0,0,0,0,0,0
0,0,0,0,0,0,0,0,0,0
0,0,0,0,0,0,0,0,0,0
0,0,0,0,0,0,0,0,0,0
0,0,0,0,0,0,0,0,0,0
0,0,0,0,0,0,0,0,0,0
0,0,0,0,0,0,0,0,0,0
0,0,0,0,0,0,0,0,0,0
0,0,0,0,0,0,0,0,0,0
0,0,0,0,0,0,0,0,0,0
0,0,0,0,0,0,0,0,0,0
0,0,0,0,0,0,0,0,0,0
0,0,0,0,0,0,0,0,0,0
0,0,0,0,0,0,0,0,0,0
0,0,0,0,0,0,0,0,0,0
0,0,0,0,0,0,0,0,0,0
0,0,0,0,0,0,0,0,0,0
0,0,0,0,0,0,0,0,0,0
0,0,0,0,0,0,0,0,0,0
0,0,0,0,0,0,0,0,0,0
0,0,0,0,0,0,0,0,0,0
0,0,0,0,0,0,0,0,0,0
0,0,0,0,0,0,0,0,0,0
0,0,0,0,0,0,0,0,0,0
0,0,0,0,0,0,0,0,0,0
0,0,0,0,0,0,0,0,0,0
0,0,0,0,0,0,0,0,0,0
0,0,0,0,0,0,0,0,0,0
0,0,0,0,0,0,0,0,0,0
0,0,0,0,0,0,0,0,0,0
0,0,0,0,0,0,0,0,0,0
0,0,0,0,0,0,0,0,0,0
0,0,0,0,0,0,0,0,0,0
0,0,0,0,0,0,0,0,0,0
0,0,0,0,0,0,0,0,0,0
0,0,0,0,0,0,0,0,0,0
0,0,0,0,0,0,0,0,0,0
0,0,0,0,0,0,0,0,0,0
0,0,0,0,0,0,0,0,0,0
0,0,0,0,0,0,0,0,0,0
0,0,0,0,0,0,0,0,0,0
0,0,0,0,0,0,0,0,0,0
0,0,0,0,0,0,0,0,0,0
0,0,0,0,0,0,0,0,0,0
0,0,0,0,0,0,0,0,0,0
0,0,0,0,0,0,0,0,0,0
0,0,0,0,0,0,0,0,0,0
0,0,0,0,0,0,0,0,0,0
0,0,0,0,0,0,0,0,0,0
0,0,0,0,0,0,0,0,0,0
0,0,0,0,0,0,0,0,0,0
0,0,0,0,0,0,0,0,0,0
0,0,0,0,0,0,0,0,0,0
0,0,0,0,0,0,0,0,0,0
0,0,0,0,0,0,0,0,0,0
0,0,0,0,0,0,0,0,0,0
0,0,0,0,0,0,0,0,0,0
0,0,0,0,0,0,0,0,0,0
0,0,0,0,0,0,0,0,0,0
0,0,0,0,0,0,0,0,0,0
0,0,0,0,0,0,0,0,0,0
0,0,0,0,0,0,0,0,0,0
0,0,0,0,0,0,0,0,0,0
0,0,0,0,0,0,0,0,0,0
0,0,0,0,0,0,0,0,0,0
0,0,0,0,0,0,0,0,0,0
0,0,0,0,0,0,0,0,0,0
0,0,0,0,0,0,0,0,0,0
0,0,0,0,0,0,0,0,0,0
0,0,0,0,0,0,0,0,0,0
0,0,0,0,0,0,0,0,0,0
0,0,0,0,0,0,0,0,0,0
0,0,0,0,0,0,0,0,0,0
0,0,0,0,0,0,0,0,0,0
0,0,0,0,0,0,0,0,0,0
0,0,0,0,0,0,0,0,0,0
0,0,0,0,0,0,0,0,0,0
0,0,0,0,0,0,0,0,0,0
0,0,0,0,0,0,0,0,0,0
0,0,0,0,0,0,0,0,0,0
0,0,0,0,0,0,0,0,0,0
0,0,0,0,0,0,0,0,0,0
0,0,0,0,0,0,0,0,0,0
0,0,0,0,0,0,0,0,0,0
0,0,0,0,0,0,0,0,0,0
0,0,0,0,0,0,0,0,0,0
0,0,0,0,0,0,0,0,0,0
0,0,0,0,0,0,0,0,0,0
0,0,0,0,0,0,0,0,0,0
0,0,0,0,0,0,0,0,0,0
0,0,0,0,0,0,0,0,0,0
0,0,0,0,0,0,0,0,0,0
0,0,0,0,0,0,0,0,0,0
0,0,0,0,0,0,0,0,0,0
0,0,0,0,0,0,0,0,0,0
0,0,0,0,0,0,0,0,0,0
0,0,0,0,0,0,0,0,0,0
0,0,0,0,0,0,0,0,0,0
0,0,0,0,0,0,0,0,0,0
0,0,0,0,0,0,0,0,0,0
0,0,0,0,0,0,0,0,0,0
0,0,0,0,0,0,0,0,0,0
0,0,0,0,0,0,0,0,0,0
0,0,0,0,0,0,0,0,0,0
0,0,0,0,0,0,0,0,0,0
0,0,0,0,0,0,0,0,0,0
0,0,0,0,0,0,0,0,0,0
0,0,0,0,0,0,0,0,0,0
0,0,0,0,0,0,0,0,0,0
0,0,0,0,0,0,0,0,0,0
0,0,0,0,0,0,0,0,0,0
0,0,0,0,0,0,0,0,0,0
0,0,0,0,0,0,0,0,0,0
0,0,0,0,0,0,0,0,0,0
0,0,0,0,0,0,0,0,0,0
0,0,0,0,0,0,0,0,0,0
0,0,0,0,0,0,0,0,0,0
0,0,0,0,0,0,0,0,0,0
0,0,0,0,0,0,0,0,0,0
0,0,0,0,0,0,0,0,0,0
0,0,0,0,0,0,0,0,0,0
0,0,0,0,0,0,0,0,0,0
0,0,0,0,0,0,0,0,0,0
0,0,0,0,0,0,0,0,0,0
0,0,0,0,0,0,0,0,0,0
0,0,0,0,0,0,0,0,0,0
0,0,0,0,0,0,0,0,0,0
0,0,0,0,0,0,0,0,0,0
0,0,0,0,0,0,0,0,0,0
0,0,0,0,0,0,0,0,0,0
0,0,0,0,0,0,0,0,0,0
0,0,0,0,0,0,0,0,0,0
0,0,0,0,0,0,0,0,0,0
0,0,0,0,0,0,0,0,0,0
0,0,0,0,0,0,0,0,0,0
0,0,0,0,0,0,0,0,0,0
0,0,0,0,0,0,0,0,0,0
0,0,0,0,0,0,0,0,0,0
0,0,0,0,0,0,0,0,0,0
0,0,0,0,0,0,0,0,0,0
0,0,0,0,0,0,0,0,0,0
0,0,0,0,0,0,0,0,0,0
0,0,0,0,0,0,0,0,0,0
0,0,0,0,0,0,0,0,0,0
0,0,0,0,0,0,0,0,0,0
0,0,0,0,0,0,0,0,0,0
0,0,0,0,0,0,0,0,0,0
0,0,0,0,0,0,0,0,0,0
0,0,0,0,0,0,0,0,0,0
0,0,0,0,0,0,0,0,0,0
0,0,0,0,0,0,0,0,0,0
0,0,0,0,0,0,0,0,0,0
0,0,0,0,0,0,0,0,0,0
0,0,0,0,0,0,0,0,0,0
0,0,0,0,0,0,0,0,0,0
0,0,0,0,0,0,0,0,0,0
0,0,0,0,0,0,0,0,0,0
0,0,0,0,0,0,0,0,0,0
0,0,0,0,0,0,0,0,0,0
0,0,0,0,0,0,0,0,0,0
0,0,0,0,0,0,0,0,0,0
0,0,0,0,0,0,0,0,0,0
0,0,0,0,0,0,0,0,0,0
0,0,0,0,0,0,0,0,0,0
0,0,0,0,0,0,0,0,0,0
0,0,0,0,0,0,0,0,0,0
0,0,0,0,0,0,0,0,0,0
0,0,0,0,0,0,0,0,0,0
0,0,0,0,0,0,0,0,0,0
0,0,0,0,0,0,0,0,0,0
0,0,0,0,0,0,0,0,0,0
0,0,0,0,0,0,0,0,0,0
0,0,0,0,0,0,0,0,0,0
0,0,0,0,0,0,0,0,0,0
0,0,0,0,0,0,0,0,0,0
0,0,0,0,0,0,0,0,0,0
0,0,0,0,0,0,0,0,0,0
0,0,0,0,0,0,0,0,0,0
0,0,0,0,0,0,0,0,0,0
0,0,0,0,0,0,0,0,0,0
0,0,0,0,0,0,0,0,0,0
0,0,0,0,0,0,0,0,0,0
0,0,0,0,0,0,0,0,0,0
0,0,0,0,0,0,0,0,0,0
0,0,0,0,0,0,0,0,0,0
0,0,0,0,0,0,0,0,0,0
0,0,0,0,0,0,0,0,0,0
0,0,0,0,0,0,0,0,0,0
0,0,0,0,0,0,0,0,0,0
0,0,0,0,0,0,0,0,0,0
0,0,0,0,0,0,0,0,0,0
0,0,0,0,0,0,0,0,0,0
0,0,0,0,0,0,0,0,0,0
0,0,0,0,0,0,0,0,0,0
0,0,0,0,0,0,0,0,0,0
0,0,0,0,0,0,0,0,0,0
0,0,0,0,0,0,0,0,0,0
0,0,0,0,0,0,0,0,0,0
0,0,0,0,0,0,0,0,0,0
0,0,0,0,0,0,0,0,0,0
0,0,0,0,0,0,0,0,0,0
0,0,0,0,0,0,0,0,0,0
0,0,0,0,0,0,0,0,0,0
0,0,0,0,0,0,0,0,0,0
0,0,0,0,0,0,0,0,0,0
0,0,0,0,0,0,0,0,0,0
0,0,0,0,0,0,0,0,0,0
0,0,0,0,0,0,0,0,0,0
0,0,0,0,0,0,0,0,0,0
0,0,0,0,0,0,0,0,0,0
0,0,0,0,0,0,0,0,0,0
0,0,0,0,0,0,0,0,0,0
0,0,0,0,0,0,0,0,0,0
0,0,0,0,0,0,0,0,0,0
0,0,0,0,0,0,0,0,0,0
0,0,0,0,0,0,0,0,0,0
0,0,0,0,0,0,0,0,0,0
0,0,0,0,0,0,0,0,0,0
0,0,0,0,0,0,0,0,0,0
0,0,0,0,0,0,0,0,0,0
0,0,0,0,0,0,0,0,0,0
0,0,0,0,0,0,0,0,0,0
0,0,0,0,0,0,0,0,0,0
0,0,0,0,0,0,0,0,0,0
0,0,0,0,0,0,0,0,0,0
0,0,0,0,0,0,0,0,0,0
0,0,0,0,0,0,0,0,0,0
0,0,0,0,0,0,0,0,0,0
0,0,0,0,0,0,0,0,0,0
0,0,0,0,0,0,0,0,0,0
0,0,0,0,0,0,0,0,0,0
0,0,0,0,0,0,0,0,0,0
0,0,0,0,0,0,0,0,0,0
0,0,0,0,0,0,0,0,0,0
0,0,0,0,0,0,0,0,0,0
0,0,0,0,0,0,0,0,0,0
0,0,0,0,0,0,0,0,0,0
0,0,0,0,0,0,0,0,0,0
0,0,0,0,0,0,0,0,0,0
0,0,0,0,0,0,0,0,0,0
0,0,0,0,0,0,0,0,0,0
0,0,0,0,0,0,0,0,0,0
0,0,0,0,0,0,0,0,0,0
0,0,0,0,0,0,0,0,0,0
0,0,0,0,0,0,0,0,0,0
0,0,0,0,0,0,0,0,0,0
0,0,0,0,0,0,0,0,0,0
0,0,0,0,0,0,0,0,0,0
0,0,0,0,0,0,0,0,0,0
0,0,0,0,0,0,0,0,0,0
0,0,0,0,0,0,0,0,0,0
0,0,0,0,0,0,0,0,0,0
0,0,0,0,0,0,0,0,0,0
0,0,0,0,0,0,0,0,0,0
0,0,0,0,0,0,0,0,0,0
0,0,0,0,0,0,0,0,0,0
0,0,0,0,0,0,0,0,0,0
0,0,0,0,0,0,0,0,0,0
0,0,0,0,0,0,0,0,0,0
0,0,0,0,0,0,0,0,0,0
0,0,0,0,0,0,0,0,0,0
0,0,0,0,0,0,0,0,0,0
0,0,0,0,0,0,0,0,0,0
0,0,0,0,0,0,0,0,0,0
0,0,0,0,0,0,0,0,0,0
0,0,0,0,0,0,0,0,0,0
0,0,0,0,0,0,0,0,0,0
0,0,0,0,0,0,0,0,0,0
0,0,0,0,0,0,0,0,0,0
0,0,0,0,0,0,0,0,0,0
0,0,0,0,0,0,0,0,0,0
0,0,0,0,0,0,0,0,0,0
0,0,0,0,0,0,0,0,0,0
0,0,0,0,0,0,0,0,0,0
0,0,0,0,0,0,0,0,0,0
0,0,0,0,0,0,0,0,0,0
0,0,0,0,0,0,0,0,0,0
0,0,0,0,0,0,0,0,0,0
0,0,0,0,0,0,0,0,0,0
0,0,0,0,0,0,0,0,0,0
0,0,0,0,0,0,0,0,0,0
0,0,0,0,0,0,0,0,0,0
0,0,0,0,0,0,0,0,0,0
0,0,0,0,0,0,0,0,0,0
0,0,0,0,0,0,0,0,0,0
0,0,0,0,0,0,0,0,0,0
0,0,0,0,0,0,0,0,0,0
0,0,0,0,0,0,0,0,0,0
0,0,0,0,0,0,0,0,0,0
0,0,0,0,0,0,0,0,0,0
0,0,0,0,0,0,0,0,0,0
0,0,0,0,0,0,0,0,0,0
0,0,0,0,0,0,0,0,0,0
0,0,0,0,0,0,0,0,0,0
0,0,0,0,0,0,0,0,0,0
0,0,0,0,0,0,0,0,0,0
0,0,0,0,0,0,0,0,0,0
0,0,0,0,0,0,0,0,0,0
0,0,0,0,0,0,0,0,0,0
0,0,0,0,0,0,0,0,0,0
0,0,0,0,0,0,0,0,0,0
0,0,0,0,0,0,0,0,0,0
0,0,0,0,0,0,0,0,0,0
0,0,0,0,0,0,0,0,0,0
0,0,0,0,0,0,0,0,0,0
0,0,0,0,0,0,0,0,0,0
0,0,0,0,0,0,0,0,0,0
0,0,0,0,0,0,0,0,0,0
0,0,0,0,0,0,0,0,0,0
0,0,0,0,0,0,0,0,0,0
0,0,0,0,0,0,0,0,0,0
0,0,0,0,0,0,0,0,0,0
0,0,0,0,0,0,0,0,0,0
0,0,0,0,0,0,0,0,0,0
0,0,0,0,0,0,0,0,0,0
0,0,0,0,0,0,0,0,0,0
0,0,0,0,0,0,0,0,0,0
0,0,0,0,0,0,0,0,0,0
0,0,0,0,0,0,0,0,0,0
0,0,0,0,0,0,0,0,0,0
0,0,0,0,0,0,0,0,0,0
0,0,0,0,0,0,0,0,0,0
0,0,0,0,0,0,0,0,0,0
0,0,0,0,0,0,0,0,0,0
0,0,0,0,0,0,0,0,0,0
0,0,0,0,0,0,0,0,0,0
0,0,0,0,0,0,0,0,0,0
0,0,0,0,0,0,0,0,0,0
0,0,0,0,0,0,0,0,0,0
0,0,0,0,0,0,0,0,0,0
0,0,0,0,0,0,0,0,0,0
0,0,0,0,0,0,0,0,0,0
0,0,0,0,0,0,0,0,0,0
0,0,0,0,0,0,0,0,0,0
0,0,0,0,0,0,0,0,0,0
0,0,0,0,0,0,0,0,0,0
0,0,0,0,0,0,0,0,0,0
0,0,0,0,0,0,0,0,0,0
0,0,0,0,0,0,0,0,0,0
0,0,0,0,0,0,0,0,0,0
0,0,0,0,0,0,0,0,0,0
0,0,0,0,0,0,0,0,0,0
0,0,0,0,0,0,0,0,0,0
0,0,0,0,0,0,0,0,0,0
0,0,0,0,0,0,0,0,0,0
0,0,0,0,0,0,0,0,0,0
0,0,0,0,0,0,0,0,0,0
0,0,0,0,0,0,0,0,0,0
0,0,0,0,0,0,0,0,0,0
0,0,0,0,0,0,0,0,0,0
0,0,0,0,0,0,0,0,0,0
0,0,0,0,0,0,0,0,0,0
0,0,0,0,0,0,0,0,0,0
0,0,0,0,0,0,0,0,0,0
0,0,0,0,0,0,0,0,0,0
0,0,0,0,0,0,0,0,0,0
0,0,0,0,0,0,0,0,0,0
0,0,0,0,0,0,0,0,0,0
0,0,0,0,0,0,0,0,0,0
0,0,0,0,0,0,0,0,0,0
0,0,0,0,0,0,0,0,0,0
0,0,0,0,0,0,0,0,0,0
0,0,0,0,0,0,0,0,0,0
0,0,0,0,0,0,0,0,0,0
0,0,0,0,0,0,0,0,0,0
0,0,0,0,0,0,0,0,0,0
0,0,0,0,0,0,0,0,0,0
0,0,0,0,0,0,0,0,0,0
0,0,0,0,0,0,0,0,0,0
0,0,0,0,0,0,0,0,0,0
0,0,0,0,0,0,0,0,0,0
0,0,0,0,0,0,0,0,0,0
0,0,0,0,0,0,0,0,0,0
0,0,0,0,0,0,0,0,0,0
0,0,0,0,0,0,0,0,0,0
0,0,0,0,0,0,0,0,0,0
0,0,0,0,0,0,0,0,0,0
0,0,0,0,0,0,0,0,0,0
0,0,0,0,0,0,0,0,0,0
0,0,0,0,0,0,0,0,0,0
0,0,0,0,0,0,0,0,0,0
0,0,0,0,0,0,0,0,0,0
0,0,0,0,0,0,0,0,0,0
0,0,0,0,0,0,0,0,0,0
0,0,0,0,0,0,0,0,0,0
0,0,0,0,0,0,0,0,0,0
0,0,0,0,0,0,0,0,0,0
0,0,0,0,0,0,0,0,0,0
0,0,0,0,0,0,0,0,0,0
0,0,0,0,0,0,0,0,0,0
0,0,0,0,0,0,0,0,0,0
0,0,0,0,0,0,0,0,0,0
0,0,0,0,0,0,0,0,0,0
0,0,0,0,0,0,0,0,0,0
0,0,0,0,0,0,0,0,0,0
0,0,0,0,0,0,0,0,0,0
0,0,0,0,0,0,0,0,0,0
0,0,0,0,0,0,0,0,0,0
0,0,0,0,0,0,0,0,0,0
0,0,0,0,0,0,0,0,0,0
0,0,0,0,0,0,0,0,0,0
0,0,0,0,0,0,0,0,0,0
0,0,0,0,0,0,0,0,0,0
0,0,0,0,0,0,0,0,0,0
0,0,0,0,0,0,0,0,0,0
0,0,0,0,0,0,0,0,0,0
0,0,0,0,0,0,0,0,0,0
0,0,0,0,0,0,0,0,0,0
0,0,0,0,0,0,0,0,0,0
0,0,0,0,0,0,0,0,0,0
0,0,0,0,0,0,0,0,0,0
0,0,0,0,0,0,0,0,0,0
0,0,0,0,0,0,0,0,0,0
0,0,0,0,0,0,0,0,0,0
0,0,0,0,0,0,0,0,0,0
0,0,0,0,0,0,0,0,0,0
0,0,0,0,0,0,0,0,0,0
0,0,0,0,0,0,0,0,0,0
0,0,0,0,0,0,0,0,0,0
0,0,0,0,0,0,0,0,0,0
0,0,0,0,0,0,0,0,0,0
0,0,0,0,0,0,0,0,0,0
0,0,0,0,0,0,0,0,0,0
0,0,0,0,0,0,0,0,0,0
0,0,0,0,0,0,0,0,0,0
0,0,0,0,0,0,0,0,0,0
0,0,0,0,0,0,0,0,0,0
0,0,0,0,0,0,0,0,0,0
0,0,0,0,0,0,0,0,0,0
0,0,0,0,0,0,0,0,0,0
0,0,0,0,0,0,0,0,0,0
0,0,0,0,0,0,0,0,0,0
0,0,0,0,0,0,0,0,0,0
0,0,0,0,0,0,0,0,0,0
0,0,0,0,0,0,0,0,0,0
0,0,0,0,0,0,0,0,0,0
0,0,0,0,0,0,0,0,0,0
0,0,0,0,0,0,0,0,0,0
0,0,0,0,0,0,0,0,0,0
0,0,0,0,0,0,0,0,0,0
0,0,0,0,0,0,0,0,0,0
0,0,0,0,0,0,0,0,0,0
0,0,0,0,0,0,0,0,0,0
0,0,0,0,0,0,0,0,0,0
0,0,0,0,0,0,0,0,0,0
0,0,0,0,0,0,0,0,0,0
0,0,0,0,0,0,0,0,0,0
0,0,0,0,0,0,0,0,0,0
0,0,0,0,0,0,0,0,0,0
0,0,0,0,0,0,0,0,0,0
0,0,0,0,0,0,0,0,0,0
0,0,0,0,0,0,0,0,0,0
0,0,0,0,0,0,0,0,0,0
0,0,0,0,0,0,0,0,0,0
0,0,0,0,0,0,0,0,0,0
0,0,0,0,0,0,0,0,0,0
0,0,0,0,0,0,0,0,0,0
0,0,0,0,0,0,0,0,0,0
0,0,0,0,0,0,0,0,0,0
0,0,0,0,0,0,0,0,0,0
0,0,0,0,0,0,0,0,0,0
0,0,0,0,0,0,0,0,0,0
0,0,0,0,0,0,0,0,0,0
0,0,0,0,0,0,0,0,0,0
0,0,0,0,0,0,0,0,0,0
0,0,0,0,0,0,0,0,0,0
0,0,0,0,0,0,0,0,0,0
0,0,0,0,0,0,0,0,0,0
0,0,0,0,0,0,0,0,0,0
0,0,0,0,0,0,0,0,0,0
0,0,0,0,0,0,0,0,0,0
0,0,0,0,0,0,0,0,0,0
0,0,0,0,0,0,0,0,0,0
0,0,0,0,0,0,0,0,0,0
0,0,0,0,0,0,0,0,0,0
0,0,0,0,0,0,0,0,0,0
0,0,0,0,0,0,0,0,0,0
0,0,0,0,0,0,0,0,0,0
0,0,0,0,0,0,0,0,0,0
0,0,0,0,0,0,0,0,0,0
0,0,0,0,0,0,0,0,0,0
0,0,0,0,0,0,0,0,0,0
0,0,0,0,0,0,0,0,0,0
0,0,0,0,0,0,0,0,0,0
0,0,0,0,0,0,0,0,0,0
0,0,0,0,0,0,0,0,0,0
0,0,0,0,0,0,0,0,0,0
0,0,0,0,0,0,0,0,0,0
0,0,0,0,0,0,0,0,0,0
0,0,0,0,0,0,0,0,0,0
0,0,0,0,0,0,0,0,0,0
0,0,0,0,0,0,0,0,0,0
0,0,0,0,0,0,0,0,0,0
0,0,0,0,0,0,0,0,0,0
0,0,1,0,0,0,0,0,0,0
0,0,1,0,0,0,0,0,0,0
0,0,1,0,0,0,0,0,0,1
0,0,1,0,0,0,0,0,0,1
0,0,1,0,0,0,0,0,0,1
0,0,1,0,0,0,0,0,0,1
0,0,1,0,0,0,0,0,0,1
0,0,1,0,0,0,0,0,0,1
0,0,1,0,0,0,0,0,0,1
0,0,1,0,0,0,0,0,0,1
0,0,1,0,0,0,0,0,0,1
0,0,1,0,0,0,0,0,0,1
0,0,1,0,0,0,0,0,0,1
0,0,1,0,0,0,0,0,0,1
0,0,1,0,0,0,0,0,0,1
0,0,1,0,0,0,0,0,0,1
0,0,1,0,0,0,0,0,0,1
0,0,1,0,0,0,0,0,0,1
0,0,1,0,0,0,0,0,0,1
0,0,1,0,0,0,0,0,0,1
0,0,1,0,0,0,0,0,0,1
0,0,1,0,0,0,0,0,0,1
0,0,1,0,0,0,0,0,0,1
0,0,1,0,0,0,0,0,0,1
0,0,1,0,0,0,0,0,0,1
0,0,1,0,0,0,0,0,0,1
0,0,1,0,0,0,0,0,0,1
0,0,1,0,0,0,0,0,0,1
0,0,1,0,0,0,0,0,0,1
0,0,1,0,0,0,0,0,0,1
0,0,1,0,0,0,0,0,0,1
0,0,1,0,0,0,0,0,0,1
0,0,1,0,0,0,0,1,0,1
0,0,1,0,0,0,0,1,0,1
0,0,1,0,0,0,0,1,0,1
0,0,1,0,0,0,0,1,0,1
0,0,1,0,0,0,0,1,0,1
0,0,1,0,0,0,0,1,0,1
0,0,1,0,0,0,0,1,0,1
0,0,1,0,0,0,0,1,0,1
0,0,1,0,0,0,0,1,0,1
1,0,1,0,0,0,0,1,0,1
1,0,1,0,0,0,0,1,0,1
1,0,1,0,0,0,0,1,0,1
1,0,1,0,0,0,0,1,0,1
1,0,1,0,0,0,0,1,0,1
1,0,1,0,0,0,0,1,0,1
1,0,1,0,0,0,0,1,0,1
1,0,1,0,0,0,0,1,0,1
1,0,1,0,0,0,0,1,0,1
1,0,1,0,0,0,0,1,0,1
1,0,1,0,0,0,0,1,0,1
1,0,1,0,0,0,0,1,0,1
1,0,1,0,0,0,0,1,0,1
1,0,1,0,0,0,0,1,0,1
1,0,1,0,0,0,0,1,0,1
1,0,1,0,0,0,1,1,0,1
1,0,1,0,0,0,1,1,0,1
1,0,1,0,0,0,1,1,0,1
1,0,1,0,0,0,1,1,0,1
1,0,1,0,0,0,1,1,0,1
1,0,1,0,0,0,1,1,0,1
1,0,1,0,0,0,1,1,0,1
1,1,1,0,1,0,1,1,0,1
1,1,1,0,1,0,1,1,0,1
1,1,1,0,1,0,1,1,0,1
1,1,1,0,1,0,1,1,0,1
1,1,1,0,1,0,1,1,0,1
1,1,1,0,1,0,1,1,0,1
1,1,1,0,1,0,1,1,0,1
1,1,1,0,1,0,1,1,0,1
1,1,1,0,1,0,1,1,0,1
1,1,1,0,1,0,1,1,0,1
1,1,1,0,1,0,1,1,0,1
1,1,1,0,1,0,1,1,0,1
1,1,1,0,1,0,1,1,0,1
1,1,1,0,1,0,1,1,0,1
1,1,1,0,1,0,1,1,0,1
1,1,1,0,1,0,1,1,0,1
1,1,1,0,1,0,1,1,0,1
1,1,1,1,1,1,1,1,1,1
1,1,1,1,1,1,1,1,1,1
1,1,1,1,1,1,1,1,1,1
1,1,1,1,1,1,1,1,1,1
1,1,1,1,1,1,1,1,1,1
1,1,1,1,1,1,1,1,1,1
1,1,1,1,1,1,1,1,1,1
1,1,1,1,1,1,1,1,1,1
1,1,1,1,1,1,1,1,1,1
1,1,1,1,1,1,1,1,1,1
1,1,1,1,1,1,1,1,1,1
1,1,1,1,1,1,1,1,1,1
1,1,1,1,1,1,1,1,1,1
1,1,1,1,1,1,1,1,1,1
1,1,1,1,1,1,1,1,1,1
1,1,1,1,1,1,1,1,1,1
1,1,1,1,1,1,1,1,1,1
1,1,1,1,1,1,1,1,1,1
1,1,1,1,1,1,1,1,1,1
1,1,1,1,1,1,1,1,1,1
1,1,1,1,1,1,1,1,1,1
1,1,1,1,1,1,1,1,1,1
1,1,1,1,1,1,1,1,1,1
1,1,1,1,1,1,1,1,1,1
1,1,1,1,1,1,1,1,1,1
1,1,1,1,1,1,1,1,1,1
1,1,1,1,1,1,1,1,1,1
1,1,1,1,1,1,1,1,1,1
1,1,1,1,1,1,1,1,1,1
1,1,1,1,1,1,1,1,1,1
1,1,1,1,1,1,1,1,1,1
1,1,1,1,1,1,1,1,1,1
1,1,1,1,1,1,1,1,1,1
1,1,1,1,1,1,1,1,1,1
1,1,1,1,1,1,1,1,1,1
1,1,1,1,1,1,1,1,1,1
1,1,1,1,1,1,1,1,1,1
1,1,1,1,1,1,1,1,1,1
1,1,1,1,1,1,1,1,1,1
1,1,1,1,1,1,1,1,1,1
1,1,1,1,1,1,1,1,1,1
1,1,1,1,1,1,1,1,1,1
1,1,1,1,1,1,1,1,1,1
1,1,1,1,1,1,1,1,1,1
1,1,1,1,1,1,1,1,1,1
1,1,1,1,1,1,1,1,1,1
1,1,1,1,1,1,1,1,1,1
1,1,1,1,1,1,1,1,1,1
1,1,1,1,1,1,1,1,1,1
1,1,1,1,1,1,1,1,1,1
1,1,1,1,1,1,1,1,1,1
1,1,1,1,1,1,1,1,1,1
1,1,1,1,1,1,1,1,1,1
1,1,1,1,1,1,1,1,1,1
1,1,1,1,1,1,1,1,1,1
1,1,1,1,1,1,1,1,1,1
1,1,1,1,1,1,1,1,1,1
1,1,1,1,1,1,1,1,1,1
1,1,1,1,1,1,1,1,1,1
1,1,1,1,1,1,1,1,1,1
1,1,1,1,1,1,1,1,1,1
1,1,1,1,1,1,1,1,1,1
1,1,1,1,1,1,1,1,1,1
1,1,1,1,1,1,1,1,1,1
1,1,1,1,1,1,1,1,1,1
1,1,1,1,1,1,1,1,1,1
1,1,1,1,1,1,1,1,1,1
1,1,1,1,1,1,1,1,1,1
1,1,1,1,1,1,1,1,1,1
1,1,1,1,1,1,1,1,1,1
1,1,1,1,1,1,1,1,1,1
1,1,1,1,1,1,1,1,1,1
1,1,1,1,1,1,1,1,1,1
1,1,1,1,1,1,1,1,1,1
1,1,1,1,1,1,1,1,1,1
1,1,1,1,1,1,1,1,1,1
1,1,1,1,1,1,1,1,1,1
1,1,1,1,1,1,1,1,1,1
1,1,1,1,1,1,1,1,1,1
1,1,1,1,1,1,1,1,1,1
1,1,1,1,1,1,1,1,1,1
1,1,1,1,1,1,1,1,1,1
1,1,1,1,1,1,1,1,1,1
1,1,1,1,1,1,1,1,1,1
1,1,1,1,1,1,1,1,1,1
1,1,1,1,1,1,1,1,1,1
1,1,1,1,1,1,1,1,1,1
1,1,1,1,1,1,1,1,1,1
1,1,1,1,1,1,1,1,1,1
1,1,1,1,1,1,1,1,1,1
1,1,1,1,1,1,1,1,1,1
1,1,1,1,1,1,1,1,1,1
1,1,1,1,1,1,1,1,1,1
1,1,1,1,1,1,1,1,1,1
1,1,1,1,1,1,1,1,1,1
1,1,1,1,1,1,1,1,1,1
1,1,1,1,1,1,1,1,1,1
1,1,1,1,1,1,1,1,1,1
1,1,1,1,1,1,1,1,1,1
1,1,1,1,1,1,1,1,1,1
1,1,1,1,1,1,1,1,1,1
1,1,1,1,1,1,1,1,1,1
1,1,1,1,1,1,1,1,1,1
1,1,1,1,1,1,1,1,1,1
1,1,1,1,1,1,1,1,1,1
1,1,1,1,1,1,1,1,1,1
1,1,1,1,1,1,1,1,1,1
1,1,1,1,1,1,1,1,1,1
1,1,1,1,1,1,1,1,1,1
1,1,1,1,1,1,1,1,1,1
1,1,1,1,1,1,1,1,1,1
1,1,1,1,1,1,1,1,1,1
1,1,1,1,1,1,1,1,1,1
1,1,1,1,1,1,1,1,1,1
1,1,1,1,1,1,1,1,1,1
1,1,1,1,1,1,1,1,1,1
1,1,1,1,1,1,1,1,1,1
1,1,1,1,1,1,1,1,1,1
1,1,1,1,1,1,1,1,1,1
1,1,1,1,1,1,1,1,1,1
1,1,1,1,1,1,1,1,1,1
1,1,1,1,1,1,1,1,1,1
1,1,1,1,1,1,1,1,1,1
1,1,1,1,1,1,1,1,1,1
1,1,1,1,1,1,1,1,1,1
1,1,1,1,1,1,1,1,1,1
1,1,1,1,1,1,1,1,1,1
1,1,1,1,1,1,1,1,1,1
1,1,1,1,1,1,1,1,1,1
1,1,1,1,1,1,1,1,1,1
1,1,1,1,1,1,1,1,1,1
1,1,1,1,1,1,1,1,1,1
1,1,1,1,1,1,1,1,1,1
1,1,1,1,1,1,1,1,1,1
1,1,1,1,1,1,1,1,1,1
1,1,1,1,1,1,1,1,1,1
1,1,1,1,1,1,1,1,1,1
1,1,1,1,1,1,1,1,1,1
1,1,1,1,1,1,1,1,1,1
1,1,1,1,1,1,1,1,1,1
1,1,1,1,1,1,1,1,1,1
1,1,1,1,1,1,1,1,1,1
1,1,1,1,1,1,1,1,1,1
1,1,1,1,1,1,1,1,1,1
1,1,1,1,1,1,1,1,1,1
1,1,1,1,1,1,1,1,1,1
1,1,1,1,1,1,1,1,1,1
1,1,1,1,1,1,1,1,1,1
1,1,1,1,1,1,1,1,1,1
1,1,1,1,1,1,1,1,1,1
1,1,1,1,1,1,1,1,1,1
1,1,1,1,1,1,1,1,1,1
1,1,1,1,1,1,1,1,1,1
1,1,1,1,1,1,1,1,1,1
1,1,1,1,1,1,1,1,1,1
1,1,1,1,1,1,1,1,1,1
1,1,1,1,1,1,1,1,1,1
1,1,1,1,1,1,1,1,1,1
1,1,1,1,1,1,1,1,1,1
1,1,1,1,1,1,1,1,1,1
1,1,1,1,1,1,1,1,1,1
1,1,1,1,1,1,1,1,1,1
1,1,1,1,1,1,1,1,1,1
1,1,1,1,1,1,1,1,1,1
1,1,1,1,1,1,1,1,1,1
1,1,1,1,1,1,1,1,1,1
1,1,1,1,1,1,1,1,1,1
1,1,1,1,1,1,1,1,1,1
1,1,1,1,1,1,1,1,1,1
1,1,1,1,1,1,1,1,1,1
1,1,1,1,1,1,1,1,1,1
1,1,1,1,1,1,1,1,1,1
1,1,1,1,1,1,1,1,1,1
1,1,1,1,1,1,1,1,1,1
1,1,1,1,1,1,1,1,1,1
1,1,1,1,1,1,1,1,1,1
1,1,1,1,1,1,1,1,1,1
1,1,1,1,1,1,1,1,1,1
1,1,1,1,1,1,1,1,1,1
1,1,1,1,1,1,1,1,1,1
1,1,1,1,1,1,1,1,1,1
1,1,1,1,1,1,1,1,1,1
1,1,1,1,1,1,1,1,1,1
1,1,1,1,1,1,1,1,1,1
1,1,1,1,1,1,1,1,1,1
1,1,1,1,1,1,1,1,1,1
1,1,1,1,1,1,1,1,1,1
1,1,1,1,1,1,1,1,1,1
1,1,1,1,1,1,1,1,1,1
1,1,1,1,1,1,1,1,1,1
1,1,1,1,1,1,1,1,1,1
1,1,1,1,1,1,1,1,1,1
1,1,1,1,1,1,1,1,1,1
1,1,1,1,1,1,1,1,1,1
1,1,1,1,1,1,1,1,1,1
1,1,1,1,1,1,1,1,1,1
1,1,1,1,1,1,1,1,1,1
1,1,1,1,1,1,1,1,1,1
1,1,1,1,1,1,1,1,1,1
1,1,1,1,1,1,1,1,1,1
1,1,1,1,1,1,1,1,1,1
1,1,1,1,1,1,1,1,1,1
1,1,1,1,1,1,1,1,1,1
1,1,1,1,1,1,1,1,1,1
1,1,1,1,1,1,1,1,1,1
1,1,1,1,1,1,1,1,1,1
1,1,1,1,1,1,1,1,1,1
1,1,1,1,1,1,1,1,1,1
1,1,1,1,1,1,1,1,1,1
1,1,1,1,1,1,1,1,1,1
1,1,1,1,1,1,1,1,1,1
1,1,1,1,1,1,1,1,1,1
1,1,1,1,1,1,1,1,1,1
1,1,1,1,1,1,1,1,1,1
1,1,1,1,1,1,1,1,1,1
1,1,1,1,1,1,1,1,1,1
1,1,1,1,1,1,1,1,1,1
1,1,1,1,1,1,1,1,1,1
1,1,1,1,1,1,1,1,1,1
1,1,1,1,1,1,1,1,1,1
1,1,1,1,1,1,1,1,1,1
1,1,1,1,1,1,1,1,1,1
1,1,1,1,1,1,1,1,1,1
1,1,1,1,1,1,1,1,1,1
1,1,1,1,1,1,1,1,1,1
1,1,1,1,1,1,1,1,1,1
1,1,1,1,1,1,1,1,1,1
1,1,1,1,1,1,1,1,1,1
1,1,1,1,1,1,1,1,1,1
1,1,1,1,1,1,1,1,1,1
1,1,1,1,1,1,1,1,1,1
1,1,1,1,1,1,1,1,1,1
1,1,1,1,1,1,1,1,1,1
1,1,1,1,1,1,1,1,1,1
1,1,1,1,1,1,1,1,1,1
1,1,1,1,1,1,1,1,1,1
1,1,1,1,1,1,1,1,1,1
1,1,1,1,1,1,1,1,1,1
1,1,1,1,1,1,1,1,1,1
1,1,1,1,1,1,1,1,1,1
1,1,1,1,1,1,1,1,1,1
1,1,1,1,1,1,1,1,1,1
1,1,1,1,1,1,1,1,1,1
1,1,1,1,1,1,1,1,1,1
1,1,1,1,1,1,1,1,1,1
1,1,1,1,1,1,1,1,1,1
1,1,1,1,1,1,1,1,1,1
1,1,1,1,1,1,1,1,1,1
1,1,1,1,1,1,1,1,1,1
1,1,1,1,1,1,1,1,1,1
1,1,1,1,1,1,1,1,1,1
1,1,1,1,1,1,1,1,1,1
1,1,1,1,1,1,1,1,1,1
1,1,1,1,1,1,1,1,1,1
1,1,1,1,1,1,1,1,1,1
1,1,1,1,1,1,1,1,1,1
1,1,1,1,1,1,1,2,1,1
1,1,1,1,1,1,1,2,1,1
1,1,1,1,1,1,1,2,1,1
1,1,1,1,1,1,1,2,1,1
1,1,1,1,1,1,1,2,1,1
1,1,1,1,1,1,1,2,1,1
1,1,1,1,1,1,1,2,1,1
1,1,1,1,1,1,1,2,1,1
1,1,1,1,1,1,1,2,1,1
1,1,1,1,1,1,1,2,1,1
1,1,1,1,1,1,1,2,1,1
1,1,1,1,1,1,1,2,1,1
1,1,1,1,1,1,1,2,1,1
1,1,1,1,1,1,1,2,1,1
1,1,1,1,1,1,1,2,1,1
1,1,1,1,1,1,1,2,1,1
1,1,1,1,1,1,1,2,1,1
1,1,1,1,1,1,1,2,1,1
1,1,1,1,1,1,1,2,1,1
1,1,1,1,1,1,1,2,1,1
1,1,1,1,1,1,1,2,1,1
1,1,1,1,1,1,1,2,1,1
1,1,1,1,1,1,1,2,1,1
1,1,1,1,1,1,1,2,1,1
1,1,1,1,1,1,1,2,1,1
1,1,1,1,1,1,1,2,1,1
1,1,1,1,1,1,1,2,1,1
1,1,1,1,1,1,1,2,1,1
1,1,1,1,1,1,1,2,1,1
1,1,1,1,1,1,1,2,1,1
1,1,1,1,1,1,1,2,1,1
1,1,1,1,1,1,1,2,1,1
1,1,1,1,1,1,1,2,1,1
1,1,1,1,1,1,1,2,1,1
1,1,1,1,1,1,1,2,1,1
1,1,1,1,1,1,1,2,1,1
1,1,1,1,1,1,1,2,1,1
1,1,1,1,1,1,1,2,1,1
1,1,1,1,1,1,1,2,1,1
1,1,1,1,1,1,1,2,1,1
1,1,1,1,1,1,1,2,1,1
1,1,1,1,1,1,1,2,1,1
1,1,1,1,1,1,1,2,1,1
1,1,1,1,1,1,1,2,1,1
1,1,1,1,1,1,1,2,1,2
1,1,1,1,1,1,1,2,1,2
1,1,1,1,1,1,1,2,1,2
1,1,1,1,1,1,1,2,1,2
1,1,1,1,1,1,1,2,1,2
1,1,1,1,1,1,1,2,1,2
1,1,1,1,1,1,1,2,1,2
1,1,1,1,1,1,1,2,1,2
1,1,1,1,1,1,1,2,1,2
1,1,1,1,1,1,1,2,1,2
1,1,1,1,1,1,1,2,1,2
1,1,1,1,1,1,1,2,1,2
1,1,1,1,1,1,1,2,1,2
1,1,1,1,1,1,1,2,1,2
1,1,1,1,1,1,1,2,1,2
2,1,1,1,1,1,1,2,1,2
2,1,1,1,1,1,1,2,1,2
2,1,1,1,1,1,1,2,1,2
2,1,1,1,1,1,1,2,1,2
2,1,1,1,1,1,1,2,1,2
2,1,2,1,1,1,1,2,2,2
2,1,2,1,1,1,1,2,2,2
2,1,2,1,1,1,1,2,2,2
2,1,2,1,1,1,1,2,2,2
2,1,2,1,1,1,1,2,2,2
2,1,2,1,1,1,1,2,2,2
2,1,2,1,1,1,1,2,2,2
2,1,2,1,1,1,1,2,2,2
2,1,2,1,1,1,1,2,2,2
2,1,2,1,1,1,1,2,2,2
2,1,2,1,1,1,1,2,2,2
2,1,2,1,1,1,1,2,2,2
2,1,2,1,1,1,1,2,2,2
2,1,2,1,2,1,1,2,2,2
2,1,2,1,2,1,1,2,2,2
2,1,2,1,2,1,1,2,2,2
2,1,2,1,2,1,2,2,2,2
2,1,2,1,2,1,2,2,2,2
2,1,2,1,2,1,2,2,2,2
2,1,2,1,2,1,2,2,2,2
2,1,2,1,2,1,2,2,2,2
2,1,2,1,2,1,2,2,2,2
2,1,2,1,2,1,2,2,2,2
2,1,2,1,2,1,2,2,2,2
2,1,2,1,2,1,2,2,2,2
2,1,2,1,2,1,2,2,2,2
2,1,2,1,2,1,2,2,2,2
2,1,2,1,2,1,2,2,2,2
2,1,2,1,2,1,2,2,2,2
2,1,2,1,2,1,2,2,2,2
2,1,2,1,2,1,2,2,2,2
2,1,2,1,2,1,2,2,2,2
2,1,2,1,2,1,2,2,2,2
2,1,2,1,2,1,2,2,2,2
2,1,2,1,2,1,2,2,2,2
2,1,2,1,2,1,2,2,2,2
2,1,2,1,2,1,2,2,2,2
2,1,2,1,2,1,2,2,2,2
2,1,2,1,2,1,2,2,2,2
2,1,2,1,2,1,2,2,2,2
2,1,2,1,2,2,2,2,2,2
2,1,2,1,2,2,2,2,2,2
2,1,2,1,2,2,2,2,2,2
2,1,2,1,2,2,2,2,2,2
2,1,2,1,2,2,2,2,2,2
2,1,2,1,2,2,2,2,2,2
2,1,2,1,2,2,2,2,2,2
2,1,2,1,2,2,2,2,2,2
2,1,2,1,2,2,2,2,2,2
2,1,2,1,2,2,2,2,2,2
2,1,2,1,2,2,2,2,2,2
2,1,2,1,2,2,2,2,2,2
2,1,2,1,2,2,2,2,2,2
2,1,2,1,2,2,2,2,2,2
2,1,2,1,2,2,2,2,2,2
2,1,2,1,2,2,2,2,2,2
2,1,2,1,2,2,2,2,2,2
2,1,2,1,2,2,2,2,2,2
2,1,2,1,2,2,2,2,2,2
2,1,2,1,2,2,2,2,2,2
2,1,2,1,2,2,2,2,2,2
2,1,2,1,2,2,2,2,2,2
2,1,2,1,2,2,2,2,2,2
2,1,2,1,2,2,2,2,2,2
2,1,2,1,2,2,2,2,2,2
2,1,2,1,2,2,2,2,2,2
2,1,2,1,2,2,2,2,2,2
2,1,2,1,2,2,2,2,2,2
2,1,2,1,2,2,2,2,2,2
2,1,2,1,2,2,2,2,2,2
2,1,2,1,2,2,2,2,2,2
2,1,2,1,2,2,2,2,2,2
2,1,2,1,2,2,2,2,2,2
2,1,2,1,2,2,2,2,2,2
2,1,2,1,2,2,2,2,2,2
2,1,2,1,2,2,2,2,2,2
2,1,2,1,2,2,2,2,2,2
2,1,2,1,2,2,2,2,2,2
2,1,2,1,2,2,2,2,2,2
2,1,2,1,2,2,2,2,2,2
2,1,2,1,2,2,2,2,2,2
2,1,2,1,2,2,2,2,2,2
2,1,2,1,2,2,2,2,2,2
2,1,2,1,2,2,2,2,2,2
2,1,2,1,2,2,2,2,2,2
2,1,2,1,2,2,2,2,2,2
2,1,2,1,2,2,2,2,2,2
2,1,2,1,2,2,2,2,2,2
2,1,2,1,2,2,2,3,2,2
2,1,2,1,2,2,2,3,2,2
2,1,2,1,2,2,2,3,2,2
2,1,2,1,2,2,2,3,2,2
2,1,2,1,2,2,2,3,2,2
2,1,2,1,2,2,2,3,2,2
2,1,2,1,2,2,2,3,2,2
2,1,2,1,2,2,2,3,2,2
2,1,2,1,2,2,2,3,2,2
2,1,2,1,2,2,2,3,2,2
2,1,2,1,2,2,2,3,2,2
2,1,2,1,2,2,2,3,2,2
2,1,2,1,2,2,2,3,2,2
2,1,2,1,2,2,2,3,2,2
2,1,2,1,2,2,2,3,2,2
2,1,2,1,2,2,2,3,2,2
2,1,2,1,2,2,2,3,2,2
2,1,2,1,2,2,2,3,2,2
2,1,2,1,2,2,2,3,2,2
2,1,2,1,2,2,2,3,2,2
2,1,2,1,2,2,2,3,2,2
2,1,2,1,2,2,2,3,2,2
2,1,2,1,2,2,2,3,2,2
2,1,2,1,2,2,2,3,2,2
2,1,2,1,2,2,2,3,2,2
2,1,2,1,2,2,2,3,2,2
2,1,2,1,2,2,2,3,2,2
2,1,2,1,2,2,2,3,2,2
2,1,2,1,2,2,2,3,2,2
2,1,2,1,2,2,2,3,2,2
2,1,2,1,2,2,2,3,2,2
2,1,2,1,2,2,2,3,2,2
2,1,3,1,2,2,2,3,2,2
2,1,3,1,2,2,2,3,2,2
2,1,3,1,2,2,2,3,2,2
2,1,3,1,2,2,2,3,2,2
2,1,3,1,2,2,2,3,2,2
2,1,3,1,2,2,2,3,2,2
2,1,3,1,2,2,2,3,2,2
2,1,3,1,2,2,2,3,2,2
2,1,3,1,2,2,2,3,2,2
2,1,3,1,2,2,2,3,2,2
2,1,3,1,2,2,2,3,2,2
2,1,3,1,2,2,2,3,2,2
2,1,3,1,2,2,2,3,2,2
2,1,3,1,2,2,2,3,2,2
2,1,3,1,2,2,2,3,2,2
2,1,3,1,2,2,2,3,2,2
2,1,3,1,2,2,2,3,2,2
2,1,3,1,2,2,2,3,2,2
2,1,3,1,2,2,2,3,2,2
2,1,3,1,2,2,2,3,2,2
2,1,3,2,2,2,2,3,2,2
2,1,3,2,2,2,2,3,2,2
2,1,3,2,2,2,2,3,2,2
2,1,3,2,2,2,2,3,2,2
2,1,3,2,2,2,2,3,2,2
2,1,3,2,2,2,2,3,2,2
2,1,3,2,2,2,2,3,2,2
2,1,3,2,2,2,2,3,2,2
2,1,3,2,2,2,2,3,2,2
2,1,3,2,2,2,2,3,2,2
2,1,3,2,2,2,2,3,2,2
2,1,3,2,2,2,2,3,2,2
2,1,3,2,2,2,2,3,2,2
2,1,3,2,3,2,2,3,2,2
2,1,3,2,3,2,2,3,2,2
2,1,3,2,3,2,2,3,2,2
2,1,3,2,3,2,2,3,2,2
2,1,3,2,3,2,2,3,2,2
2,1,3,2,3,2,2,3,2,2
2,1,3,2,3,2,2,3,2,2
2,2,3,3,3,3,2,3,2,2
2,2,3,3,3,3,2,3,2,2
2,2,3,3,3,3,2,3,2,2
2,2,3,3,3,3,2,3,2,2
2,2,3,3,3,3,2,3,2,2
2,2,3,3,3,3,2,3,2,2
2,2,3,3,3,3,2,3,2,2
2,2,3,3,3,3,2,3,2,2
2,2,3,3,3,3,2,3,2,2
2,2,3,3,3,3,2,3,2,2
2,2,3,3,3,3,2,3,2,2
2,2,3,3,3,3,2,3,2,2
2,2,3,3,3,3,2,3,2,2
2,2,3,3,3,3,2,3,2,2
2,2,3,3,3,3,2,3,2,2
2,2,3,3,3,3,2,3,2,2
2,2,3,3,3,3,2,3,2,2
2,2,3,3,3,3,2,3,2,2
2,2,3,3,3,3,2,3,2,2
2,2,3,3,3,3,2,3,2,2
2,2,3,3,3,3,2,3,2,2
2,2,3,3,3,3,2,3,2,2
2,2,3,3,3,3,2,3,2,2
2,2,3,3,3,3,2,3,2,2
2,2,3,3,3,3,2,3,2,2
2,2,3,3,3,3,2,3,2,2
2,2,3,3,3,3,2,3,2,2
2,2,3,3,3,3,2,3,2,2
2,2,3,3,3,3,2,3,2,2
2,2,3,3,3,3,2,3,2,2
2,2,3,3,3,3,2,3,2,2
2,2,3,3,3,3,2,3,2,2
2,2,3,3,3,3,2,3,2,2
2,2,3,3,3,3,2,3,2,2
2,2,3,3,3,3,2,3,2,2
2,2,3,3,3,3,2,3,2,2
2,2,3,3,3,3,2,3,2,2
2,2,3,3,3,3,2,3,2,2
2,2,3,3,3,3,2,3,2,2
2,2,3,3,3,3,2,3,2,2
2,2,3,3,3,3,2,3,2,2
2,2,3,3,3,3,2,3,2,2
2,2,3,3,3,3,2,3,2,2
2,2,3,3,3,3,2,3,2,2
2,2,3,3,3,3,2,3,2,2
2,2,3,3,3,3,2,3,2,2
2,2,3,3,3,3,2,3,2,2
2,2,3,3,3,3,2,3,2,2
2,2,3,3,3,3,2,3,2,2
2,2,3,3,3,3,2,3,2,2
2,2,3,3,3,3,2,3,2,2
2,2,3,3,3,3,2,3,2,2
2,2,3,3,3,3,2,3,2,2
2,2,3,3,3,3,2,3,2,2
2,2,3,3,3,3,2,3,2,2
2,2,3,3,3,3,2,3,2,2
2,2,3,3,3,3,2,3,2,2
2,2,3,3,3,3,2,3,2,2
2,2,3,3,3,3,2,3,2,2
2,2,3,3,3,3,2,3,2,2
2,2,3,3,3,3,2,3,2,2
2,2,3,3,3,3,2,3,2,2
2,2,3,3,3,3,2,3,2,2
2,2,3,3,3,3,2,3,2,2
2,2,3,3,3,3,2,3,2,2
2,2,3,3,3,3,2,3,2,2
2,2,3,3,3,3,2,3,2,2
2,2,3,3,3,3,2,3,2,2
2,2,3,3,3,3,2,3,2,2
2,2,3,3,3,3,2,3,2,2
2,2,3,3,3,3,2,3,2,2
2,2,3,3,3,3,2,3,2,2
2,2,3,3,3,3,3,3,2,3
2,2,3,3,3,3,3,3,2,3
2,2,3,3,3,3,3,3,2,3
2,2,3,3,3,3,3,3,2,3
2,2,3,3,3,3,3,3,2,3
2,2,3,3,3,3,3,3,2,3
2,2,3,3,3,3,3,3,2,3
2,2,3,3,3,3,3,3,2,3
2,2,3,3,3,3,3,4,3,3
2,2,3,3,3,3,3,4,3,3
2,2,3,3,3,3,3,4,3,3
2,2,3,3,3,3,3,4,3,3
2,2,3,3,3,3,3,4,3,3
2,2,3,3,3,3,3,4,3,3
2,2,3,3,3,3,3,4,3,3
2,2,3,3,3,3,3,4,3,3
2,2,3,3,3,3,3,4,3,3
2,2,3,3,3,3,3,4,3,3
2,2,3,3,3,3,3,4,3,3
2,2,3,3,3,3,3,4,3,3
2,2,3,3,3,3,3,4,3,3
2,2,3,3,3,3,3,4,3,3
2,2,3,3,3,3,3,4,3,3
2,2,3,3,3,3,3,4,3,3
2,2,3,3,3,3,3,4,3,3
2,2,3,3,3,3,3,4,3,3
2,2,3,3,3,3,3,4,3,3
2,2,3,3,3,3,3,4,3,3
2,2,3,3,3,3,3,4,3,3
2,2,3,3,3,3,3,4,3,3
2,2,3,3,3,3,3,4,3,3
2,2,3,3,3,3,3,4,3,3
2,2,3,3,3,3,3,4,3,3
2,2,3,3,3,3,3,4,3,3
2,2,3,3,3,3,3,4,3,3
2,2,3,3,3,3,3,4,3,3
2,2,3,3,3,3,3,4,3,3
2,2,3,3,3,3,3,4,3,3
2,2,3,3,3,3,3,4,3,3
2,2,3,3,3,3,3,4,3,3
2,2,3,3,3,3,3,4,3,3
2,2,3,3,3,3,3,4,3,3
2,2,3,3,3,3,3,4,3,3
2,2,3,3,3,3,3,4,3,3
2,2,3,3,3,3,3,4,3,3
2,2,3,3,3,3,3,4,3,3
2,2,3,3,3,3,3,4,3,3
2,2,3,3,3,3,3,4,3,3
2,2,3,3,3,3,3,4,3,3
2,2,3,3,3,3,3,4,3,3
2,2,3,3,3,3,3,4,3,3
2,2,3,3,3,3,3,4,3,3
2,2,3,3,3,3,3,4,3,3
2,2,3,3,3,3,3,4,3,3
2,2,3,3,3,3,3,4,3,3
2,2,3,3,3,3,3,4,3,3
2,2,3,3,3,3,3,4,3,3
2,2,3,3,3,3,3,4,3,3
2,2,3,3,3,3,3,4,3,3
2,2,3,3,3,3,3,4,3,3
2,2,3,3,3,3,3,4,3,3
2,2,3,3,3,3,3,4,3,3
2,2,3,3,3,3,3,4,3,3
2,2,3,3,3,3,3,4,3,3
2,2,3,3,3,3,3,4,3,3
2,2,3,3,3,3,3,4,3,3
2,2,3,3,3,3,3,4,3,3
2,2,3,3,3,3,3,4,3,3
2,2,3,3,3,3,3,4,3,3
2,2,3,3,3,3,3,4,3,3
2,2,3,3,3,3,3,4,3,3
2,2,3,3,3,3,3,4,3,3
2,2,3,3,3,3,3,4,3,3
2,2,3,3,3,3,3,4,3,3
2,2,3,3,3,3,3,4,3,3
2,2,3,3,3,3,3,4,3,3
2,2,3,3,3,3,3,4,3,3
2,2,3,3,3,3,3,4,3,3
2,2,3,3,3,3,3,4,3,3
2,2,3,3,3,3,3,4,3,3
2,2,3,3,3,3,3,4,3,3
2,2,3,3,3,3,3,4,3,3
2,2,3,3,3,3,3,4,3,3
2,2,3,3,3,3,3,4,3,3
2,2,3,3,3,3,3,4,3,3
2,2,3,3,3,3,3,4,3,3
2,2,3,3,3,3,3,4,3,3
2,2,3,3,3,3,3,4,3,3
2,2,3,3,3,3,3,4,3,3
2,2,3,3,3,3,3,4,3,3
2,2,3,3,3,3,3,4,3,3
2,2,3,3,3,3,3,4,3,3
2,2,3,3,3,3,3,4,3,3
2,2,3,3,3,3,3,4,3,3
2,2,3,3,3,3,3,4,3,3
2,2,3,3,3,3,3,4,3,3
2,2,3,3,3,3,3,4,3,3
2,2,3,3,3,3,3,4,3,3
2,2,3,3,3,3,3,4,3,3
2,2,3,3,3,3,3,4,3,3
2,2,3,3,3,3,3,4,3,3
2,2,3,3,3,3,3,4,3,3
2,2,3,3,3,3,3,4,3,3
2,2,3,3,3,3,3,4,3,3
2,2,3,3,3,3,3,4,3,3
2,2,3,3,3,3,3,4,3,3
2,2,3,3,3,3,3,4,3,3
2,2,3,3,3,3,3,4,3,3
2,2,3,3,3,3,3,4,3,3
2,2,3,3,3,3,3,4,3,3
2,2,3,3,3,3,3,4,3,3
2,2,3,3,3,3,3,4,3,3
2,2,3,3,3,3,3,4,3,3
2,2,3,3,3,3,3,4,3,3
2,2,3,3,3,3,3,4,3,3
2,2,3,3,3,3,3,4,3,3
2,2,3,3,3,3,3,4,3,3
2,2,3,3,3,3,3,4,3,3
2,2,3,3,3,3,3,4,3,3
2,2,3,3,3,3,3,4,3,3
2,2,3,3,3,3,3,4,3,3
2,2,3,3,3,3,3,4,3,3
2,2,3,3,3,3,3,4,3,3
2,2,3,3,3,3,3,4,3,3
2,2,3,3,3,3,3,4,3,3
2,2,3,3,3,3,3,4,3,3
2,2,3,3,3,3,3,4,3,3
2,2,3,3,3,3,3,4,3,3
2,2,3,3,3,3,3,4,3,3
2,2,3,3,3,3,3,4,3,3
2,2,3,3,3,3,3,4,3,3
2,2,3,3,3,3,3,4,3,3
2,2,3,3,3,3,3,4,3,3
2,2,3,3,3,3,3,4,3,3
2,2,3,3,3,3,3,4,3,3
2,2,3,3,3,3,3,4,3,3
2,2,3,3,3,3,3,4,3,3
2,2,3,3,3,3,3,4,3,3
2,2,3,3,3,3,3,4,3,3
2,2,3,3,3,3,3,4,3,3
2,2,3,3,3,3,3,4,3,3
2,2,3,3,3,3,3,4,3,3
2,2,3,3,3,3,3,4,3,3
2,2,3,3,3,3,3,4,3,3
2,2,3,3,3,3,3,4,3,3
2,2,3,3,3,3,3,4,3,3
2,2,3,3,3,3,3,4,3,3
2,2,3,3,3,3,3,4,3,3
2,2,3,3,3,3,3,4,3,3
2,2,3,3,3,3,3,4,3,3
2,2,3,3,3,3,3,4,3,3
2,2,3,3,3,3,3,4,3,3
2,2,3,3,3,3,3,4,3,3
2,2,3,3,3,3,3,4,3,3
2,2,3,3,3,3,3,4,3,3
2,2,3,3,3,3,3,4,3,3
2,2,3,3,3,3,3,4,3,3
2,2,3,3,3,3,3,4,3,3
2,2,3,3,3,3,3,4,3,3
2,2,3,3,3,3,3,4,3,3
2,2,3,3,3,3,3,4,3,3
2,2,3,3,3,3,3,4,3,3
2,2,3,3,3,3,3,4,3,3
2,2,3,3,3,3,3,4,3,3
2,2,3,3,3,3,3,4,3,3
2,2,3,3,3,3,3,4,3,3
2,2,3,3,3,3,3,4,3,3
2,2,3,3,3,3,3,4,3,3
2,2,3,3,3,3,3,4,3,3
2,2,3,3,3,3,3,4,3,3
2,2,3,3,3,3,3,4,3,3
2,2,3,3,3,3,3,4,3,3
2,2,3,3,3,3,3,4,3,3
2,2,3,3,3,3,3,4,3,3
2,2,3,3,3,3,3,4,3,3
2,2,3,3,3,3,3,4,3,3
2,2,3,3,3,3,3,4,3,3
2,2,3,3,3,3,3,4,3,3
2,2,3,3,3,3,3,4,3,3
2,2,3,3,3,3,3,4,3,3
2,2,3,3,3,3,3,4,3,3
2,2,3,3,3,3,3,4,3,3
2,2,3,3,3,3,3,4,3,3
2,2,3,3,3,3,3,4,3,3
2,2,3,3,3,3,3,4,3,3
2,2,3,3,3,3,3,4,3,3
2,2,3,3,3,3,3,4,3,3
2,2,3,3,3,3,3,4,3,3
2,2,3,3,3,3,3,4,3,3
2,2,3,3,3,3,3,4,3,3
2,2,3,3,3,3,3,4,3,3
2,2,3,3,3,3,3,4,3,3
2,2,3,3,3,3,3,4,3,3
2,2,3,3,3,3,3,4,3,3
2,2,3,3,3,3,3,4,3,3
2,2,3,3,3,3,3,4,3,3
2,2,3,3,3,3,3,4,3,3
2,2,3,3,3,3,3,4,3,3
2,2,3,3,3,3,3,4,3,3
2,2,3,3,3,3,3,4,3,3
2,2,3,3,3,3,3,4,3,3
2,2,3,3,3,3,3,4,3,3
2,2,3,3,3,3,3,4,3,3
2,2,3,3,3,3,3,4,3,3
2,2,3,3,3,3,3,4,3,3
2,2,3,3,3,3,3,4,3,3
2,2,3,3,3,3,3,4,3,3
2,2,3,3,3,3,3,4,3,3
2,2,3,3,3,3,3,4,3,3
2,2,3,3,3,3,3,4,3,3
2,2,3,3,3,3,3,4,3,3
2,2,3,3,3,3,3,4,3,3
2,2,3,3,3,3,3,4,3,3
2,2,3,3,3,3,3,4,3,3
2,2,3,3,3,3,3,4,3,3
2,2,3,3,3,3,3,4,3,3
2,2,3,3,3,3,3,4,3,3
2,2,3,3,3,3,3,4,3,3
2,2,3,3,3,3,3,4,3,3
2,2,3,3,3,3,3,4,3,3
2,2,3,3,3,3,3,4,3,3
2,2,3,3,3,3,3,4,3,3
2,2,3,3,3,3,3,4,3,3
2,2,3,3,3,3,3,4,3,3
2,2,3,3,3,3,3,4,3,3
2,2,3,3,3,3,3,4,3,3
2,2,3,3,3,3,3,4,3,3
2,2,3,3,3,3,3,4,3,3
2,2,3,3,3,3,3,4,3,3
2,2,3,3,3,3,3,4,3,3
2,2,3,3,3,3,3,4,3,3
2,2,3,3,3,3,3,4,3,3
2,2,3,3,3,3,3,4,3,3
2,2,3,3,3,3,3,4,3,3
2,2,3,3,3,3,3,4,3,3
2,2,3,3,3,3,3,4,3,3
2,2,3,3,3,3,3,4,3,3
2,2,3,3,3,3,3,4,3,3
2,2,3,3,3,3,3,4,3,3
2,2,3,3,3,3,3,4,3,3
2,2,3,3,3,3,3,4,3,3
2,2,3,3,3,3,3,4,3,3
2,2,3,3,3,3,3,4,3,3
2,2,3,3,3,3,3,4,3,3
2,2,3,3,3,3,3,4,3,3
2,2,3,3,3,3,3,4,3,3
2,2,3,3,3,3,3,4,3,3
2,2,3,3,3,3,3,4,3,3
2,2,3,3,3,3,3,4,3,3
2,2,3,3,3,3,3,4,3,3
2,2,3,3,3,3,3,4,3,3
2,2,3,3,3,3,3,4,3,3
2,2,3,3,3,3,3,4,3,3
2,2,3,3,3,3,3,4,3,3
2,2,3,3,3,3,3,4,3,3
2,2,3,3,3,3,3,4,3,3
2,2,3,3,3,3,3,4,3,3
2,2,3,3,3,3,3,4,3,3
2,2,3,3,3,3,3,4,3,3
2,2,3,3,3,3,3,4,3,3
2,2,3,3,3,3,3,4,3,3
2,2,3,3,3,3,3,4,3,3
2,2,3,3,3,3,3,4,3,3
2,2,3,3,3,3,3,4,3,3
2,2,3,3,3,3,3,4,3,3
2,2,3,3,3,3,3,4,3,3
2,2,3,3,3,3,3,4,3,3
2,2,3,3,3,3,3,4,3,3
2,2,3,3,3,3,3,4,3,3
2,2,3,3,3,3,3,4,3,3
2,2,3,3,3,3,3,4,3,3
2,2,3,3,3,3,3,4,3,3
2,2,3,3,3,3,3,4,3,3
2,2,3,3,3,3,3,4,3,3
2,2,3,3,3,3,3,4,3,3
2,2,3,3,3,3,3,4,3,3
2,2,3,3,3,3,3,4,3,3
2,2,3,3,3,3,3,4,3,3
2,2,3,3,3,3,3,4,3,3
2,2,3,3,3,3,3,4,3,3
2,2,3,3,3,3,3,4,3,3
2,2,3,3,3,3,3,4,3,3
2,2,3,3,3,3,3,4,3,3
2,2,3,3,3,3,3,4,3,3
2,2,3,3,3,3,3,4,3,3
2,2,3,3,3,3,3,4,3,3
2,2,3,3,3,3,3,4,3,3
2,2,3,3,3,3,3,4,3,3
2,2,3,3,3,3,3,4,3,3
2,2,3,3,3,3,3,4,3,3
2,2,3,3,3,3,3,4,3,3
2,2,3,3,3,3,3,4,3,3
2,2,3,3,3,3,3,4,3,3
2,2,3,3,3,3,3,4,3,3
2,2,3,3,3,3,3,4,3,3
2,2,3,3,3,3,3,4,3,3
2,2,3,3,3,3,3,4,3,3
2,2,3,3,3,3,3,4,3,3
2,2,3,3,3,3,3,4,3,3
2,2,3,3,3,3,3,4,3,3
2,2,3,3,3,3,3,4,3,3
2,2,3,3,3,3,3,4,3,3
2,2,3,3,3,3,3,4,3,3
2,2,3,3,3,3,3,4,3,3
2,2,3,3,3,3,3,4,3,3
2,2,3,3,3,3,3,4,3,3
2,2,3,3,3,3,3,4,3,3
2,2,3,3,3,3,3,4,3,3
2,2,3,3,3,3,3,4,3,3
2,2,3,3,3,3,3,4,3,3
2,2,3,3,3,3,3,4,3,3
2,2,3,3,3,3,3,4,3,3
2,2,3,3,3,3,3,4,3,3
2,2,3,3,3,3,3,4,3,3
2,2,3,3,3,3,3,4,3,3
2,2,3,3,3,3,3,4,3,3
2,2,3,3,3,3,3,4,3,3
2,2,3,3,3,3,3,4,3,3
2,2,3,3,3,3,3,4,3,3
2,2,3,3,3,3,3,4,3,3
2,2,3,3,3,3,3,4,3,3
2,2,3,3,3,3,3,4,3,3
2,2,3,3,3,3,3,4,3,3
2,2,3,3,3,3,3,4,3,3
2,2,3,3,3,3,3,4,3,3
2,2,3,3,3,3,3,4,3,3
2,2,3,3,3,3,3,4,3,3
2,2,3,3,3,3,3,4,3,3
2,2,3,3,3,3,3,4,3,3
2,2,3,3,3,3,3,4,3,3
2,2,3,3,3,3,3,4,3,3
2,2,3,3,3,3,3,4,3,3
2,2,3,3,3,3,3,4,3,3
2,2,3,3,3,3,3,4,3,3
2,2,3,3,3,3,3,4,3,3
2,2,3,3,3,3,3,4,3,3
2,2,3,3,3,3,3,4,3,3
2,2,3,3,3,3,3,4,3,3
2,2,3,3,3,3,3,4,3,3
2,2,3,3,3,3,3,4,3,3
2,2,3,3,3,3,3,4,3,3
2,2,3,3,3,3,3,4,3,3
2,2,3,3,3,3,3,4,3,3
2,2,3,3,3,3,3,4,3,3
2,2,3,3,3,3,3,4,3,3
2,2,3,3,3,3,3,4,3,3
2,2,3,3,3,3,3,4,3,3
2,2,3,3,3,3,3,4,3,3
2,2,3,3,3,3,3,4,3,3
2,2,3,3,3,3,3,4,3,3
2,2,3,3,3,3,3,4,3,3
2,2,3,3,3,3,3,4,3,3
2,2,3,3,3,3,3,4,3,3
2,2,3,3,3,3,3,4,3,3
2,2,3,3,3,3,3,4,3,3
2,2,3,3,3,3,3,4,3,3
2,2,3,3,3,3,3,4,3,3
2,2,3,3,3,3,3,4,3,3
2,2,3,3,3,3,3,4,3,3
2,2,3,3,3,3,3,4,3,3
2,2,3,3,3,3,3,4,3,3
2,2,3,3,3,3,3,4,3,3
2,2,3,3,3,3,3,4,3,3
2,2,3,3,3,3,3,4,3,3
2,2,3,3,3,3,3,4,3,3
2,2,3,3,3,3,3,4,3,3
2,2,3,3,3,3,3,4,3,3
2,2,3,3,3,3,3,4,3,3
2,2,3,3,3,3,3,4,3,3
2,2,3,3,3,3,3,4,3,3
2,2,3,3,3,3,3,4,3,3
2,2,3,3,3,3,3,4,3,3
2,2,3,3,3,3,3,4,3,3
2,2,3,3,3,3,3,4,3,3
2,2,3,3,3,3,3,4,3,3
2,2,3,3,3,3,3,4,3,3
2,2,3,3,3,3,3,4,3,3
2,2,3,3,3,3,3,4,3,3
2,2,3,3,3,3,3,4,3,3
2,2,3,3,3,3,3,4,3,3
2,2,3,3,3,3,3,4,3,3
2,2,3,3,3,3,3,4,3,3
2,2,3,3,3,3,3,4,3,3
2,2,3,3,3,3,3,4,3,3
2,2,3,3,3,3,3,4,3,3
2,2,3,3,3,3,3,4,3,3
2,2,3,3,3,3,3,4,3,3
2,2,3,3,3,3,3,4,3,3
2,2,3,3,3,3,3,4,3,3
2,2,3,3,3,3,3,4,3,3
2,2,3,3,3,3,3,4,3,3
2,2,3,3,3,3,3,4,3,3
2,2,3,3,3,3,3,4,3,3
2,2,3,3,3,3,3,4,3,3
2,2,3,3,3,3,3,4,3,3
2,2,3,3,3,3,3,4,3,3
2,2,3,3,3,3,3,4,3,3
2,2,3,3,3,3,3,4,3,3
2,2,3,3,3,3,3,4,3,3
2,2,3,3,3,3,3,4,3,3
2,2,3,3,3,3,3,4,3,3
2,2,3,3,3,3,3,4,3,3
2,2,3,3,3,3,3,4,3,3
2,2,3,3,3,3,3,4,3,3
2,2,3,3,3,3,3,4,3,3
2,2,3,3,3,3,3,4,3,3
2,2,3,3,3,3,3,4,3,3
2,2,3,3,3,3,3,4,3,3
2,2,3,3,3,3,3,4,3,3
2,2,3,3,3,3,3,4,3,3
2,2,3,3,3,3,3,4,3,3
2,2,3,3,3,3,3,4,3,3
2,2,3,3,3,3,3,4,3,3
2,2,3,3,3,3,3,4,3,3
2,2,3,3,3,3,3,4,3,3
2,2,3,3,3,3,3,4,3,3
2,2,3,3,3,3,3,4,3,3
2,2,3,3,3,3,3,4,3,3
2,2,3,3,3,3,3,4,3,3
2,2,3,3,3,3,3,4,3,3
2,2,3,3,3,3,3,4,3,3
2,2,3,3,3,3,3,4,3,3
2,2,3,3,3,3,3,4,3,3
2,2,3,3,3,3,3,4,3,3
2,2,3,3,3,3,3,4,3,3
2,2,3,3,3,3,3,4,3,3
2,2,3,3,3,3,3,4,3,3
2,2,3,3,3,3,3,4,3,3
2,2,3,3,3,3,3,4,3,3
2,2,3,3,3,3,3,4,3,3
2,2,3,3,3,3,3,4,3,3
2,2,3,3,3,3,3,4,3,3
2,2,3,3,3,3,3,4,3,3
2,2,3,3,3,3,3,4,3,3
2,2,3,3,3,3,3,4,3,3
2,2,3,3,3,3,3,4,3,3
2,2,3,3,3,3,3,4,3,3
2,2,3,3,3,3,3,4,3,3
2,2,3,3,3,3,3,4,3,3
2,2,3,3,3,3,3,4,3,3
2,2,3,3,3,3,3,4,3,3
2,2,3,3,3,3,3,4,3,3
2,2,3,3,3,3,3,4,3,3
2,2,3,3,3,3,3,4,3,3
2,2,3,3,3,3,3,4,3,3
2,2,3,3,3,3,3,4,3,3
2,2,3,3,3,3,3,4,3,3
2,2,3,3,3,3,3,4,3,3
2,2,3,3,3,3,3,4,3,3
2,2,3,3,3,3,3,4,3,3
2,2,3,3,3,3,3,4,3,3
2,2,3,3,3,3,3,4,3,3
2,2,3,3,3,3,3,4,3,3
2,2,3,3,3,3,3,4,3,3
2,2,3,3,3,3,3,4,3,3
2,2,3,3,3,3,3,4,3,3
2,2,3,3,3,3,3,4,3,3
2,2,3,3,3,3,3,4,3,3
2,2,3,3,3,3,3,4,3,3
2,2,3,3,3,3,3,4,3,3
2,2,3,3,3,3,3,4,3,3
2,2,3,3,3,3,3,4,3,3
2,2,3,3,3,3,3,4,3,3
2,2,3,3,3,3,3,4,3,3
2,2,3,3,3,3,3,4,3,3
2,2,3,3,3,3,3,4,3,3
2,2,3,3,3,3,3,4,3,3
2,2,3,3,3,3,3,4,3,3
2,2,3,3,3,3,3,4,3,3
2,2,3,3,3,3,3,4,3,3
2,2,3,3,3,3,3,4,3,3
2,2,3,3,3,3,3,4,3,3
2,2,3,3,3,3,3,4,3,3
2,2,3,3,3,3,3,4,3,3
2,2,3,3,3,3,3,4,3,3
2,2,3,3,3,3,3,4,3,3
2,2,3,3,3,3,3,4,3,3
2,2,3,3,3,3,3,4,3,3
2,2,3,3,3,3,3,4,3,3
2,2,3,3,3,3,3,4,3,3
2,2,3,3,3,3,3,4,3,3
2,2,3,3,3,3,3,4,3,3
2,2,3,3,3,3,3,4,3,3
2,2,3,3,3,3,3,4,3,3
2,2,3,3,3,3,3,4,3,3
2,2,3,3,3,3,3,4,3,3
2,2,3,3,3,3,3,4,3,3
2,2,3,3,3,3,3,4,3,3
2,2,3,3,3,3,3,4,3,3
2,2,3,3,3,3,3,4,3,3
2,2,3,3,3,3,3,4,3,3
2,2,3,3,3,3,3,4,3,3
2,2,3,3,3,3,3,4,3,3
2,2,3,3,3,3,3,4,3,3
2,2,3,3,3,3,3,4,3,3
2,2,3,3,3,3,3,4,3,3
2,2,3,3,3,3,3,4,3,3
2,2,3,3,3,3,3,4,3,3
2,2,3,3,3,3,3,4,3,3
2,2,3,3,3,3,3,4,3,3
2,2,3,3,3,3,3,4,3,3
2,2,3,3,3,3,3,4,3,3
2,2,3,3,3,3,3,4,3,3
2,2,3,3,3,3,3,4,3,3
2,2,3,3,3,3,4,4,3,4
2,2,3,3,3,3,4,4,3,4
2,2,3,3,3,3,4,4,3,4
2,2,3,3,3,3,4,4,3,4
2,2,3,3,3,3,4,4,3,4
2,2,3,3,3,3,4,4,3,4
2,2,3,3,3,3,4,4,3,4
2,2,3,3,3,3,4,4,3,4
2,2,3,3,3,3,4,4,3,4
2,2,3,3,3,3,4,4,3,4
2,2,3,3,3,3,4,4,3,4
2,2,3,3,3,3,4,4,3,4
2,2,3,3,3,3,4,4,3,4
2,2,3,3,3,3,4,4,3,4
2,2,3,3,3,3,4,4,3,4
2,2,3,3,3,3,4,4,3,4
2,2,3,3,3,3,4,4,3,4
2,2,3,3,3,3,4,4,3,4
2,2,3,3,3,3,4,4,3,4
2,2,3,3,3,3,4,4,3,4
2,2,3,3,3,3,4,4,3,4
2,2,3,3,3,3,4,4,3,4
2,2,3,3,3,3,4,4,3,4
2,2,3,3,3,3,4,4,3,4
2,2,3,3,3,3,4,4,3,4
2,2,3,3,3,3,4,4,3,4
2,2,3,3,3,3,4,4,3,4
2,2,3,3,3,3,4,4,3,4
2,2,3,3,3,3,4,4,3,4
2,2,3,3,3,3,4,4,3,4
2,2,3,3,3,3,4,4,3,4
2,2,3,3,3,3,4,4,3,4
2,2,3,3,3,3,4,4,3,4
2,2,3,3,3,3,4,4,3,4
2,2,3,3,3,3,4,4,3,4
2,2,3,3,3,3,4,4,3,4
2,2,3,3,3,3,4,4,3,4
2,2,3,3,3,3,4,4,3,4
2,2,3,3,3,3,4,4,3,4
2,2,3,3,3,3,4,4,3,4
2,2,3,3,3,3,4,4,3,4
2,2,3,3,3,3,4,4,3,4
2,2,3,3,3,3,4,4,3,4
2,2,3,3,3,3,4,4,3,4
2,2,3,3,3,3,4,4,3,4
2,2,3,3,3,3,4,4,3,4
2,2,3,3,3,3,4,4,3,4
2,2,3,3,4,3,4,4,3,4
2,2,3,3,4,3,4,4,3,4
2,2,3,3,4,3,4,4,3,4
2,2,3,3,4,3,4,4,3,4
2,2,3,3,4,3,4,4,3,4
2,2,3,3,4,3,4,4,3,4
2,2,3,3,4,3,4,4,3,4
2,2,3,3,4,3,4,4,3,4
2,2,3,3,4,3,4,4,3,4
2,2,3,3,4,3,4,4,3,4
2,2,3,3,4,3,4,4,3,4
2,2,3,3,4,3,4,4,3,4
2,2,3,3,4,3,4,4,3,4
2,2,3,3,4,3,4,4,3,4
2,2,3,3,4,3,4,4,3,4
2,2,3,3,4,3,4,4,3,4
2,2,3,3,4,3,4,4,3,4
2,2,3,3,4,3,4,4,3,4
2,2,3,3,4,3,4,4,3,4
2,2,3,3,4,3,4,4,3,4
2,2,3,3,4,3,4,4,3,4
2,2,3,3,4,3,4,4,3,4
2,2,3,3,4,3,4,4,3,4
2,2,3,3,4,3,4,4,3,4
2,2,3,3,4,3,4,4,3,4
2,2,3,3,4,3,4,4,3,4
2,2,3,3,4,3,4,4,3,4
2,2,3,3,4,3,4,4,3,4
2,2,3,3,4,3,4,4,3,4
2,2,3,3,4,3,4,4,3,4
2,2,3,3,4,3,4,4,3,4
2,2,3,3,4,3,4,4,3,4
2,2,3,3,4,3,4,4,3,4
2,2,3,3,4,3,4,4,3,4
2,2,3,3,4,3,4,4,3,4
2,2,3,3,4,3,4,4,3,4
2,2,3,3,4,3,4,4,3,4
2,2,3,3,4,3,4,4,3,4
2,2,3,3,4,3,4,4,3,4
2,2,3,3,4,3,4,4,3,4
2,2,3,3,4,3,4,4,3,4
2,2,3,3,4,3,4,4,3,4
2,2,3,3,4,3,4,4,3,4
2,2,3,3,4,3,4,4,3,4
2,2,3,3,4,3,4,4,3,4
2,2,3,3,4,3,4,4,3,4
2,2,3,3,4,3,4,4,3,4
2,2,3,3,4,3,4,4,3,4
2,2,3,3,4,3,4,4,3,4
2,2,3,3,4,3,4,4,3,4
2,2,3,3,4,3,4,4,3,4
2,2,3,3,4,3,4,4,3,4
2,2,3,3,4,3,4,4,3,4
2,2,3,3,4,3,4,4,3,4
2,2,3,3,4,3,4,4,3,4
2,2,3,3,4,3,4,4,3,4
2,2,3,3,4,3,4,4,3,4
2,2,3,3,4,3,4,4,3,4
2,2,3,3,4,3,4,4,3,4
2,2,3,3,4,3,4,4,3,4
2,2,3,3,4,3,4,4,3,4
2,2,3,3,4,3,4,4,3,4
2,2,3,3,4,3,4,4,3,4
2,2,3,3,4,3,4,4,3,4
2,2,3,3,4,3,4,4,3,4
2,2,3,3,4,3,4,5,3,4
2,2,3,3,4,3,4,5,3,4
2,2,3,3,4,3,4,5,3,4
2,2,3,3,4,3,4,5,3,4
2,2,3,3,4,3,4,5,3,4
2,2,3,3,4,3,4,5,3,4
2,2,3,3,4,3,4,5,3,4
2,2,3,3,4,3,4,5,3,4
2,2,3,3,4,3,4,5,3,4
2,2,3,3,4,3,4,5,3,4
2,2,3,3,4,3,4,5,3,4
3,2,3,3,4,3,4,5,3,4
3,2,3,3,4,3,4,5,3,4
3,2,3,3,4,3,4,5,3,4
3,2,3,3,4,3,4,5,3,4
3,2,3,3,4,3,4,5,3,4
3,2,3,3,4,3,4,5,3,4
3,2,3,3,4,3,4,5,3,4
3,2,3,3,4,3,4,5,3,4
3,2,3,3,4,3,4,5,3,4
3,2,3,3,4,3,4,5,3,4
3,2,3,3,4,3,4,5,3,4
3,2,3,3,4,3,4,5,3,4
3,2,3,3,4,3,4,5,3,4
3,2,3,3,4,3,4,5,3,4
3,2,3,3,4,3,4,5,3,4
3,2,3,3,4,3,4,5,3,4
3,2,3,3,4,3,4,5,3,4
3,2,3,3,4,3,4,5,3,4
3,2,3,3,4,3,4,5,3,4
3,2,3,3,4,3,4,5,3,4
3,2,3,3,4,3,4,5,3,4
3,2,3,3,4,3,4,5,3,4
3,2,3,3,4,3,4,5,3,4
3,2,3,3,4,3,4,5,3,4
3,2,3,3,4,3,4,5,3,4
3,2,3,3,4,3,4,5,3,4
3,2,3,3,4,3,4,5,3,4
3,2,3,3,4,3,4,5,3,4
3,2,3,3,4,3,4,5,3,4
3,2,3,3,4,3,4,5,3,4
3,2,3,3,4,3,4,5,3,4
3,2,3,3,4,3,4,5,3,4
3,2,3,3,4,3,4,5,3,4
3,2,3,3,4,3,4,5,3,4
3,2,3,3,4,3,4,5,3,4
3,2,3,3,4,3,4,5,3,4
3,2,3,3,4,3,4,5,3,4
3,2,3,3,4,3,4,5,3,4
3,2,3,3,4,3,4,5,3,4
3,2,3,3,4,3,4,5,3,4
3,2,3,3,4,3,4,5,3,4
3,2,3,3,4,3,4,5,3,4
3,2,3,3,4,3,4,5,3,4
3,2,3,3,4,3,4,5,3,4
3,2,3,3,4,3,4,5,3,4
3,2,3,3,4,3,4,5,3,4
3,2,3,3,4,3,4,5,3,4
3,2,3,3,4,3,4,5,3,4
3,2,3,3,4,3,4,5,3,4
3,2,3,3,4,3,4,5,3,4
3,2,3,3,4,3,4,5,3,4
3,2,3,3,4,3,4,5,3,4
3,2,3,3,4,3,4,5,3,4
3,2,3,3,4,3,4,5,3,4
3,2,3,3,4,3,4,5,3,4
3,2,3,3,4,3,4,5,3,4
3,2,3,3,4,3,4,5,3,4
3,2,3,3,4,3,4,5,3,4
3,2,3,3,4,3,4,5,3,4
3,2,3,3,4,3,4,5,3,4
3,2,3,3,4,3,4,5,3,4
3,2,4,3,4,3,4,5,3,4
3,2,4,3,4,3,4,5,3,4
3,2,4,3,4,3,4,5,3,4
3,2,4,3,4,3,4,5,3,4
3,2,4,3,4,3,4,5,3,4
3,2,4,3,4,3,4,5,3,4
3,2,4,3,4,3,4,5,3,4
3,2,4,3,4,3,4,5,3,4
3,2,4,3,4,3,4,5,3,4
3,2,4,3,4,3,4,5,3,4
3,2,4,3,4,3,4,5,3,4
3,2,4,3,4,3,4,5,3,4
3,2,4,3,4,3,4,5,3,4
3,2,4,3,4,3,4,5,3,4
3,2,4,3,4,3,4,5,3,4
3,2,4,3,4,3,4,5,3,4
3,2,4,3,4,3,4,5,3,4
3,2,4,3,4,3,4,5,3,4
3,2,4,3,4,3,4,5,3,4
3,2,4,3,4,3,4,5,3,4
3,3,4,4,4,4,4,5,3,4
3,3,4,4,4,4,4,5,3,4
3,3,4,4,4,4,4,5,3,4
3,3,4,4,4,4,4,5,3,4
3,3,4,4,4,4,4,5,3,4
3,3,4,4,4,4,4,5,3,4
3,3,4,4,4,4,4,5,3,4
3,3,4,4,4,4,4,5,3,4
3,3,4,4,4,4,4,5,3,4
3,3,4,4,4,4,4,5,3,4
3,3,4,4,4,4,4,5,3,4
3,3,4,4,4,4,4,5,3,4
3,3,4,4,4,4,4,5,3,4
3,3,4,4,4,4,4,5,3,4
3,3,4,4,4,4,4,5,3,4
3,3,4,4,4,4,4,5,3,4
3,3,4,4,4,4,4,5,3,4
3,3,4,4,4,4,4,5,3,4
3,3,4,4,5,4,4,5,3,4
3,3,4,4,5,4,4,5,3,4
3,3,4,4,5,4,4,5,3,4
3,3,4,4,5,4,4,5,3,4
3,3,4,4,5,4,4,5,3,4
3,3,4,4,5,4,4,5,3,4
3,3,4,4,5,4,4,5,3,4
3,3,4,4,5,4,4,5,3,4
3,3,4,4,5,4,4,5,3,4
3,3,4,4,5,4,4,5,3,4
3,3,4,4,5,4,4,5,3,4
3,3,4,4,5,4,4,5,3,4
3,3,4,4,5,4,4,5,3,4
3,3,4,4,5,4,4,5,3,4
3,3,4,4,5,4,4,5,3,4
3,3,4,4,5,4,4,5,3,4
3,3,4,4,5,4,4,5,3,4
3,3,4,4,5,4,4,5,3,4
3,3,4,4,5,4,4,5,3,4
3,3,4,4,5,4,4,5,3,4
3,3,4,4,5,4,4,5,3,4
3,3,4,4,5,4,4,5,3,4
3,3,4,4,5,4,4,5,3,4
3,3,4,4,5,4,4,5,3,4
3,3,4,4,5,4,4,5,3,4
3,3,4,4,5,4,4,5,3,4
3,3,4,4,5,4,4,5,3,4
3,3,4,4,5,4,4,5,3,4
3,3,4,4,5,4,4,5,3,4
3,3,4,4,5,4,4,5,3,4
3,3,4,4,5,4,4,5,3,5
3,3,4,4,5,4,4,5,3,5
3,3,4,4,5,4,4,5,3,5
3,3,4,4,5,4,4,5,3,5
3,3,4,4,5,4,4,5,3,5
3,3,4,4,5,4,4,5,3,5
3,3,4,4,5,4,4,5,3,5
3,3,4,4,5,4,4,5,3,5
3,3,4,4,5,4,4,5,3,5
3,3,4,4,5,4,4,5,3,5
3,3,4,4,5,4,4,5,3,5
3,3,4,4,5,4,4,5,3,5
3,3,4,4,5,4,4,5,3,5
3,3,4,4,5,4,4,5,3,5
3,3,4,4,5,4,4,5,3,5
3,3,4,4,5,4,4,5,3,5
3,3,4,4,5,4,4,5,3,5
3,3,4,4,5,4,4,5,3,5
3,3,4,4,5,4,4,5,3,5
3,3,4,4,5,4,4,5,3,5
3,3,4,4,5,4,4,5,3,5
3,3,4,4,5,4,4,5,3,5
3,3,4,4,5,4,4,5,3,5
3,3,4,4,5,4,4,5,3,5
3,3,4,4,5,4,4,5,3,5
3,3,4,4,5,4,4,5,3,5
3,3,4,4,5,4,4,5,3,5
3,3,4,4,5,4,4,5,3,5
3,3,4,4,5,4,4,5,3,5
3,3,4,4,5,4,4,5,3,5
3,3,4,4,5,4,4,5,3,5
3,3,4,4,5,4,4,5,3,5
3,3,4,4,5,4,4,5,3,5
3,3,4,4,5,4,4,5,3,5
3,3,4,4,5,4,4,5,3,5
3,3,4,4,5,4,4,5,3,5
3,3,4,4,5,4,5,5,3,5
3,3,4,4,5,4,5,5,3,5
3,3,4,4,5,4,5,5,3,5
3,3,4,4,5,4,5,5,3,5
3,3,4,4,5,4,5,5,3,5
3,3,4,4,5,4,5,5,3,5
3,3,4,4,5,4,5,5,3,5
3,3,4,4,5,4,5,5,3,5
3,3,4,4,5,4,5,5,3,5
3,3,4,4,5,4,5,5,3,5
3,3,4,4,5,4,5,5,3,5
3,3,4,4,5,4,5,5,3,5
3,3,4,4,5,4,5,5,3,5
3,3,4,4,5,4,5,5,3,5
3,3,4,4,5,4,5,5,3,5
3,3,4,4,5,4,5,5,3,5
3,3,4,4,5,4,5,5,4,5
3,3,4,4,5,4,5,5,4,5
3,3,4,4,5,4,5,5,4,5
3,3,4,4,5,4,5,5,4,5
3,3,4,4,5,4,5,5,4,5
3,3,4,4,5,4,5,5,4,5
3,3,4,4,5,4,5,5,4,5
3,3,4,4,5,4,5,5,4,5
3,3,4,4,5,4,5,5,4,5
3,3,4,4,5,4,5,5,4,5
3,3,4,4,5,4,5,5,4,5
3,3,4,4,5,4,5,5,4,5
3,3,4,4,5,4,5,5,4,5
3,3,4,4,5,4,5,5,4,5
3,3,4,4,5,4,5,5,4,5
3,3,4,4,5,4,5,5,4,5
3,3,4,4,5,4,5,5,4,5
3,3,4,4,5,4,5,5,4,5
3,3,4,4,5,4,5,5,4,5
3,3,4,4,5,4,5,5,4,5
3,3,4,4,5,4,5,5,4,5
3,3,4,4,5,4,5,5,4,5
3,3,4,4,5,4,5,5,4,5
3,3,4,4,5,4,5,5,4,5
3,3,4,4,5,4,5,5,4,5
3,3,4,4,5,4,5,5,4,5
3,3,4,4,5,4,5,5,4,5
3,3,4,4,5,4,5,5,4,5
3,3,4,4,5,4,5,5,4,5
3,3,4,4,5,4,5,5,4,5
3,3,4,4,5,4,5,5,4,5
3,3,4,4,5,4,5,5,4,5
3,3,4,4,5,4,5,5,4,5
3,3,4,4,5,4,5,5,4,5
3,3,4,4,5,4,5,5,4,5
3,3,4,4,5,4,5,5,4,5
3,3,4,4,5,4,5,5,4,5
3,3,4,4,5,4,5,5,4,5
3,3,4,4,5,4,5,5,4,5
3,3,4,4,5,4,5,5,4,5
3,3,4,4,5,4,5,5,4,5
3,3,4,4,5,4,5,5,4,5
3,3,4,4,5,4,5,5,4,5
3,3,4,4,5,4,5,5,4,5
3,3,4,4,5,4,5,5,4,5
3,3,4,4,5,4,5,5,4,5
3,3,4,4,5,4,5,5,4,5
3,3,4,4,5,4,5,5,4,5
3,3,4,4,5,4,5,5,4,5
3,3,4,4,5,4,5,5,4,5
3,3,4,4,5,4,5,5,4,5
3,3,4,4,5,4,5,5,4,5
3,3,4,4,5,4,5,5,4,5
3,3,4,4,5,4,5,5,4,5
3,3,4,4,5,4,5,5,4,5
3,3,4,4,5,4,5,5,4,5
3,3,4,4,5,4,5,5,4,5
3,3,4,4,5,4,5,5,4,5
3,3,4,4,5,4,5,5,4,5
3,3,4,4,5,4,5,5,4,5
3,3,4,4,5,4,5,5,4,5
3,3,4,4,5,4,5,5,4,5
3,3,4,4,5,4,5,5,4,5
3,3,4,4,5,4,5,5,4,5
3,3,4,4,5,4,5,5,4,5
3,3,4,4,5,4,5,5,4,5
3,3,4,4,5,4,5,5,4,5
3,3,4,4,5,4,5,5,4,5
3,3,4,4,5,4,5,5,4,5
3,3,4,4,5,4,5,5,4,5
3,3,4,4,5,4,5,5,4,5
3,3,4,4,5,4,5,5,4,5
3,3,4,4,5,4,5,5,4,5
3,3,4,4,5,4,5,5,4,5
3,3,4,4,5,4,5,5,4,5
3,3,4,4,5,4,5,5,4,5
3,3,4,4,5,4,5,5,4,5
3,3,4,4,5,4,5,5,4,5
3,3,4,4,5,4,5,5,4,5
3,3,4,4,5,4,5,5,4,5
3,3,4,4,5,4,5,5,4,5
3,3,4,4,5,4,5,5,4,5
3,3,4,4,5,4,5,5,4,5
3,3,4,4,5,4,5,5,4,5
3,3,4,4,5,4,5,5,4,5
3,3,4,4,5,4,5,5,4,5
3,3,4,4,5,4,5,5,4,5
3,3,4,4,5,4,5,5,4,5
3,3,4,4,5,4,5,5,4,5
3,3,4,4,5,4,5,5,4,5
3,3,4,4,5,4,5,5,4,5
3,3,4,4,5,4,5,5,4,5
3,3,4,4,5,4,5,5,4,5
3,3,4,4,5,4,5,5,4,5
3,3,4,4,5,4,5,5,4,5
3,3,4,4,5,4,5,5,4,5
3,3,4,4,5,4,5,5,4,5
3,3,4,4,5,4,5,5,4,5
3,3,4,4,5,4,5,5,4,5
3,3,4,4,5,4,5,5,4,5
3,3,4,4,5,4,5,5,4,5
3,3,4,4,5,4,5,5,4,5
3,3,4,4,5,4,5,5,4,5
3,3,4,4,5,4,5,5,4,5
3,3,4,4,5,4,5,5,4,5
3,3,4,4,5,4,5,5,4,5
3,3,4,4,5,4,5,5,4,5
3,3,4,4,5,4,5,5,4,5
3,3,4,4,5,4,5,5,4,5
3,3,4,4,5,4,5,5,4,5
3,3,4,4,5,4,5,5,4,5
3,3,4,4,5,4,5,5,4,5
3,3,4,4,5,4,5,5,4,5
3,3,4,4,5,4,5,5,4,5
3,3,4,4,5,4,5,5,4,5
3,3,4,4,5,4,5,5,4,5
3,3,4,4,5,4,5,5,4,5
3,3,4,4,5,4,5,5,4,5
3,3,4,4,5,4,5,5,4,5
3,3,4,4,5,4,5,5,4,5
3,3,4,4,5,4,5,5,4,5
3,3,4,4,5,4,5,5,4,5
3,3,4,4,5,4,5,5,4,5
3,3,4,4,5,4,5,5,4,5
3,3,4,4,5,4,5,5,4,5
3,3,4,4,5,4,5,5,4,5
3,3,4,4,5,4,5,5,4,5
3,3,4,4,5,4,5,5,4,5
3,3,4,4,5,4,5,5,4,5
3,3,4,4,5,4,5,5,4,5
3,3,4,4,5,4,5,5,4,5
3,3,4,4,5,4,5,5,4,5
3,3,4,4,5,4,5,5,4,5
3,3,4,4,5,4,5,5,4,5
3,3,4,4,5,4,5,5,4,5
3,3,4,4,5,4,5,5,4,5
3,3,4,4,5,4,5,5,4,5
3,3,4,4,5,4,5,5,4,5
3,3,4,4,5,4,5,5,4,5
3,3,4,4,5,4,5,5,4,5
3,3,4,4,5,4,5,5,4,5
3,3,4,4,5,4,5,5,4,5
3,3,4,4,5,4,5,5,4,5
3,3,4,4,5,4,5,5,4,5
3,3,4,4,5,4,5,5,4,5
3,3,4,4,5,4,5,5,4,5
3,3,4,4,5,4,5,5,4,5
3,3,4,4,5,4,5,5,4,5
3,3,4,4,5,4,5,5,4,5
3,3,4,4,5,4,5,5,4,5
3,3,4,4,5,4,5,5,4,5
3,3,4,4,5,4,5,5,4,5
3,3,4,4,5,4,5,5,4,5
3,3,4,4,5,4,5,5,4,5
3,3,4,4,5,4,5,5,4,5
3,3,4,4,5,4,5,5,4,5
3,3,4,4,5,4,5,5,4,5
3,3,4,4,5,4,5,5,4,5
3,3,4,4,5,4,5,5,4,5
3,3,4,4,5,4,5,5,4,5
3,3,4,4,5,4,5,5,4,5
3,3,4,4,5,4,5,5,4,5
3,3,4,4,5,4,5,5,4,5
3,3,4,4,5,4,5,5,4,5
3,3,4,4,5,4,5,5,4,5
3,3,4,4,5,4,5,5,4,5
3,3,4,4,5,4,5,5,4,5
3,3,4,4,5,4,5,5,4,5
3,3,4,4,5,4,5,5,4,5
3,3,4,4,5,4,5,5,4,5
3,3,4,4,5,4,5,5,4,5
3,3,4,4,5,4,5,5,4,5
3,3,4,4,5,4,5,5,4,5
3,3,4,4,5,4,5,5,4,5
3,3,4,4,5,4,5,5,4,5
3,3,4,4,5,4,5,5,4,5
3,3,4,4,5,4,5,5,4,5
3,3,4,4,5,4,5,5,4,5
3,3,4,4,5,4,5,5,4,5
3,3,4,4,5,4,5,5,4,5
3,3,4,4,5,4,5,5,4,5
3,3,4,4,5,4,5,5,4,5
3,3,4,4,5,4,5,5,4,5
3,3,4,4,5,4,5,5,4,5
3,3,4,4,5,4,5,5,4,5
3,3,4,4,5,4,5,5,4,5
3,3,4,4,5,4,5,5,4,5
3,3,4,4,5,4,5,5,4,5
3,3,4,4,5,4,5,5,4,5
3,3,4,4,5,4,5,5,4,5
3,3,4,4,5,4,5,5,4,5
3,3,4,4,5,4,5,5,4,5
3,3,4,4,5,4,5,5,4,5
3,3,4,4,5,4,5,5,4,5
3,3,4,4,5,4,5,5,4,5
3,3,4,4,5,4,5,5,4,5
3,3,4,4,5,4,5,5,4,5
3,3,4,4,5,4,5,5,4,5
3,3,4,4,5,4,5,5,4,5
3,3,4,4,5,4,5,5,4,5
3,3,4,4,5,4,5,5,4,5
3,3,4,4,5,4,5,5,4,5
3,3,4,4,5,4,5,5,4,5
3,3,4,4,5,4,5,5,4,5
3,3,4,4,5,4,5,5,4,5
3,3,4,4,5,4,5,5,4,5
3,3,4,4,5,4,5,5,4,5
3,3,4,4,5,4,5,5,4,5
3,3,4,4,5,4,5,5,4,5
3,3,4,4,5,4,5,5,4,5
3,3,4,4,5,4,5,5,4,5
3,3,4,4,5,4,5,5,4,5
3,3,4,4,5,4,5,5,4,5
3,3,4,4,5,4,5,5,4,5
3,3,4,4,5,4,5,5,4,5
3,3,4,4,5,4,5,5,4,5
3,3,4,4,5,4,5,5,4,5
3,3,4,4,5,4,5,5,4,5
3,3,4,4,5,4,5,5,4,5
3,3,4,4,5,4,5,5,4,5
3,3,4,4,5,4,5,5,4,5
3,3,4,4,5,4,5,5,4,5
3,3,4,4,5,4,5,5,4,5
3,3,4,4,5,4,5,5,4,5
3,3,4,4,5,4,5,5,4,5
3,3,4,4,5,4,5,5,4,5
3,3,4,4,5,4,5,5,4,5
3,3,4,4,5,4,5,5,4,5
3,3,4,4,5,4,5,5,4,5
3,3,4,4,5,4,5,5,4,5
3,3,4,4,5,4,5,5,4,5
3,3,4,4,5,4,5,5,4,5
3,3,4,4,5,4,5,5,4,5
3,3,4,4,5,4,5,5,4,5
3,3,4,4,5,4,5,5,4,5
3,3,4,4,5,4,5,5,4,5
3,3,4,4,5,4,5,5,4,5
3,3,4,4,5,4,5,5,4,5
3,3,4,4,5,4,5,5,4,5
3,3,4,4,5,4,5,5,4,5
3,3,4,4,5,4,5,5,4,5
3,3,4,4,5,4,5,5,4,5
3,3,4,4,5,4,5,5,4,5
3,3,4,4,5,4,5,5,4,5
3,3,4,4,5,4,5,5,4,5
3,3,4,4,5,4,5,5,4,5
3,3,4,4,5,4,5,5,4,5
3,3,4,4,5,4,5,5,4,5
3,3,4,4,5,4,5,5,4,5
3,3,4,4,5,4,5,5,4,5
3,3,4,4,5,4,5,5,4,5
3,3,4,4,5,4,5,5,4,5
3,3,4,4,5,4,5,5,4,5
3,3,4,4,5,4,5,5,4,5
3,3,4,4,5,4,5,5,4,5
3,3,4,4,5,4,5,5,4,5
3,3,4,4,5,4,5,5,4,5
3,3,4,4,5,4,5,5,4,5
3,3,4,4,5,4,5,5,4,5
3,3,4,4,5,4,5,5,4,5
3,3,4,4,5,4,5,5,4,5
3,3,4,4,5,4,5,5,4,5
3,3,4,4,5,4,5,5,4,5
3,3,4,4,5,4,5,5,4,5
3,3,4,4,5,4,5,5,4,5
3,3,4,4,5,4,5,5,4,5
3,3,4,4,5,4,5,5,4,5
3,3,4,4,5,4,5,5,4,5
3,3,4,4,5,4,5,5,4,5
3,3,4,4,5,4,5,5,4,5
3,3,4,4,5,4,5,5,4,5
3,3,4,4,5,4,5,5,4,5
3,3,4,4,5,4,5,5,4,5
3,3,4,4,5,4,5,5,4,5
3,3,4,4,5,4,5,5,4,5
3,3,4,4,5,4,5,5,4,5
3,3,4,4,5,4,5,5,4,5
3,3,4,4,5,4,5,5,4,5
3,3,4,4,5,4,5,5,4,5
3,3,4,4,5,4,5,5,4,5
3,3,4,4,5,4,5,5,4,5
3,3,4,4,5,4,5,5,4,5
3,3,4,4,5,4,5,5,4,5
3,3,4,4,5,4,5,5,4,5
3,3,4,4,5,4,5,5,4,5
3,3,4,4,5,4,5,5,4,5
3,3,4,4,5,4,5,5,4,5
3,3,4,4,5,4,5,5,4,5
3,3,4,4,5,4,5,5,4,5
3,3,4,4,5,4,5,5,4,5
3,3,4,4,5,4,5,5,4,5
3,3,4,4,5,4,5,5,4,5
3,3,4,4,5,4,5,5,4,5
3,3,4,4,5,4,5,5,4,5
3,3,4,4,5,4,5,5,4,5
3,3,4,4,5,4,5,5,4,5
3,3,4,4,5,4,5,5,4,5
3,3,4,4,5,4,5,5,4,5
3,3,4,4,5,4,5,5,4,5
3,3,4,4,5,4,5,5,4,5
3,3,4,4,5,4,5,5,4,5
3,3,4,4,5,4,5,5,4,5
3,3,4,4,5,4,5,5,4,5
3,3,4,4,5,4,5,5,4,5
3,3,4,4,5,4,5,5,4,5
3,3,4,4,5,4,5,5,4,5
3,3,4,4,5,4,5,5,4,5
3,3,4,4,5,4,5,5,4,5
3,3,4,4,5,4,5,5,4,5
3,3,4,4,5,4,5,5,4,5
3,3,4,4,5,4,5,5,4,5
3,3,4,4,5,4,5,5,4,5
3,3,4,4,5,4,5,5,4,5
3,3,4,4,5,4,5,5,4,5
3,3,4,4,5,4,5,5,4,5
3,3,4,4,5,4,5,5,4,5
3,3,4,4,5,4,5,5,4,5
3,3,4,4,5,4,5,5,4,5
3,3,4,4,5,4,5,5,4,5
3,3,4,4,5,4,5,5,4,5
3,3,4,4,5,4,5,5,4,5
3,3,4,4,5,4,5,5,4,5
3,3,4,4,5,4,5,5,4,5
3,3,4,4,5,4,5,5,4,5
3,3,4,4,5,4,5,5,4,5
3,3,4,4,5,4,5,5,4,5
3,3,4,4,5,4,5,5,4,5
3,3,4,4,5,4,5,5,4,5
3,3,4,4,5,4,5,5,4,5
3,3,4,4,5,4,5,5,4,5
3,3,4,4,5,4,5,5,4,5
3,3,4,4,5,4,5,5,4,5
3,3,4,4,5,4,5,5,4,5
3,3,4,4,5,4,5,5,4,5
3,3,4,4,5,4,5,5,4,5
3,3,4,4,5,4,5,5,4,5
3,3,4,4,5,4,5,5,4,5
3,3,4,4,5,4,5,5,4,5
3,3,4,4,5,4,5,5,4,5
3,3,4,4,5,4,5,5,4,5
3,3,4,4,5,4,5,5,4,5
3,3,4,4,5,4,5,5,4,5
3,3,4,4,5,4,5,5,4,5
3,3,4,4,5,4,5,5,4,5
3,3,4,4,5,4,5,5,4,5
3,3,4,4,5,4,5,5,4,5
3,3,4,4,5,4,5,5,4,5
3,3,4,4,5,4,5,5,4,5
3,3,4,4,5,4,5,5,4,5
3,3,4,4,5,4,5,5,4,5
3,3,4,4,5,4,5,5,4,5
3,3,4,4,5,4,5,5,4,5
3,3,4,4,5,4,5,5,4,5
3,3,4,4,5,4,5,5,4,5
3,3,4,4,5,4,5,5,4,5
3,3,4,4,5,4,5,5,4,5
3,3,4,4,5,4,5,5,4,5
3,3,4,4,5,4,5,5,4,5
3,3,4,4,5,4,5,5,4,5
3,3,4,4,5,4,5,5,4,5
3,3,4,4,5,4,5,5,4,5
3,3,4,4,5,4,5,5,4,5
3,3,4,4,5,4,5,5,4,5
3,3,4,4,5,4,5,5,4,5
3,3,4,4,5,4,5,5,4,5
3,3,4,4,5,4,5,5,4,5
3,3,4,4,5,4,5,5,4,5
3,3,4,4,5,4,5,5,4,5
3,3,4,4,5,4,5,5,4,5
3,3,4,4,5,4,5,5,4,5
3,3,4,4,5,4,5,5,4,5
3,3,4,4,5,4,5,5,4,5
3,3,4,4,5,4,5,5,4,5
3,3,4,4,5,4,5,5,4,5
3,3,4,4,5,4,5,5,4,5
3,3,4,4,5,4,5,5,4,5
3,3,4,4,5,4,5,5,4,5
3,3,4,4,5,4,5,5,4,5
3,3,4,4,5,4,5,5,4,5
3,3,4,4,5,4,5,5,4,5
3,3,4,4,5,4,5,5,4,5
3,3,4,4,5,4,5,5,4,5
3,3,4,4,5,4,5,5,4,5
3,3,4,4,5,4,5,5,4,5
3,3,4,4,5,4,5,5,4,5
3,3,4,4,5,4,5,5,4,5
3,3,4,4,5,4,5,5,4,5
3,3,4,4,5,4,5,5,4,5
3,3,4,4,5,4,5,5,4,5
3,3,4,4,5,4,5,5,4,5
3,3,4,4,5,4,5,5,4,5
3,3,4,4,5,4,5,5,4,5
3,3,4,4,5,4,5,5,4,5
3,3,4,4,5,4,5,5,4,5
3,3,4,4,5,4,5,5,4,5
3,3,4,4,5,4,5,5,4,5
3,3,4,4,5,4,5,5,4,5
3,3,4,4,5,4,5,5,4,5
3,3,4,4,5,4,5,5,4,5
3,3,4,4,5,4,5,5,4,5
3,3,4,4,5,4,5,5,5,5
3,3,4,4,5,4,5,5,5,5
3,3,4,4,5,4,5,5,5,5
3,3,4,4,5,4,5,5,5,5
3,3,4,4,5,4,5,5,5,5
3,3,4,4,5,4,5,5,5,5
3,3,4,4,5,4,5,5,5,5
3,3,4,4,5,4,5,5,5,5
3,3,4,4,5,4,5,5,5,5
3,3,4,4,5,4,5,5,5,5
3,3,4,4,5,4,5,5,5,5
3,3,4,4,5,4,5,5,5,5
3,3,4,4,5,4,5,5,5,5
3,3,4,4,5,4,5,5,5,5
3,3,4,4,5,4,5,5,5,5
3,3,4,4,5,4,5,5,5,5
3,3,4,4,5,4,6,5,5,5
3,3,4,4,5,4,6,5,5,5
3,3,4,4,5,4,6,5,5,5
3,3,4,4,5,4,6,5,5,5
3,3,4,4,5,4,6,5,5,5
3,3,4,4,5,4,6,5,5,5
3,3,4,4,5,4,6,5,5,5
3,3,4,4,5,4,6,5,5,5
3,3,4,4,5,4,6,5,5,5
3,3,4,4,5,4,6,5,5,5
3,3,4,4,5,4,6,5,5,5
3,3,4,4,5,4,6,5,5,5
3,3,4,4,5,4,6,5,5,5
3,3,4,4,5,4,6,5,5,5
3,3,4,4,5,4,6,5,5,5
3,3,4,4,5,4,6,5,5,5
3,3,4,4,5,4,6,5,5,5
3,3,4,4,5,4,6,5,5,5
3,3,4,4,5,4,6,5,5,5
3,3,4,4,5,4,6,5,5,5
3,3,4,4,5,4,6,5,5,5
3,3,4,4,5,4,6,5,5,5
3,3,4,4,5,4,6,5,5,5
3,3,4,4,5,4,6,5,5,5
3,3,4,4,5,5,6,5,5,5
3,3,4,4,5,5,6,5,5,5
3,3,4,4,5,5,6,5,5,5
3,4,4,4,6,5,6,5,5,5
3,4,4,4,6,5,6,5,5,5
3,4,4,4,6,5,6,5,5,5
3,4,4,4,6,5,6,5,5,5
3,4,4,4,6,5,6,5,5,5
3,4,4,4,6,5,6,5,5,5
3,4,4,4,6,5,6,5,5,5
3,4,4,4,6,5,6,5,5,5
3,4,4,4,6,5,6,5,5,5
3,4,4,4,6,5,6,5,5,6
3,4,4,4,6,5,6,5,5,6
3,4,4,4,6,5,6,5,5,6
3,4,4,4,6,5,6,5,5,6
3,4,4,4,6,5,6,5,5,6
3,4,4,4,6,5,6,5,5,6
3,4,4,4,6,5,6,5,5,6
3,4,4,4,6,5,6,5,5,6
3,4,4,4,6,5,6,5,5,6
3,4,4,4,6,5,6,5,5,6
3,4,4,4,6,5,6,5,5,6
3,4,4,4,6,5,6,5,5,6
3,4,4,4,6,5,6,5,5,6
3,4,4,4,6,5,6,5,5,6
3,4,4,4,6,5,6,5,5,6
3,4,4,4,6,5,6,5,5,6
3,4,4,4,6,5,6,5,5,6
3,4,4,4,6,5,6,5,5,6
3,4,4,4,6,5,6,5,5,6
3,4,4,4,6,5,6,5,5,6
3,4,4,4,6,5,6,5,5,6
3,4,4,4,6,5,6,5,5,6
3,4,4,4,6,5,6,5,5,6
3,4,4,4,6,5,6,5,5,6
3,4,4,4,6,5,6,5,5,6
3,4,4,4,6,5,6,5,5,6
3,4,4,4,6,5,6,5,5,6
3,4,4,4,6,5,6,5,5,6
3,4,4,2,6,5,6,5,5,6
3,4,4,2,6,5,6,5,5,6
3,4,4,2,6,5,6,5,5,6
3,4,4,2,6,5,6,5,5,6
3,4,4,2,6,5,6,5,5,6
3,4,4,2,6,5,6,5,5,6
3,4,4,2,6,5,6,5,5,6
3,4,4,2,6,5,6,5,5,6
3,4,4,2,6,5,6,5,5,6
3,4,4,2,6,5,6,5,5,6
3,4,4,2,6,5,6,5,5,6
3,4,4,2,6,5,6,5,5,6
3,4,4,2,6,5,6,6,5,6
3,4,4,2,6,5,6,6,5,6
3,4,4,2,6,5,6,6,5,6
3,4,4,2,6,5,6,6,5,6
3,4,4,2,6,5,6,6,5,6
3,4,4,2,6,5,6,6,5,6
3,4,4,2,6,5,6,6,5,6
3,4,4,2,6,5,6,6,5,6
3,4,4,1,6,5,6,6,5,6
3,4,4,1,6,5,6,6,5,6
3,4,4,1,6,5,6,6,5,6
3,4,4,1,6,5,6,6,5,6
3,4,4,1,6,5,6,6,5,6
3,4,4,1,6,5,6,6,5,6
3,4,4,1,6,5,6,6,5,6
3,4,4,1,6,5,6,6,5,6
3,4,4,1,6,5,6,6,5,6
3,4,4,1,6,5,6,6,5,6
3,4,4,1,6,5,6,6,5,6
3,4,4,1,6,5,6,6,5,6
3,4,4,1,6,5,6,6,5,6
3,4,4,1,6,5,6,6,5,6
3,4,4,1,6,5,6,6,5,6
3,4,4,1,6,5,6,6,5,6
3,4,4,1,6,5,6,6,5,6
3,4,4,1,6,5,6,6,5,6
3,4,4,1,6,5,6,6,5,6
3,4,4,1,6,5,6,6,5,6
3,4,5,1,6,5,6,6,5,6
3,4,5,1,6,5,6,6,5,6
3,4,5,1,6,5,6,6,5,6
3,4,5,1,6,5,6,6,5,6
3,4,5,1,6,5,6,6,5,6
3,4,5,1,6,5,6,6,5,6
3,4,5,1,6,5,6,6,5,6
3,4,5,1,6,5,6,6,5,6
3,4,5,1,6,5,6,6,5,6
3,4,5,1,6,5,6,6,5,6
3,4,5,1,6,5,6,6,5,6
3,4,5,1,6,5,6,6,5,6
3,4,5,1,6,5,6,6,5,6
3,4,5,1,6,5,6,6,5,6
3,4,5,1,6,5,6,6,5,6
3,4,5,1,6,5,6,6,5,6
3,4,5,1,6,5,6,6,5,6
3,4,5,1,6,5,6,6,5,6
3,4,5,1,6,5,6,6,5,6
3,4,5,1,6,5,6,6,5,6
3,4,5,1,6,5,6,6,5,6
3,4,5,1,6,5,6,6,5,6
3,4,5,1,6,5,6,6,5,6
3,4,5,1,6,5,6,6,5,6
3,4,5,1,6,5,6,6,5,6
3,4,5,1,6,5,6,6,5,6
3,4,5,1,6,5,6,6,5,6
3,4,5,1,6,5,6,6,5,6
3,4,5,1,6,5,6,6,5,6
3,4,5,1,6,5,6,6,5,6
3,4,5,1,6,5,6,6,5,6
3,4,5,1,6,5,6,6,5,6
3,4,5,1,6,5,6,6,5,6
3,4,5,1,6,5,6,6,5,6
3,4,5,1,6,5,6,6,5,6
3,4,5,1,6,5,6,6,5,6
3,4,5,1,6,5,6,6,5,6
3,4,5,1,6,5,6,6,5,6
3,4,5,1,6,5,6,6,5,6
3,4,5,1,6,5,6,6,5,6
3,4,5,1,6,5,6,6,5,6
3,4,5,1,6,5,6,6,5,6
3,4,5,1,6,5,6,6,5,6
3,4,5,1,6,5,6,6,5,6
3,4,5,1,6,5,6,6,5,6
3,4,5,1,6,5,6,6,5,6
3,4,5,1,6,5,6,6,5,6
4,4,5,1,6,5,6,6,5,6
4,4,5,1,6,5,6,6,5,6
4,4,5,1,6,5,6,6,5,6
4,4,5,1,6,5,6,6,5,6
4,4,5,1,6,5,6,6,5,6
4,4,5,1,6,5,6,6,5,6
4,4,5,1,6,5,6,6,5,6
4,4,5,1,6,5,6,6,5,6
4,4,5,1,6,5,6,6,5,6
4,4,5,1,6,5,6,6,5,6
4,4,5,1,6,5,6,6,5,6
4,4,5,1,6,5,6,6,5,6
4,4,5,1,6,5,6,6,5,6
4,4,5,1,6,5,6,6,5,6
4,4,5,1,6,5,6,6,5,6
4,4,5,1,6,5,6,6,5,6
4,4,5,1,6,5,6,6,5,6
4,4,5,1,6,5,6,6,5,6
4,4,5,1,6,5,6,6,5,6
4,4,5,1,6,5,6,6,5,6
4,4,5,1,6,5,6,6,5,6
4,4,5,1,6,5,6,6,5,6
4,4,5,1,6,5,6,6,5,6
4,4,5,1,6,5,6,6,5,6
4,4,5,1,6,5,6,6,5,6
4,4,5,1,6,5,6,6,5,6
4,4,5,1,6,5,6,6,5,6
4,4,5,1,6,5,6,6,5,6
4,4,5,1,6,5,6,6,5,6
4,4,5,1,6,5,6,6,5,6
4,4,5,1,6,5,6,6,5,6
4,4,5,1,6,5,6,6,5,6
4,4,5,1,6,5,6,6,5,6
4,4,5,1,6,5,6,6,5,6
4,4,5,1,6,5,6,6,5,6
4,4,5,1,6,5,6,6,5,6
4,4,5,1,6,5,6,6,5,6
4,4,5,1,6,5,6,6,5,6
4,4,5,1,6,5,6,6,5,6
4,4,5,1,6,5,6,6,5,6
4,4,5,1,6,5,6,6,5,6
4,4,5,1,6,5,6,6,5,6
4,4,5,1,6,5,6,6,5,6
4,4,5,1,6,5,6,6,5,6
4,4,5,1,6,5,6,6,5,6
4,4,5,1,6,5,6,6,5,6
4,4,5,1,6,5,6,6,5,6
4,4,5,1,6,5,6,6,5,6
4,4,5,1,6,5,6,6,5,6
4,4,5,1,6,5,6,6,5,6
4,4,5,1,6,5,6,6,5,6
4,4,5,1,6,5,6,6,5,6
4,4,5,1,6,5,6,6,5,6
4,4,5,1,6,5,6,6,5,6
4,4,5,1,6,5,6,6,5,6
4,4,5,1,6,5,6,6,5,6
4,4,5,1,6,5,6,6,5,6
4,4,5,1,6,5,6,6,5,6
4,4,5,1,6,5,6,6,5,6
4,4,5,1,6,5,6,6,5,6
4,4,5,1,6,5,6,6,5,6
4,4,5,1,6,5,6,6,5,6
4,4,5,1,6,5,6,6,5,6
4,4,5,1,6,5,6,6,5,6
4,4,5,1,6,5,6,6,5,6
4,4,5,1,6,5,6,6,5,6
4,4,5,1,6,5,6,6,5,6
4,4,5,1,6,5,6,6,5,6
4,4,5,1,6,5,6,6,5,6
4,4,5,1,6,5,6,6,5,6
4,4,5,1,6,5,6,6,5,6
4,4,5,1,6,5,6,6,5,6
4,4,5,1,6,5,6,6,5,6
4,4,5,1,6,5,6,6,5,6
4,4,5,1,6,5,6,6,5,6
4,4,5,1,6,5,6,6,5,6
4,4,5,1,6,5,6,6,5,6
4,4,5,1,6,5,6,6,5,6
4,4,5,1,6,5,6,6,5,6
4,4,5,1,6,5,6,6,5,6
4,4,5,1,6,5,6,6,5,6
4,4,5,1,6,5,6,6,5,6
4,4,5,1,6,5,6,6,5,6
4,4,5,1,6,5,6,6,5,6
4,4,5,1,6,5,6,6,5,6
4,4,5,1,6,5,6,6,5,6
4,4,5,1,6,5,6,6,5,6
4,4,5,1,6,5,6,6,5,6
4,4,5,1,6,5,6,6,5,6
4,4,5,1,6,5,6,6,5,6
4,4,5,1,6,5,6,6,5,6
4,4,5,1,6,5,6,6,5,6
4,4,5,1,6,5,6,6,5,6
4,4,5,1,6,5,6,6,5,6
4,4,5,1,6,5,6,6,5,6
4,4,5,1,6,5,6,6,5,6
4,4,5,1,6,5,6,6,5,6
4,4,5,1,6,5,6,6,5,6
4,4,5,1,6,5,6,6,5,6
4,4,5,1,6,5,6,6,5,6
4,4,5,1,6,5,6,6,5,6
4,4,5,1,6,5,6,6,5,6
4,4,5,1,6,5,6,6,5,6
4,4,5,1,6,5,6,6,5,6
4,4,5,1,6,5,6,6,5,6
4,4,5,1,6,5,6,6,5,6
4,4,5,1,6,5,6,6,5,6
4,4,5,1,6,5,6,6,5,6
4,4,5,1,6,5,6,6,5,6
4,4,5,1,6,5,6,6,5,6
4,4,5,1,6,5,6,6,5,6
4,4,5,1,6,5,6,6,5,6
4,4,5,1,6,5,6,6,5,6
4,4,6,5,6,5,6,6,5,6
4,4,6,5,6,5,6,6,5,6
4,4,6,5,6,5,6,6,5,6
4,4,6,5,6,5,6,6,5,6
4,4,6,5,6,5,6,6,5,6
4,4,6,5,6,5,6,6,5,6
4,4,6,5,6,5,6,6,5,6
4,4,6,5,6,5,6,6,5,6
4,4,6,5,6,5,6,6,5,6
4,4,6,5,6,5,6,6,5,6
4,4,6,5,6,5,6,6,5,6
4,4,6,5,6,5,6,6,5,6
4,4,6,5,6,5,6,6,5,6
4,4,6,5,6,5,6,6,5,6
4,4,6,5,6,5,6,6,5,6
4,4,6,5,6,5,6,6,5,6
4,4,6,5,6,5,6,6,5,6
4,4,6,5,6,5,6,6,5,6
4,4,6,5,6,5,6,6,5,6
4,4,6,5,6,5,6,6,5,6
4,4,6,5,6,5,6,6,5,6
4,4,6,5,6,5,6,6,5,6
4,4,6,5,6,5,6,6,5,6
4,4,6,5,6,5,6,6,5,6
4,4,6,5,6,5,6,6,5,6
4,4,6,5,6,5,6,6,5,6
4,4,6,5,6,5,6,6,5,6
4,4,6,5,6,5,6,6,5,6
4,4,6,5,6,5,6,6,5,6
4,4,6,5,6,5,6,6,5,6
4,4,6,5,6,5,6,6,5,6
4,4,6,5,6,5,6,6,5,6
4,4,6,5,6,5,6,6,5,6
4,4,6,5,6,5,6,6,5,6
4,4,6,5,6,5,6,6,5,6
4,4,6,5,6,5,6,6,5,6
4,4,6,5,6,5,6,6,5,6
4,4,6,5,6,5,6,6,5,6
4,4,6,5,6,5,6,6,5,6
4,4,6,5,6,5,6,6,5,6
4,4,6,5,6,5,6,6,5,6
4,4,6,5,6,5,6,6,5,6
4,4,6,5,6,5,6,6,5,6
4,4,6,5,7,5,6,6,5,6
4,4,6,5,7,5,6,6,5,6
4,4,6,5,7,5,6,6,5,6
4,4,6,5,7,5,6,6,5,6
4,4,6,5,7,5,6,6,5,6
4,4,6,5,7,5,6,6,5,6
4,4,6,5,7,5,6,6,5,6
4,4,6,5,7,5,6,6,5,6
4,4,6,5,7,5,6,6,5,6
4,4,6,5,7,5,6,6,5,6
4,4,6,5,7,5,6,6,5,6
4,4,6,5,7,5,6,6,5,6
4,4,6,5,7,5,6,6,5,6
4,4,6,5,7,5,6,6,5,6
4,4,6,5,7,5,6,6,5,6
4,4,6,5,7,5,6,6,5,6
4,4,6,5,7,5,6,6,5,6
4,5,6,5,7,6,6,6,5,6
4,5,6,5,7,6,6,6,5,6
4,5,6,5,7,6,6,6,5,6
4,5,6,5,7,6,6,6,5,6
4,5,6,5,7,6,6,6,5,6
4,5,6,5,7,6,6,6,5,6
4,5,6,5,7,6,6,6,5,6
4,5,6,5,7,6,6,6,5,6
4,5,6,5,7,6,6,6,5,6
4,5,6,5,7,6,6,6,5,6
4,5,6,5,7,6,6,6,5,6
4,5,6,5,7,6,6,6,5,6
4,5,6,5,7,6,6,6,5,6
4,5,6,5,7,6,6,6,5,6
4,5,6,5,7,6,6,6,5,6
4,5,6,5,7,6,6,6,5,6
4,5,6,5,7,6,6,6,5,6
4,5,6,5,7,6,6,6,5,6
4,5,6,5,7,6,6,6,5,6
4,5,6,5,7,6,6,6,5,6
4,5,6,5,7,6,6,6,5,6
4,5,6,5,7,6,6,6,5,6
4,5,6,5,7,6,6,6,5,6
4,5,6,5,7,6,6,6,5,6
4,5,6,5,7,6,6,6,5,6
4,5,6,5,7,6,6,6,5,6
4,5,6,5,7,6,6,6,5,6
4,5,6,5,7,6,6,6,5,6
4,5,6,5,7,6,6,6,5,6
4,5,6,5,7,6,6,6,5,6
4,5,6,5,7,6,6,6,5,6
4,5,6,5,7,6,6,6,5,6
4,5,6,5,7,6,6,6,5,6
4,5,6,5,7,6,6,6,5,6
4,5,6,5,7,6,6,6,5,6
4,5,6,5,7,6,6,6,5,6
4,5,6,5,7,6,7,6,5,6
4,5,6,5,7,6,7,6,5,6
4,5,6,5,7,6,7,6,5,6
4,5,6,5,7,6,7,6,5,6
4,5,6,5,7,6,7,6,5,6
4,5,6,5,7,6,7,6,5,6
4,5,6,5,7,6,7,6,5,6
4,5,6,5,7,6,7,6,5,6
4,5,6,5,7,6,7,6,5,6
4,5,6,5,7,6,7,6,5,6
4,5,6,5,7,6,7,6,5,6
4,5,6,5,7,6,7,6,5,6
4,5,6,5,7,6,7,6,5,6
4,5,6,5,7,6,7,6,5,6
4,5,6,5,7,6,7,6,5,6
4,5,6,5,7,6,7,6,5,6
4,5,6,5,7,6,7,6,5,6
4,5,6,5,7,6,7,6,5,6
4,5,6,5,7,6,7,6,5,6
4,5,6,5,7,6,7,6,5,6
4,5,6,5,7,6,7,7,5,6
4,5,6,5,7,6,7,7,5,6
4,5,6,5,7,6,7,7,5,6
4,5,6,5,7,6,7,7,5,6
4,5,6,5,7,6,7,7,6,6
4,5,6,5,7,6,7,7,6,6
4,5,6,5,7,6,7,7,6,6
4,5,6,5,7,6,7,7,6,6
4,5,6,5,7,6,7,7,6,6
4,5,6,5,7,6,7,7,6,6
4,5,6,5,7,6,7,7,6,6
4,5,6,5,7,6,7,7,6,6
4,5,6,5,7,6,7,7,6,6
4,5,6,5,7,6,7,7,6,6
4,5,6,5,7,6,7,7,6,6
4,5,6,5,7,6,7,7,6,6
4,5,6,5,7,6,7,7,6,6
4,5,6,5,7,6,7,7,6,6
4,5,6,5,7,6,7,7,6,6
4,5,6,5,7,6,7,7,6,6
4,5,6,5,7,6,7,7,6,6
4,5,6,5,7,6,7,7,6,6
4,5,6,5,7,6,7,7,6,6
4,5,6,5,7,6,7,7,6,6
4,5,6,5,7,6,7,7,6,6
4,5,6,5,7,6,7,7,6,6
4,5,6,5,7,6,7,7,6,6
4,5,6,5,7,6,7,7,6,6
4,5,6,5,7,6,7,7,6,6
4,5,6,5,7,6,7,7,6,6
4,5,6,5,7,6,7,7,6,6
4,5,6,5,7,6,7,7,6,6
4,5,6,5,7,6,7,7,6,6
4,5,6,5,7,6,7,7,6,6
4,5,6,5,7,6,7,7,6,7
4,5,6,5,7,6,7,7,6,7
4,5,6,5,7,6,7,7,6,7
4,5,6,5,7,6,7,7,6,7
4,5,6,5,7,6,7,7,6,7
4,5,6,5,7,6,7,7,6,7
4,5,6,5,7,6,7,7,6,7
4,5,6,5,7,6,7,7,6,7
4,5,6,5,7,6,7,7,6,7
4,5,6,5,7,6,7,7,6,7
4,5,6,5,7,6,7,7,6,7
4,5,6,5,7,6,7,7,6,7
4,5,6,5,7,6,7,7,6,7
4,5,6,5,7,6,7,7,6,7
4,5,6,5,7,6,7,7,6,7
4,5,6,5,7,6,7,7,6,7
4,5,6,5,7,6,7,7,6,7
4,5,6,5,7,6,7,7,6,7
4,5,6,5,7,6,7,7,6,7
4,5,6,5,7,6,7,7,6,7
4,5,6,5,7,6,7,7,6,7
4,5,6,5,7,6,7,7,6,7
4,5,6,5,7,6,7,7,6,7
4,5,6,5,7,6,7,7,6,7
4,5,6,5,7,6,7,7,6,7
4,5,6,5,7,6,7,7,6,7
4,5,6,5,7,6,7,7,6,7
4,5,6,5,7,6,7,7,6,7
4,5,6,5,7,6,7,7,6,7
4,5,6,5,7,6,7,7,6,7
4,5,6,5,7,6,7,7,6,7
4,5,6,5,7,6,7,7,6,7
4,5,6,5,7,6,7,7,6,7
4,5,6,5,7,6,7,7,6,7
4,5,6,5,7,6,7,7,6,7
4,5,6,5,7,6,7,7,6,7
4,5,6,5,7,6,7,7,6,7
4,5,6,5,7,6,7,7,6,7
4,5,6,5,7,6,7,7,6,7
4,5,6,5,7,6,7,7,6,7
4,5,6,5,7,6,7,7,6,7
4,5,6,5,7,6,7,7,6,7
4,5,6,5,7,6,7,7,6,7
4,5,6,5,7,6,7,7,6,7
4,5,6,5,7,6,7,7,6,7
4,5,6,5,7,6,7,7,6,7
4,5,6,5,7,6,7,7,6,7
4,5,6,5,7,6,7,7,6,7
4,5,6,5,7,6,7,7,6,7
4,5,6,5,7,6,7,7,6,7
4,5,6,5,7,6,7,7,6,7
4,5,6,5,7,6,7,7,6,7
4,5,6,5,7,6,7,7,6,7
4,5,6,5,7,6,7,7,6,7
4,5,6,5,7,6,7,7,6,7
4,5,6,5,7,6,7,7,6,7
4,5,6,5,7,6,7,7,6,7
4,5,6,5,7,6,7,7,6,7
4,5,6,5,7,6,7,7,6,7
4,5,6,5,7,6,7,7,6,7
4,5,6,5,7,6,7,7,6,7
4,5,6,5,7,6,7,7,6,7
4,5,6,5,7,6,7,7,6,7
4,5,6,5,7,6,7,7,6,7
4,5,6,5,7,6,7,7,6,7
4,5,6,5,7,6,7,7,6,7
4,5,6,5,7,6,7,7,6,7
4,5,6,5,7,6,7,7,6,7
4,5,6,5,7,6,7,7,6,7
4,5,6,5,7,6,7,7,6,7
4,5,6,5,7,6,7,7,6,7
4,5,6,5,7,6,7,7,6,7
4,5,6,5,7,6,7,7,6,7
4,5,6,5,7,6,7,7,6,7
4,5,6,5,7,6,7,7,6,7
4,5,6,5,7,6,7,7,6,7
4,5,6,5,7,6,7,7,6,7
4,5,6,5,7,6,7,7,6,7
4,5,6,5,7,6,7,7,6,7
4,5,6,5,7,6,7,7,6,7
4,5,6,5,7,6,7,7,6,7
4,5,6,5,7,6,7,7,6,7
4,5,6,5,7,6,7,7,6,7
4,5,6,5,7,6,7,7,6,7
4,5,6,5,7,6,7,7,6,7
4,5,6,5,7,6,7,7,6,7
4,5,6,5,7,6,7,7,6,7
4,5,6,5,7,6,7,7,6,7
4,5,6,5,7,6,7,7,6,7
4,5,6,5,7,6,7,7,6,7
4,5,6,5,7,6,7,7,6,7
4,5,6,5,7,6,7,7,6,7
4,5,6,5,7,6,7,7,6,7
4,5,6,5,7,6,7,7,6,7
4,5,6,5,7,6,7,7,6,7
4,5,6,5,7,6,7,7,6,7
4,5,6,5,7,6,7,7,6,7
4,5,6,5,7,6,7,7,6,7
4,5,6,5,7,6,7,7,6,7
4,5,6,5,7,6,7,7,6,7
4,5,6,5,7,6,7,7,6,7
4,5,6,5,7,6,7,7,6,7
4,5,6,5,7,6,7,7,6,7
4,5,6,5,7,6,7,7,6,7
4,5,6,5,7,6,7,7,6,7
4,5,6,5,7,6,7,7,6,7
4,5,6,5,7,6,7,7,6,7
4,5,6,5,7,6,7,7,6,7
4,5,6,5,7,6,7,7,6,7
4,5,6,5,7,6,7,7,6,7
4,5,6,5,7,6,7,7,6,7
4,5,6,5,7,6,7,7,6,7
4,5,6,5,7,6,7,7,6,7
4,5,6,5,7,6,7,7,6,7
4,5,6,5,7,6,7,7,6,7
4,5,6,5,7,6,7,7,6,7
4,5,6,5,7,6,7,7,6,7
4,5,6,5,7,6,7,7,6,7
4,5,6,5,7,6,7,7,6,7
4,5,6,5,7,6,7,7,6,7
4,5,6,5,7,6,7,7,6,7
4,5,6,5,7,6,7,7,6,7
4,5,6,5,7,6,7,7,6,7
4,5,6,5,7,6,7,7,6,7
4,5,6,5,7,6,7,7,6,7
4,5,6,5,7,6,7,7,6,7
4,5,6,5,7,6,7,7,6,7
4,5,6,5,7,6,7,7,6,7
4,5,6,5,7,6,7,7,6,7
4,5,6,5,7,6,7,7,6,7
4,5,6,5,7,6,7,7,6,7
4,5,6,5,7,6,7,7,6,7
4,5,6,5,7,6,7,7,6,7
4,5,6,5,7,6,7,7,6,7
4,5,6,5,7,6,7,7,6,7
4,5,6,5,7,6,7,7,6,7
4,5,6,5,7,6,7,7,6,7
4,5,6,5,7,6,7,7,6,7
4,5,6,5,7,6,7,7,6,7
4,5,6,5,7,6,7,7,6,7
4,5,6,5,7,6,7,7,6,7
4,5,6,5,7,6,7,7,6,7
4,5,6,5,7,6,7,7,6,7
4,5,6,5,7,6,7,7,6,7
4,5,6,5,7,6,7,7,6,7
4,5,6,5,7,6,7,7,6,7
4,5,6,5,7,6,7,7,6,7
4,5,6,5,7,6,7,7,6,7
4,5,6,5,7,6,7,7,6,7
4,5,6,5,7,6,7,7,6,7
4,5,6,5,7,6,7,7,6,7
4,5,6,5,7,6,7,7,6,7
4,5,6,5,7,6,7,7,6,7
4,5,6,5,7,6,7,7,6,7
4,5,6,5,7,6,7,7,6,7
4,5,6,5,7,6,7,7,6,7
4,5,6,5,7,6,7,7,6,7
4,5,6,5,7,6,7,7,6,7
4,5,6,5,7,6,7,7,6,7
4,5,6,5,7,6,7,7,6,7
4,5,6,5,7,6,7,7,6,7
4,5,6,5,7,6,7,7,6,7
4,5,6,5,7,6,7,7,6,7
4,5,6,5,7,6,7,7,6,7
4,5,6,5,7,6,7,7,6,7
4,5,6,5,7,6,7,7,6,7
4,5,6,5,7,6,7,7,6,7
4,5,6,5,7,6,7,7,6,7
4,5,6,5,7,6,7,7,6,7
4,5,6,5,7,6,7,7,6,7
4,5,6,5,7,6,7,7,6,7
4,5,6,5,7,6,7,7,6,7
4,5,6,5,7,6,7,7,6,7
4,5,6,5,7,6,7,7,6,7
4,5,6,5,7,6,7,7,6,7
4,5,6,5,7,6,7,7,6,7
4,5,6,5,7,6,7,7,6,7
4,5,6,5,7,6,7,7,6,7
4,5,6,5,7,6,7,7,6,7
4,5,6,5,7,6,7,7,6,7
4,5,6,5,7,6,7,7,6,7
4,5,6,5,7,6,7,7,6,7
4,5,6,5,7,6,7,7,6,7
4,5,6,5,7,6,7,7,6,7
4,5,6,5,7,6,7,7,6,7
4,5,6,5,7,6,7,7,6,7
4,5,6,5,7,6,7,7,6,7
4,5,6,5,7,6,7,7,6,7
4,5,6,5,7,6,7,7,6,7
4,5,6,5,7,6,7,7,6,7
4,5,6,5,7,6,7,7,6,7
4,5,6,5,7,6,7,7,6,7
4,5,6,5,7,6,7,7,6,7
4,5,6,5,7,6,7,7,6,7
4,5,6,5,7,6,7,7,6,7
4,5,6,5,7,6,7,7,6,7
4,5,6,5,7,6,7,7,6,7
4,5,6,5,7,6,7,7,6,7
4,5,6,5,7,6,7,7,6,7
4,5,6,5,7,6,7,7,6,7
4,5,6,5,7,6,7,7,6,7
4,5,6,5,7,6,7,7,6,7
4,5,6,5,7,6,7,7,6,7
4,5,6,5,7,6,7,7,6,7
4,5,6,5,7,6,7,7,6,7
4,5,6,5,7,6,7,7,6,7
4,5,6,5,7,6,7,7,6,7
4,5,6,5,7,6,7,7,6,7
4,5,6,5,7,6,7,7,6,7
4,5,6,5,7,6,7,7,6,7
4,5,6,5,7,6,7,7,6,7
4,5,6,5,7,6,7,7,6,7
4,5,6,5,7,6,7,7,6,7
4,5,6,5,7,6,7,7,6,7
4,5,6,5,7,6,7,7,6,7
4,5,6,5,7,6,7,7,6,7
4,5,6,5,7,6,7,7,6,7
4,5,6,5,7,6,7,7,6,7
4,5,6,5,7,6,7,7,6,7
4,5,6,5,7,6,7,7,6,7
4,5,6,5,7,6,7,7,6,7
4,5,6,5,7,6,7,7,6,7
4,5,6,5,7,6,7,7,6,7
4,5,6,5,7,6,7,7,6,7
4,5,6,5,7,6,7,7,6,7
4,5,6,5,7,6,7,7,6,7
4,5,6,5,7,6,7,7,6,7
4,5,6,5,7,6,7,7,6,7
4,5,6,5,7,6,7,7,6,7
4,5,6,5,7,6,7,7,6,7
4,5,6,5,7,6,7,7,6,7
4,5,6,5,7,6,7,7,6,7
4,5,6,5,7,6,7,7,6,7
4,5,6,5,7,6,7,7,6,7
4,5,6,5,7,6,7,7,6,7
4,5,6,5,7,6,7,7,6,7
4,5,6,5,7,6,7,7,6,7
4,5,6,5,7,6,7,7,6,7
4,5,6,5,7,6,7,7,6,7
4,5,6,5,7,6,7,7,6,7
4,5,6,5,7,6,7,7,6,7
4,5,6,5,7,6,7,7,6,7
4,5,6,5,7,6,7,7,6,7
4,5,6,5,7,6,7,7,6,7
4,5,6,5,7,6,7,7,6,7
4,5,6,5,7,6,7,7,6,7
4,5,6,5,7,6,7,7,6,7
4,5,6,5,7,6,7,7,6,7
4,5,6,5,7,6,7,7,6,7
4,5,6,5,7,6,7,7,6,7
4,5,6,5,7,6,7,7,6,7
4,5,6,5,7,6,7,7,6,7
4,5,6,5,7,6,7,7,6,7
4,5,6,5,7,6,7,7,6,7
4,5,6,5,7,6,7,7,6,7
4,5,6,5,7,6,7,7,6,7
4,5,6,5,7,6,7,7,6,7
4,5,6,5,7,6,7,7,6,7
4,5,6,5,7,6,7,7,6,7
4,5,6,5,7,6,7,7,6,7
4,5,6,5,7,6,7,7,6,7
4,5,6,5,7,6,7,7,6,7
4,5,6,5,7,6,7,7,6,7
4,5,6,5,7,6,7,7,6,7
4,5,6,5,7,6,7,7,6,7
4,5,6,5,7,6,7,7,6,7
4,5,6,5,7,6,7,7,6,7
4,5,6,5,7,6,7,7,6,7
4,5,6,5,7,6,7,7,6,7
4,5,6,5,7,6,7,7,6,7
4,5,6,5,7,6,7,7,6,7
4,5,6,5,7,6,7,7,6,7
4,5,6,5,7,6,7,7,6,7
4,5,6,5,7,6,7,7,6,7
4,5,6,5,7,6,7,7,6,7
4,5,6,5,7,6,7,7,6,7
4,5,6,5,7,6,7,7,6,7
4,5,6,5,7,6,7,7,6,7
4,5,6,5,7,6,7,7,6,7
4,5,6,5,7,6,7,7,6,7
4,5,6,5,7,6,7,7,6,7
4,5,6,5,7,6,7,7,6,7
4,5,6,5,7,6,7,7,6,7
4,5,6,5,7,6,7,7,6,7
4,5,6,5,7,6,7,7,6,7
4,5,6,5,7,6,7,7,6,7
4,5,6,5,7,6,7,7,6,7
4,5,6,5,7,6,7,7,6,7
4,5,6,5,7,6,7,7,6,7
4,5,6,5,7,6,7,7,6,7
4,5,6,5,7,6,7,7,6,7
4,5,6,5,7,6,7,7,6,7
4,5,6,5,7,6,7,7,6,7
4,5,6,5,7,6,7,7,6,7
4,5,6,5,7,6,7,7,6,7
4,5,6,5,7,6,7,7,6,7
4,5,6,5,7,6,7,7,6,7
4,5,6,5,7,6,7,7,6,7
4,5,6,5,7,6,7,7,6,7
4,5,6,5,7,6,7,7,6,7
4,5,6,5,7,6,7,7,6,7
4,5,6,5,7,6,7,7,6,7
4,5,6,5,7,6,7,7,6,7
4,5,6,5,7,6,7,7,6,7
4,5,6,5,7,6,7,7,6,7
4,5,6,5,7,6,7,7,6,7
4,5,6,5,7,6,7,7,6,7
4,5,6,5,7,6,7,7,6,7
4,5,6,5,7,6,7,7,6,7
4,5,6,5,7,6,7,7,6,7
4,5,6,5,7,6,7,7,6,7
4,5,6,5,7,6,7,7,6,7
4,5,6,5,7,6,7,7,6,7
4,5,6,5,7,6,7,7,6,7
4,5,6,5,7,6,7,7,6,7
4,5,6,5,7,6,7,7,6,7
4,5,6,5,7,6,7,7,6,7
4,5,6,5,7,6,7,7,6,7
4,5,6,5,7,6,7,7,6,7
4,5,6,5,7,6,7,7,6,7
4,5,6,5,7,6,7,7,6,7
4,5,6,5,7,6,7,7,6,7
4,5,6,5,7,6,7,7,6,7
4,5,6,5,7,6,7,7,6,7
4,5,6,5,7,6,7,7,6,7
4,5,6,5,7,6,7,7,6,7
4,5,6,5,7,6,7,7,6,7
4,5,6,5,7,6,7,7,6,7
4,5,6,5,7,6,7,7,6,7
4,5,6,5,7,6,7,7,6,7
4,5,6,5,7,6,7,7,6,7
4,5,6,5,7,6,7,7,6,7
4,5,6,5,7,6,7,7,6,7
4,5,6,5,7,6,7,7,6,7
4,5,6,5,7,6,7,7,6,7
4,5,6,5,7,6,7,7,6,7
4,5,6,5,7,6,7,7,6,7
4,5,6,5,7,6,7,7,6,7
4,5,6,5,7,6,7,7,6,7
4,5,6,5,7,6,7,7,6,7
4,5,6,5,7,6,7,7,6,7
4,5,6,5,7,6,7,7,6,7
4,5,6,5,7,6,7,7,6,7
4,5,6,5,7,6,7,7,6,7
4,5,6,5,7,6,7,7,6,7
4,5,6,5,7,6,7,7,6,7
4,5,6,5,7,6,7,7,6,7
4,5,6,5,7,6,7,7,6,7
4,5,6,5,7,6,7,7,6,7
4,5,6,5,7,6,7,7,6,7
4,5,6,5,7,6,7,7,6,7
4,5,6,5,7,6,7,7,6,7
4,5,6,5,7,6,7,7,6,7
4,5,6,5,7,6,7,7,6,7
4,5,6,5,7,6,7,7,6,7
4,5,6,5,7,6,7,7,6,7
4,5,6,5,7,6,7,7,6,7
4,5,6,5,7,6,7,7,6,7
4,5,6,5,7,6,7,7,6,7
4,5,6,5,7,6,7,7,6,7
4,5,6,5,7,6,7,7,6,7
4,5,6,5,7,6,7,7,6,7
4,5,6,5,7,6,7,7,6,7
4,5,6,5,7,6,7,7,6,7
4,5,6,5,7,6,7,7,6,7
4,5,6,5,7,6,7,7,6,7
4,5,6,5,7,6,7,7,6,7
4,5,6,5,7,6,7,7,6,7
4,5,6,5,7,6,7,7,6,7
4,5,6,5,7,6,7,7,6,7
4,5,7,5,7,6,7,7,6,7
4,5,7,5,7,6,7,7,6,7
4,5,7,5,7,6,7,7,6,7
4,5,7,5,7,6,7,7,6,7
4,5,7,5,7,6,7,7,6,7
4,5,7,5,7,6,7,7,6,7
4,5,7,5,7,6,7,7,6,7
4,5,7,5,7,6,7,7,6,7
4,5,7,5,7,6,7,7,6,7
4,5,7,5,7,6,7,7,6,7
4,5,7,5,7,6,7,7,6,7
4,5,7,5,7,6,7,7,6,7
4,5,7,5,7,6,7,7,6,7
4,5,7,5,7,6,7,7,6,7
4,5,7,5,7,6,7,7,6,7
4,5,7,5,7,6,7,7,6,7
4,5,7,5,7,6,7,7,6,7
4,5,7,5,7,6,7,7,6,7
4,5,7,5,7,6,7,7,6,7
4,5,7,5,7,6,7,7,6,7
4,5,7,5,7,6,7,7,6,7
4,5,7,5,7,6,7,7,6,7
4,5,7,5,7,6,7,7,6,7
4,5,7,5,7,6,7,7,6,7
4,5,7,5,7,6,7,7,6,7
4,5,7,5,7,6,7,7,6,7
4,5,7,5,7,6,7,7,6,7
4,5,7,5,7,6,7,7,6,7
4,5,7,5,7,6,7,7,6,7
4,5,7,5,7,6,7,7,6,7
4,5,7,5,7,6,7,7,6,7
4,5,7,5,7,6,7,7,6,7
4,5,7,5,7,6,7,7,6,7
4,5,7,5,7,6,7,7,6,7
4,5,7,5,7,6,7,7,6,7
4,5,7,5,7,6,7,7,6,7
4,5,7,5,7,6,7,7,6,7
4,5,7,5,7,6,7,7,6,7
4,5,7,5,7,6,7,7,6,7
4,5,7,5,7,6,7,7,6,7
4,5,7,5,7,6,7,7,6,7
4,5,7,5,7,6,7,7,6,7
4,5,7,5,7,6,7,7,6,7
4,5,7,5,7,6,7,7,6,7
4,5,7,5,7,6,7,7,6,7
4,5,7,5,7,6,7,7,6,7
4,5,7,5,7,6,7,7,6,7
4,5,7,5,7,6,7,7,6,7
4,5,7,5,7,6,7,7,6,7
4,5,7,5,7,6,7,7,6,7
4,5,7,5,7,6,7,7,6,7
4,5,7,5,7,6,7,7,6,7
4,5,7,5,7,6,7,7,6,7
4,5,7,5,7,6,7,7,6,7
4,5,7,5,7,6,7,7,6,7
4,5,7,5,7,6,7,7,6,7
4,5,7,5,7,6,7,7,6,7
4,5,7,5,7,6,7,7,6,7
4,5,7,5,7,6,7,7,6,7
4,5,7,5,7,6,7,7,6,7
4,5,7,5,7,6,7,7,6,7
4,5,7,5,7,6,7,7,6,7
4,5,7,5,7,6,7,7,6,7
4,5,7,5,7,6,7,7,6,7
4,5,7,5,7,6,7,7,6,7
4,5,7,5,7,6,7,7,6,7
4,5,7,5,7,6,7,7,6,7
4,5,7,5,7,6,7,7,6,7
4,5,7,5,7,6,7,7,6,7
4,5,7,5,7,6,7,7,6,7
4,5,7,5,7,6,7,7,6,7
4,5,7,5,7,6,7,7,6,7
4,5,7,5,7,6,7,7,6,7
4,5,7,5,7,6,7,7,6,7
4,5,7,5,7,6,7,7,6,7
4,5,7,5,7,6,7,7,6,7
4,5,7,5,7,6,7,7,6,7
4,5,7,5,7,6,7,7,6,7
4,5,7,5,7,6,7,7,6,7
4,5,7,5,7,6,7,7,6,7
4,5,7,5,7,7,7,7,7,7
4,5,7,5,7,7,7,7,7,7
4,5,7,5,7,7,7,7,7,7
4,5,7,5,7,7,7,7,7,7
4,5,7,5,7,7,7,7,7,7
4,5,7,5,0,7,7,7,7,7
4,5,7,5,0,7,7,7,7,7
4,5,7,5,0,7,7,7,7,7
4,5,7,5,0,7,7,7,7,7
4,5,7,5,0,7,7,7,7,7
4,5,7,5,0,7,7,7,7,7
4,5,7,5,0,7,7,7,7,7
4,5,7,5,0,7,7,7,7,7
4,5,7,5,0,7,7,7,7,7
4,5,7,5,0,7,7,7,7,7
4,5,7,5,0,7,7,7,7,7
4,5,7,5,0,7,7,7,7,7
4,5,7,5,0,7,7,7,7,7
4,5,7,5,0,7,7,7,7,7
4,5,7,5,0,7,7,7,7,7
4,5,7,5,0,7,7,7,7,7
4,5,7,5,0,7,7,7,7,7
4,5,7,5,0,7,7,7,7,7
4,5,7,5,0,7,7,7,7,7
4,5,7,5,0,7,7,7,7,7
4,5,7,5,0,7,7,7,7,7
4,5,7,5,0,7,7,7,7,7
4,5,7,5,0,7,7,7,7,7
4,5,7,5,0,7,7,7,7,7
4,5,7,5,0,7,7,7,7,7
4,5,7,5,0,7,7,7,7,7
4,5,7,5,0,7,7,7,7,7
4,5,7,5,0,7,7,7,7,7
4,5,7,5,0,7,7,7,7,7
4,5,7,5,0,7,7,7,7,7
4,5,7,5,0,7,7,7,7,7
4,5,7,5,0,7,7,7,7,7
4,5,7,5,0,7,7,7,7,7
4,5,7,5,0,7,7,7,7,7
4,5,7,5,0,7,7,7,7,7
4,5,7,0,0,7,7,7,7,7
4,5,7,0,0,7,7,7,7,7
4,5,7,0,0,7,7,7,7,7
4,5,7,0,0,7,7,7,7,7
4,5,7,0,0,7,7,7,7,7
4,5,7,0,0,7,7,7,7,7
4,5,7,0,0,7,7,7,7,7
4,5,7,0,0,7,7,7,7,7
4,5,7,0,0,7,7,7,7,7
4,5,7,0,0,7,7,7,7,7
4,5,7,0,0,7,7,7,7,7
4,5,7,0,0,7,7,7,7,7
4,5,7,0,0,7,7,7,7,7
4,5,7,0,0,7,7,7,7,7
4,5,7,0,0,7,7,7,7,0
4,5,7,0,0,7,7,7,7,0
4,5,7,0,0,7,7,7,7,0
4,5,7,0,0,7,7,7,7,0
4,5,7,0,0,7,7,7,7,0
4,5,7,0,0,7,7,7,7,0
4,5,7,0,0,7,7,7,7,0
4,5,7,0,0,7,7,7,7,0
4,5,7,0,0,7,7,7,7,0
4,5,7,0,0,7,7,7,7,0
4,5,7,0,0,7,7,7,7,0
4,5,7,0,0,7,7,7,7,0
4,5,7,0,0,7,7,7,7,0
0,5,7,0,0,7,7,7,7,0
0,5,7,0,0,7,7,7,7,0
0,5,7,0,0,7,7,7,7,0
0,5,7,0,0,7,7,7,7,0
0,5,7,0,0,7,7,7,7,0
0,5,7,0,0,7,7,7,7,0
0,5,7,0,0,7,7,7,7,0
0,5,7,0,0,7,7,7,7,0
0,5,7,0,0,7,7,7,7,0
0,5,7,0,0,7,7,7,7,0
0,5,7,0,0,7,7,7,7,0
0,5,7,0,0,7,7,7,7,0
0,5,7,0,0,7,7,7,7,0
0,0,0,0,0,7,7,7,0,0
0,0,0,0,0,7,7,7,0,0
0,0,0,0,0,7,7,7,0,0
0,0,0,0,0,7,7,7,0,0
0,0,0,0,0,7,7,7,0,0
0,0,0,0,0,7,7,7,0,0
0,0,0,0,0,7,7,7,0,0
0,0,0,0,0,7,7,7,0,0
0,0,0,0,0,7,7,7,0,0
0,0,0,0,0,7,7,7,0,0
0,0,0,0,0,7,7,7,0,0
0,0,0,0,0,7,7,7,0,0
0,0,0,0,0,7,7,7,0,0
0,0,0,0,0,7,7,7,0,0
0,0,0,0,0,7,7,7,0,0
0,0,0,0,0,7,7,7,0,0
0,0,0,0,0,7,7,7,0,0
0,0,0,0,0,7,7,7,0,0
0,0,0,0,0,7,7,7,0,0
0,0,0,0,0,7,7,7,0,0
0,0,0,0,0,7,7,7,0,0
0,0,0,0,0,7,7,7,0,0
0,0,0,0,0,7,7,7,0,0
0,0,0,0,0,7,7,7,0,0
0,0,0,0,0,7,7,7,0,0
0,0,0,0,0,7,7,7,0,0
0,0,0,0,0,7,7,7,0,0
0,0,0,0,0,7,7,7,0,0
0,0,0,0,0,7,7,7,0,0
0,0,0,0,0,7,7,7,0,0
0,0,0,0,0,7,7,7,0,0
0,0,0,0,0,7,7,7,0,0
0,0,0,0,0,7,7,7,0,0
0,0,0,0,0,7,7,7,0,0
0,0,0,0,0,7,7,7,0,0
0,0,0,0,0,7,7,7,0,0
0,0,0,0,0,7,7,7,0,0
0,0,0,0,0,7,7,7,0,0
0,0,0,0,0,7,7,7,0,0
0,0,0,0,0,7,7,7,0,0
0,0,0,0,0,0,7,7,0,0
0,0,0,0,0,0,7,7,0,0
0,0,0,0,0,0,7,7,0,0
0,0,0,0,0,0,7,7,0,0
0,0,0,0,0,0,7,0,0,0
0,0,0,0,0,0,7,0,0,0
0,0,0,0,0,0,7,0,0,0
0,0,0,0,0,0,7,0,0,0
0,0,0,0,0,0,7,0,0,0
0,0,0,0,0,0,7,0,0,0
0,0,0,0,0,0,7,0,0,0
0,0,0,0,0,0,7,0,0,0
0,0,0,0,0,0,7,0,0,0
0,0,0,0,0,0,7,0,0,0
0,0,0,0,0,0,7,0,0,0
0,0,0,0,0,0,7,0,0,0
0,0,0,0,0,0,7,0,0,0
0,0,0,0,0,0,7,0,0,0
0,0,0,0,0,0,7,0,0,0
0,0,0,0,0,0,7,0,0,0
0,0,0,0,0,0,7,0,0,0
0,0,0,0,0,0,7,0,0,0
0,0,0,0,0,0,7,0,0,0
0,0,0,0,0,0,7,0,0,0
0,0,0,0,0,0,0,0,0,0
0,0,0,0,0,0,0,0,0,0
0,0,0,0,0,0,0,0,0,0
0,0,0,0,0,0,0,0,0,0
0,0,0,0,0,0,0,0,0,0
0,0,0,0,0,0,0,0,0,0
0,0,0,0,0,0,0,0,0,0
0,0,0,0,0,0,0,0,0,0
0,0,0,0,0,0,0,0,0,0
0,0,0,0,0,0,0,0,0,0
0,0,0,0,0,0,0,0,0,0
0,0,0,0,0,0,0,0,0,0
0,0,0,0,0,0,0,0,0,0
0,0,0,0,0,0,0,0,0,0
0,0,0,0,0,0,0,0,0,0
0,0,0,0,0,0,0,0,0,0
0,0,0,0,0,0,0,0,0,0
0,0,0,0,0,0,0,0,0,0
0,0,0,0,0,0,0,0,0,0
0,0,0,0,0,0,0,0,0,0
0,0,0,0,0,0,0,0,0,0
0,0,0,0,0,0,0,0,0,0
0,0,0,0,0,0,0,0,0,0
0,0,0,0,0,0,0,0,0,0
0,0,0,0,0,0,0,0,0,0
0,0,0,0,0,0,0,0,0,0
0,0,0,0,0,0,0,0,0,0
0,0,0,0,0,0,0,0,0,0
0,0,0,0,0,0,0,0,0,0
0,0,0,0,0,0,0,0,0,0
0,0,0,0,0,0,0,0,0,0
0,0,0,0,0,0,0,0,0,0
0,0,0,0,0,0,0,0,0,0
0,0,0,0,0,0,0,0,0,0
0,0,0,0,0,0,0,0,0,0
0,0,0,0,0,0,0,0,0,0
0,0,0,0,0,0,0,0,0,0
0,0,0,0,0,0,0,0,0,0
0,0,0,0,0,0,0,0,0,0
0,0,0,0,0,0,0,0,0,0
0,0,0,0,0,0,0,0,0,0
0,0,0,0,0,0,0,0,0,0
0,0,0,0,0,0,0,0,0,0
0,0,0,0,0,0,0,0,0,0
0,0,0,0,0,0,0,0,0,0
0,0,0,0,0,0,0,0,0,0
0,0,0,0,0,0,0,0,0,0
0,0,0,0,0,0,0,0,0,0
0,0,0,0,0,0,0,0,0,0
0,0,0,0,0,0,0,0,0,0
0,0,0,0,0,0,0,0,0,0
0,0,0,0,0,0,0,0,0,0
0,0,0,0,0,0,0,0,0,0
0,0,0,0,0,0,0,0,0,0
0,0,0,0,0,0,0,0,0,0
0,0,0,0,0,0,0,0,0,0
0,0,0,0,0,0,0,0,0,0
0,0,0,0,0,0,0,0,0,0
0,0,0,0,0,0,0,0,0,0
0,0,0,0,0,0,0,0,0,0
0,0,0,0,0,0,0,0,0,0
0,0,0,0,0,0,0,0,0,0
0,0,0,0,0,0,0,0,0,0
0,0,0,0,0,0,0,0,0,0
0,0,0,0,0,0,0,0,0,0
0,0,0,0,0,0,0,0,0,0
0,0,0,0,0,0,0,0,0,0
0,0,0,0,0,0,0,0,0,0
0,0,0,0,0,0,0,0,0,0
0,0,0,0,0,0,0,0,0,0
0,0,0,0,0,0,0,0,0,0
0,0,0,0,0,0,0,0,0,0
0,0,0,0,0,0,0,0,0,0
0,0,0,0,0,0,0,0,0,0
0,0,0,0,0,0,0,0,0,0
0,0,0,0,0,0,0,0,0,0
0,0,0,0,0,0,0,0,0,0
0,0,0,0,0,0,0,0,0,0
0,0,0,0,0,0,0,0,0,0
0,0,0,0,0,0,0,0,0,0
0,0,0,0,0,0,0,0,0,0
0,0,0,0,0,0,0,0,0,0
0,0,0,0,0,0,0,0,0,0
0,0,0,0,0,0,0,0,0,0
0,0,0,0,0,0,0,0,0,0
0,0,0,0,0,0,0,0,0,0
0,0,0,0,0,0,0,0,0,0
0,0,0,0,0,0,0,0,0,0
0,0,0,0,0,0,0,0,0,0
0,0,0,0,0,0,0,0,0,0
0,0,0,0,0,0,0,0,0,0
0,0,0,0,0,0,0,0,0,0
0,0,0,0,0,0,0,0,0,0
0,0,0,0,0,0,0,0,0,0
0,0,0,0,0,0,0,0,0,0
0,0,0,0,0,0,0,0,0,0
0,0,0,0,0,0,0,0,0,0
0,0,0,0,0,0,0,0,0,0
0,0,0,0,0,0,0,0,0,0
0,0,0,0,0,0,0,0,0,0
0,0,0,0,0,0,0,0,0,0
0,0,0,0,0,0,0,0,0,0
0,0,0,0,0,0,0,0,0,0
0,0,0,0,0,0,0,0,0,0
0,0,0,0,0,0,0,0,0,0
0,0,0,0,0,0,0,0,0,0
0,0,0,0,0,0,0,0,0,0
0,0,0,0,0,0,0,0,0,0
0,0,0,0,0,0,0,0,0,0
0,0,0,0,0,0,0,0,0,0
0,0,0,0,0,0,0,0,0,0
0,0,0,0,0,0,0,0,0,0
0,0,0,0,0,0,0,0,0,0
0,0,0,0,0,0,0,0,0,0
0,0,0,0,0,0,0,0,0,0
0,0,0,0,0,0,0,0,0,0
0,0,0,0,0,0,0,0,0,0
0,0,0,0,0,0,0,0,0,0
0,0,0,0,0,0,0,0,0,0
0,0,0,0,0,0,0,0,0,0
0,0,0,0,0,0,0,0,0,0
0,0,0,0,0,0,0,0,0,0
0,0,0,0,0,0,0,0,0,0
0,0,0,0,0,0,0,0,0,0
0,0,0,0,0,0,0,0,0,0
0,0,0,0,0,0,0,0,0,0
0,0,0,0,0,0,0,0,0,0
0,0,0,0,0,0,0,0,0,0
0,0,0,0,0,0,0,0,0,0
0,0,0,0,0,0,0,0,0,0
0,0,0,0,0,0,0,0,0,0
0,0,0,0,0,0,0,0,0,0
0,0,0,0,0,0,0,0,0,0
0,0,0,0,0,0,0,0,0,0
0,0,0,0,0,0,0,0,0,0
0,0,0,0,0,0,0,0,0,0
0,0,0,0,0,0,0,0,0,0
0,0,0,0,0,0,0,0,0,0
0,0,0,0,0,0,0,0,0,0
0,0,0,0,0,0,0,0,0,0
0,0,0,0,0,0,0,0,0,0
0,0,0,0,0,0,0,0,0,0
0,0,0,0,0,0,0,0,0,0
0,0,0,0,0,0,0,0,0,0
0,0,0,0,0,0,0,0,0,0
0,0,0,0,0,0,0,0,0,0
0,0,0,0,0,0,0,0,0,0
0,0,0,0,0,0,0,0,0,0
0,0,0,0,0,0,0,0,0,0
0,0,0,0,0,0,0,0,0,0
0,0,0,0,0,0,0,0,0,0
0,0,0,0,0,0,0,0,0,0
0,0,0,0,0,0,0,0,0,0
0,0,0,0,0,0,0,0,0,0
0,0,0,0,0,0,0,0,0,0
0,0,0,0,0,0,0,0,0,0
0,0,0,0,0,0,0,0,0,0
0,0,0,0,0,0,0,0,0,0
0,0,0,0,0,0,0,0,0,0
0,0,0,0,0,0,0,0,0,0
0,0,0,0,0,0,0,0,0,0
0,0,0,0,0,0,0,0,0,0
0,0,0,0,0,0,0,0,0,0
0,0,0,0,0,0,0,0,0,0
0,0,0,0,0,0,0,0,0,0
0,0,0,0,0,0,0,0,0,0
0,0,0,0,0,0,0,0,0,0
0,0,0,0,0,0,0,0,0,0
0,0,0,0,0,0,0,0,0,0
0,0,0,0,0,0,0,0,0,0
0,0,0,0,0,0,0,0,0,0
0,0,0,0,0,0,0,0,0,0
0,0,0,0,0,0,0,0,0,0
0,0,0,0,0,0,0,0,0,0
0,0,0,0,0,0,0,0,0,0
0,0,0,0,0,0,0,0,0,0
0,0,0,0,0,0,0,0,0,0
0,0,0,0,0,0,0,0,0,0
0,0,0,0,0,0,0,0,0,0
0,0,0,0,0,0,0,0,0,0
0,0,0,0,0,0,0,0,0,0
0,0,0,0,0,0,0,0,0,0
0,0,0,0,0,0,0,0,0,0
0,0,0,0,0,0,0,0,0,0
0,0,0,0,0,0,0,0,0,0
0,0,0,0,0,0,0,0,0,0
0,0,0,0,0,0,0,0,0,0
0,0,0,0,0,0,0,0,0,0
0,0,0,0,0,0,0,0,0,0
0,0,0,0,0,0,0,0,0,0
0,0,0,0,0,0,0,0,0,0
0,0,0,0,0,0,0,0,0,0
0,0,0,0,0,0,0,0,0,0
0,0,0,0,0,0,0,0,0,0
0,0,0,0,0,0,0,0,0,0
0,0,0,0,0,0,0,0,0,0
0,0,0,0,0,0,0,0,0,0
0,0,0,0,0,0,0,0,0,0
0,0,0,0,0,0,0,0,0,0
0,0,0,0,0,0,0,0,0,0
0,0,0,0,0,0,0,0,0,0
0,0,0,0,0,0,0,0,0,0
0,0,0,0,0,0,0,0,0,0
0,0,0,0,0,0,0,0,0,0
0,0,0,0,0,0,0,0,0,0
0,0,0,0,0,0,0,0,0,0
0,0,0,0,0,0,0,0,0,0
0,0,0,0,0,0,0,0,0,0
0,0,0,0,0,0,0,0,0,0
0,0,0,0,0,0,0,0,0,0
0,0,0,0,0,0,0,0,0,0
0,0,0,0,0,0,0,0,0,0
0,0,0,0,0,0,0,0,0,0
0,0,0,0,0,0,0,0,0,0
0,0,0,0,0,0,0,0,0,0
0,0,0,0,0,0,0,0,0,0
0,0,0,0,0,0,0,0,0,0
0,0,0,0,0,0,0,0,0,0
0,0,0,0,0,0,0,0,0,0
0,0,0,0,0,0,0,0,0,0
0,0,0,0,0,0,0,0,0,0
0,0,0,0,0,0,0,0,0,0
0,0,0,0,0,0,0,0,0,0
0,0,0,0,0,0,0,0,0,0
0,0,0,0,0,0,0,0,0,0
0,0,0,0,0,0,0,0,0,0
0,0,0,0,0,0,0,0,0,0
0,0,0,0,0,0,0,0,0,0
0,0,0,0,0,0,0,0,0,0
0,0,0,0,0,0,0,0,0,0
0,0,0,0,0,0,0,0,0,0
0,0,0,0,0,0,0,0,0,0
0,0,0,0,0,0,0,0,0,0
0,0,0,0,0,0,0,0,0,0
0,0,0,0,0,0,0,0,0,0
0,0,0,0,0,0,0,0,0,0
0,0,0,0,0,0,0,0,0,0
0,0,0,0,0,0,0,0,0,0
0,0,0,0,0,0,0,0,0,0
0,0,0,0,0,0,0,0,0,0
0,0,0,0,0,0,0,0,0,0
0,0,0,0,0,0,0,0,0,0
0,0,0,0,0,0,0,0,0,0
0,0,0,0,0,0,0,0,0,0
0,0,0,0,0,0,0,0,0,0
0,0,0,0,0,0,0,0,0,0
0,0,0,0,0,0,0,0,0,0
0,0,0,0,0,0,0,0,0,0
0,0,0,0,0,0,0,0,0,0
0,0,0,0,0,0,0,0,0,0
0,0,0,0,0,0,0,0,0,0
0,0,0,0,0,0,0,0,0,0
0,0,0,0,0,0,0,0,0,0
0,0,0,0,0,0,0,0,0,0
0,0,0,0,0,0,0,0,0,0
0,0,0,0,0,0,0,0,0,0
0,0,0,0,0,0,0,0,0,0
0,0,0,0,0,0,0,0,0,0
0,0,0,0,0,0,0,0,0,0
0,0,0,0,0,0,0,0,0,0
0,0,0,0,0,0,0,0,0,0
0,0,0,0,0,0,0,0,0,0
0,0,0,0,0,0,0,0,0,0
0,0,0,0,0,0,0,0,0,0
0,0,0,0,0,0,0,0,0,0
0,0,0,0,0,0,0,0,0,0
0,0,0,0,0,0,0,0,0,0
0,0,0,0,0,0,0,0,0,0
0,0,0,0,0,0,0,0,0,0
0,0,0,0,0,0,0,0,0,0
0,0,0,0,0,0,0,0,0,0
0,0,0,0,0,0,0,0,0,0
0,0,0,0,0,0,0,0,0,0
0,0,0,0,0,0,0,0,0,0
0,0,0,0,0,0,0,0,0,0
0,0,0,0,0,0,0,0,0,0
0,0,0,0,0,0,0,0,0,0
0,0,0,0,0,0,0,0,0,0
0,0,0,0,0,0,0,0,0,0
0,0,0,0,0,0,0,0,0,0
0,0,0,0,0,0,0,0,0,0
0,0,0,0,0,0,0,0,0,0
0,0,0,0,0,0,0,0,0,0
0,0,0,0,0,0,0,0,0,0
0,0,0,0,0,0,0,0,0,0
0,0,0,0,0,0,0,0,0,0
0,0,0,0,0,0,0,0,0,0
0,0,0,0,0,0,0,0,0,0
0,0,0,0,0,0,0,0,0,0
0,0,0,0,0,0,0,0,0,0
0,0,0,0,0,0,0,0,0,0
0,0,0,0,0,0,0,0,0,0
0,0,0,0,0,0,0,0,0,0
0,0,0,0,0,0,0,0,0,0
0,0,0,0,0,0,0,0,0,0
0,0,0,0,0,0,0,0,0,0
0,0,0,0,0,0,0,0,0,0
0,0,0,0,0,0,0,0,0,0
0,0,0,0,0,0,0,0,0,0
0,0,0,0,0,0,0,0,0,0
0,0,0,0,0,0,0,0,0,0
0,0,0,0,0,0,0,0,0,0
0,0,0,0,0,0,0,0,0,0
0,0,0,0,0,0,0,0,0,0
0,0,0,0,0,0,0,0,0,0
0,0,0,0,0,0,0,0,0,0
0,0,0,0,0,0,0,0,0,0
0,0,0,0,0,0,0,0,0,0
0,0,0,0,0,0,0,0,0,0
0,0,0,0,0,0,0,0,0,0
0,0,0,0,0,0,0,0,0,0
0,0,0,0,0,0,0,0,0,0
0,0,0,0,0,0,0,0,0,0
0,0,0,0,0,0,0,0,0,0
0,0,0,0,0,0,0,0,0,0
0,0,0,0,0,0,0,0,0,0
0,0,0,0,0,0,0,0,0,0
0,0,0,0,0,0,0,0,0,0
0,0,0,0,0,0,0,0,0,0
0,0,0,0,0,0,0,0,0,0
0,0,0,0,0,0,0,0,0,0
0,0,0,0,0,0,0,0,0,0
0,0,0,0,0,0,0,0,0,0
0,0,0,0,0,0,0,0,0,0
0,0,0,0,0,0,0,0,0,0
0,0,0,0,0,0,0,0,0,0
0,0,0,0,0,0,0,0,0,0
0,0,0,0,0,0,0,0,0,0
0,0,0,0,0,0,0,0,0,0
0,0,0,0,0,0,0,0,0,0
0,0,0,0,0,0,0,0,0,0
0,0,0,0,0,0,0,0,0,0
0,0,0,0,0,0,0,0,0,0
0,0,0,0,0,0,0,0,0,0
0,0,0,0,0,0,0,0,0,0
0,0,0,0,0,0,0,0,0,0
0,0,0,0,0,0,0,0,0,0
0,0,0,0,0,0,0,0,0,0
0,0,0,0,0,0,0,0,0,0
0,0,0,0,0,0,0,0,0,0
0,0,0,0,0,0,0,0,0,0
0,0,0,0,0,0,0,0,0,0
0,0,0,0,0,0,0,0,0,0
0,0,0,0,0,0,0,0,0,0
0,0,0,0,0,0,0,0,0,0
0,0,0,0,0,0,0,0,0,0
0,0,0,0,0,0,0,0,0,0
0,0,0,0,0,0,0,0,0,0
0,0,0,0,0,0,0,0,0,0
0,0,0,0,0,0,0,0,0,0
0,0,0,0,0,0,0,0,0,0
0,0,0,0,0,0,0,0,0,0
0,0,0,0,0,0,0,0,0,0
0,0,0,0,0,0,0,0,0,0
0,0,0,0,0,0,0,0,0,0
0,0,0,0,0,0,0,0,0,0
0,0,0,0,0,0,0,0,0,0
0,0,0,0,0,0,0,0,0,0
0,0,0,0,0,0,0,0,0,0
0,0,0,0,0,0,0,0,0,0
0,0,0,0,0,0,0,0,0,0
0,0,0,0,0,0,0,0,0,0
0,0,0,0,0,0,0,0,0,0
0,0,0,0,0,0,0,0,0,0
0,0,0,0,0,0,0,0,0,0
0,0,0,0,0,0,0,0,0,0
0,0,0,0,0,0,0,0,0,0
0,0,0,0,0,0,0,0,0,0
0,0,0,0,0,0,0,0,0,0
0,0,0,0,0,0,0,0,0,0
0,0,0,0,0,0,0,0,0,0
0,0,0,0,0,0,0,0,0,0
0,0,0,0,0,0,0,0,0,0
0,0,0,0,0,0,0,0,0,0
0,0,0,0,0,0,0,0,0,0
0,0,0,0,0,0,0,0,0,0
0,0,0,0,0,0,0,0,0,0
0,0,0,0,0,0,0,0,0,0
0,0,0,0,0,0,0,0,0,0
0,0,0,0,0,0,0,0,0,0
0,0,0,0,0,0,0,0,0,0
0,0,0,0,0,0,0,0,0,0
0,0,0,0,0,0,0,0,0,0
0,0,0,0,0,0,0,0,0,0
0,0,0,0,0,0,0,0,0,0
0,0,0,0,0,0,0,0,0,0
0,0,0,0,0,0,0,0,0,0
0,0,0,0,0,0,0,0,0,0
0,0,0,0,0,0,0,0,0,0
0,0,0,0,0,0,0,0,0,0
0,0,0,0,0,0,0,0,0,0
0,0,0,0,0,0,0,0,0,0
0,0,0,0,0,0,0,0,0,0
0,0,0,0,0,0,0,0,0,0
0,0,0,0,0,0,0,0,0,0
0,0,0,0,0,0,0,0,0,0
0,0,0,0,0,0,0,0,0,0
0,0,0,0,0,0,0,0,0,0
0,0,0,0,0,0,0,0,0,0
0,0,0,0,0,0,0,0,0,0
0,0,0,0,0,0,0,0,0,0
0,0,0,0,0,0,0,0,0,0
0,0,0,0,0,0,0,0,0,0
0,0,0,0,0,0,0,0,0,0
0,0,0,0,0,0,0,0,0,0
0,0,0,0,0,0,0,0,0,0
0,0,0,0,0,0,0,0,0,0
0,0,0,0,0,0,0,0,0,0
0,0,0,0,0,0,0,0,0,0
0,0,0,0,0,0,0,0,0,0
0,0,0,0,0,0,0,0,0,0
0,0,0,0,0,0,0,0,0,0
0,0,0,0,0,0,0,0,0,0
0,0,0,0,0,0,0,0,0,0
0,0,0,0,0,0,0,0,0,0
0,0,0,0,0,0,0,0,0,0
0,0,0,0,0,0,0,0,0,0
0,0,0,0,0,0,0,0,0,0
0,0,0,0,0,0,0,0,0,0
0,0,0,0,0,0,0,0,0,0
0,0,0,0,0,0,0,0,0,0
0,0,0,0,0,0,0,0,0,0
0,0,0,0,0,0,0,0,0,0
0,0,0,0,0,0,0,0,0,0
0,0,0,0,0,0,0,0,0,0
0,0,0,0,0,0,0,0,0,0
0,0,0,0,0,0,0,0,0,0
0,0,0,0,0,0,0,0,0,0
0,0,0,0,0,0,0,0,0,0
0,0,0,0,0,0,0,0,0,0
0,0,0,0,0,0,0,0,0,0
0,0,0,0,0,0,0,0,0,0
0,0,0,0,0,0,0,0,0,0
0,0,0,0,0,0,0,0,0,0
0,0,0,0,0,0,0,0,0,0
0,0,0,0,0,0,0,0,0,0
0,0,0,0,0,0,0,0,0,0
0,0,0,0,0,0,0,0,0,0
0,0,0,0,0,0,0,0,0,0
0,0,0,0,0,0,0,0,0,0
0,0,0,0,0,0,0,0,0,0
0,0,0,0,0,0,0,0,0,0
0,0,0,0,0,0,0,0,0,0
0,0,0,0,0,0,0,0,0,0
0,0,0,0,0,0,0,0,0,0
0,0,0,0,0,0,0,0,0,0
0,0,0,0,0,0,0,0,0,0
0,0,0,0,0,0,0,0,0,0
0,0,0,0,0,0,0,0,0,0
0,0,0,0,0,0,0,0,0,0
0,0,0,0,0,0,0,0,0,0
0,0,0,0,0,0,0,0,0,0
0,0,0,0,0,0,0,0,0,0
0,0,0,0,0,0,0,0,0,0
0,0,0,0,0,0,0,0,0,0
0,0,0,0,0,0,0,0,0,0
0,0,0,0,0,0,0,0,0,0
0,0,0,0,0,0,0,0,0,0
0,0,0,0,0,0,0,0,0,0
0,0,0,0,0,0,0,0,0,0
0,0,0,0,0,0,0,0,0,0
0,0,0,0,0,0,0,0,0,0
0,0,0,0,0,0,0,0,0,0
0,0,0,0,0,0,0,0,0,0
0,0,0,0,0,0,0,0,0,0
0,0,0,0,0,0,0,0,0,0
0,0,0,0,0,0,0,0,0,0
0,0,0,0,0,0,0,0,0,0
0,0,0,0,0,0,0,0,0,0
0,0,0,0,0,0,0,0,0,0
0,0,0,0,0,0,0,0,0,0
0,0,0,0,0,0,0,0,0,0
0,0,0,0,0,0,0,0,0,0
0,0,0,0,0,0,0,0,0,0
0,0,0,0,0,0,0,0,0,0
0,0,0,0,0,0,0,0,0,0
0,0,0,0,0,0,0,0,0,0
0,0,0,0,0,0,0,0,0,0
0,0,0,0,0,0,0,0,0,0
0,0,0,0,0,0,0,0,0,0
0,0,0,0,0,0,0,0,0,0
0,0,0,0,0,0,0,0,0,0
0,0,0,0,0,0,0,0,0,0
0,0,0,0,0,0,0,0,0,0
0,0,0,0,0,0,0,0,0,0
0,0,0,0,0,0,0,0,0,0
0,0,0,0,0,0,0,0,0,0
0,0,0,0,0,0,0,0,0,0
0,0,0,0,0,0,0,0,0,0
0,0,0,0,0,0,0,0,0,0
0,0,0,0,0,0,0,0,0,0
0,0,0,0,0,0,0,0,0,0
0,0,0,0,0,0,0,0,0,0
0,0,0,0,0,0,0,0,0,0
0,0,0,0,0,0,0,0,0,0
0,0,0,0,0,0,0,0,0,0
0,0,0,0,0,0,0,0,0,0
0,0,0,0,0,0,0,0,0,0
0,0,0,0,0,0,0,0,0,0
0,0,0,0,0,0,0,0,0,0
0,0,0,0,0,0,0,0,0,0
0,0,0,0,0,0,0,0,0,0
0,0,0,0,0,0,0,0,0,0
0,0,0,0,0,0,0,0,0,0
0,0,0,0,0,0,0,0,0,0
0,0,0,0,0,0,0,0,0,0
0,0,0,0,0,0,0,0,0,0
0,0,0,0,0,0,0,0,0,0
0,0,0,0,0,0,0,0,0,0
0,0,0,0,0,0,0,0,0,0
0,0,0,0,0,0,0,0,0,0
0,0,0,0,0,0,0,0,0,0
0,0,0,0,0,0,0,0,0,0
0,0,0,0,0,0,0,0,0,0
0,0,0,0,0,0,0,0,0,0
0,0,0,0,0,0,0,0,0,0
0,0,0,0,0,0,0,0,0,0
0,0,0,0,0,0,0,0,0,0
0,0,0,0,0,0,0,0,0,0
0,0,0,0,0,0,0,0,0,0
0,0,0,0,0,0,0,0,0,0
0,0,0,0,0,0,0,0,0,0
0,0,0,0,0,0,0,0,0,0
0,0,0,0,0,0,0,0,0,0
0,0,0,0,0,0,0,0,0,0
0,0,0,0,0,0,0,0,0,0
0,0,0,0,0,0,0,0,0,0
0,0,0,0,0,0,0,0,0,0
0,0,0,0,0,0,0,0,0,0
0,0,0,0,0,0,0,0,0,0
0,0,0,0,0,0,0,0,0,0
0,0,0,0,0,0,0,0,0,0
0,0,0,0,0,0,0,0,0,0
0,0,0,0,0,0,0,0,0,0
0,0,0,0,0,0,0,0,0,0
0,0,0,0,0,0,0,0,0,0
0,0,0,0,0,0,0,0,0,0
0,0,0,0,0,0,0,0,0,0
0,0,0,0,0,0,0,0,0,0
0,0,0,0,0,0,0,0,0,0
0,0,0,0,0,0,0,0,0,0
0,0,0,0,0,0,0,0,0,0
0,0,0,0,0,0,0,0,0,0
0,0,0,0,0,0,0,0,0,0
0,0,0,0,0,0,0,0,0,0
0,0,0,0,0,0,0,0,0,0
0,0,0,0,0,0,0,0,0,0
0,0,0,0,0,0,0,0,0,0
0,0,0,0,0,0,0,0,0,0
0,0,0,0,0,0,0,0,0,0
0,0,0,0,0,0,0,0,0,0
0,0,0,0,0,0,0,0,0,0
0,0,0,0,0,0,0,0,0,0
0,0,0,0,0,0,0,0,0,0
0,0,0,0,0,0,0,0,0,0
0,0,0,0,0,0,0,0,0,0
0,0,0,0,0,0,0,0,0,0
0,0,0,0,0,0,0,0,0,0
0,0,0,0,0,0,0,0,0,0
0,0,0,0,0,0,0,0,0,0
0,0,0,0,0,0,0,0,0,0
0,0,0,0,0,0,0,0,0,0
0,0,0,0,0,0,0,0,0,0
0,0,0,0,0,0,0,0,0,0
0,0,0,0,0,0,0,0,0,0
0,0,0,0,0,0,0,0,0,0
0,0,0,0,0,0,0,0,0,0
0,0,0,0,0,0,0,0,0,0
0,0,0,0,0,0,0,0,0,0
0,0,0,0,0,0,0,0,0,0
0,0,0,0,0,0,0,0,0,0
0,0,0,0,0,0,0,0,0,0
0,0,0,0,0,0,0,0,0,0
0,0,0,0,0,0,0,0,0,0
0,0,0,0,0,0,0,0,0,0
0,0,0,0,0,0,0,0,0,0
0,0,0,0,0,0,0,0,0,0
0,0,0,0,0,0,0,0,0,0
0,0,0,0,0,0,0,0,0,0
0,0,0,0,0,0,0,0,0,0
0,0,0,0,0,0,0,0,0,0
0,0,0,0,0,0,0,0,0,0
0,0,0,0,0,0,0,0,0,0
0,0,0,0,0,0,0,0,0,0
0,0,0,0,0,0,0,0,0,0
0,0,0,0,0,0,0,0,0,0
0,0,0,0,0,0,0,0,0,0
0,0,0,0,0,0,0,0,0,0
0,0,0,0,0,0,0,0,0,0
0,0,0,0,0,0,0,0,0,0
0,0,0,0,0,0,0,0,0,0
0,0,0,0,0,0,0,0,0,0
0,0,0,0,0,0,0,0,0,0
0,0,0,0,0,0,0,0,0,0
0,0,0,0,0,0,0,0,0,0
0,0,0,0,0,0,0,0,0,0
0,0,0,0,0,0,0,0,0,0
0,0,0,0,0,0,0,0,0,0
0,0,0,0,0,0,0,0,0,0
0,0,0,0,0,0,0,0,0,0
0,0,0,0,0,0,0,0,0,0
0,0,0,0,0,0,0,0,0,0
0,0,0,0,0,0,0,0,0,0
0,0,0,0,0,0,0,0,0,0
0,0,0,0,0,0,0,0,0,0
0,0,0,0,0,0,0,0,0,0
0,0,0,0,0,0,0,0,0,0
0,0,0,0,0,0,0,0,0,0
0,0,0,0,0,0,0,0,0,0
0,0,0,0,0,0,0,0,0,0
0,0,0,0,0,0,0,0,0,0
0,0,0,0,0,0,0,0,0,0
0,0,0,0,0,0,0,0,0,0
0,0,0,0,0,0,0,0,0,0
0,0,0,0,0,0,0,0,0,0
0,0,0,0,0,0,0,0,0,0
0,0,0,0,0,0,0,0,0,0
0,0,0,0,0,0,0,0,0,0
0,0,0,0,0,0,0,0,0,0
0,0,0,0,0,0,0,0,0,0
0,0,0,0,0,0,0,0,0,0
0,0,0,0,0,0,0,0,0,0
0,0,0,0,0,0,0,0,0,0
0,0,0,0,0,0,0,0,0,0
0,0,0,0,0,0,0,0,0,0
0,0,0,0,0,0,0,0,0,0
0,0,0,0,0,0,0,0,0,0
0,0,0,0,0,0,0,0,0,0
0,0,0,0,0,0,0,0,0,0
0,0,0,0,0,0,0,0,0,0
0,0,0,0,0,0,0,0,0,0
0,0,0,0,0,0,0,0,0,0
0,0,0,0,0,0,0,0,0,0
0,0,0,0,0,0,0,0,0,0
0,0,0,0,0,0,0,0,0,0
0,0,0,0,0,0,0,0,0,0
0,0,0,0,0,0,0,0,0,0
0,0,0,0,0,0,0,0,0,0
0,0,0,0,0,0,0,0,0,0
0,0,0,0,0,0,0,0,0,0
0,0,0,0,0,0,0,0,0,0
0,0,0,0,0,0,0,0,0,0
0,0,0,0,0,0,0,0,0,0
0,0,0,0,0,0,0,0,0,0
0,0,0,0,0,0,0,0,0,0
0,0,0,0,0,0,0,0,0,0
0,0,0,0,0,0,0,0,0,0
0,0,0,0,0,0,0,0,0,0
0,0,0,0,0,0,0,0,0,0
0,0,0,0,0,0,0,0,0,0
0,0,0,0,0,0,0,0,0,0
0,0,0,0,0,0,0,0,0,0
0,0,0,0,0,0,0,0,0,0
0,0,0,0,0,0,0,0,0,0
0,0,0,0,0,0,0,0,0,0
0,0,0,0,0,0,0,0,0,0
0,0,0,0,0,0,0,0,0,0
0,0,0,0,0,0,0,0,0,0
0,0,0,0,0,0,0,0,0,0
0,0,0,0,0,0,0,0,0,0
0,0,0,0,0,0,0,0,0,0
0,0,0,0,0,0,0,0,0,0
0,0,0,0,0,0,0,0,0,0
0,0,0,0,0,0,0,0,0,0
0,0,0,0,0,0,0,0,0,0
0,0,0,0,0,0,0,0,0,0
0,0,0,0,0,0,0,0,0,0
0,0,0,0,0,0,0,0,0,0
0,0,0,0,0,0,0,0,0,0
0,0,0,0,0,0,0,0,0,0
0,0,0,0,0,0,0,0,0,0
0,0,0,0,0,0,0,0,0,0
0,0,0,0,0,0,0,0,0,0
0,0,0,0,0,0,0,0,0,0
0,0,0,0,0,0,0,0,0,0
0,0,0,0,0,0,0,0,0,0
0,0,0,0,0,0,0,0,0,0
0,0,0,0,0,0,0,0,0,0
0,0,0,0,0,0,0,0,0,0
0,0,0,0,0,0,0,0,0,0
0,0,0,0,0,0,0,0,0,0
0,0,0,0,0,0,0,0,0,0
0,0,0,0,0,0,0,0,0,0
0,0,0,0,0,0,0,0,0,0
0,0,0,0,0,0,0,0,0,0
0,0,0,0,0,0,0,0,0,0
0,0,0,0,0,0,0,0,0,0
0,0,0,0,0,0,0,0,0,0
0,0,0,0,0,0,0,0,0,0
0,0,0,0,0,0,0,0,0,0
0,0,0,0,0,0,0,0,0,0
0,0,0,0,0,0,0,0,0,0
0,0,0,0,0,0,0,0,0,0
0,0,0,0,0,0,0,0,0,0
0,0,0,0,0,0,0,0,0,0
0,0,0,0,0,0,0,0,0,0
0,0,0,0,0,0,0,0,0,0
0,0,0,0,0,0,0,0,0,0
0,0,0,0,0,0,0,0,0,0
0,0,0,0,0,0,0,0,0,0
0,0,0,0,0,0,0,0,0,0
0,0,0,0,0,0,0,0,0,0
0,0,0,0,0,0,0,0,0,0
0,0,0,0,0,0,0,0,0,0
0,0,0,0,0,0,0,0,0,0
0,0,0,0,0,0,0,0,0,0
0,0,0,0,0,0,0,0,0,0
0,0,0,0,0,0,0,0,0,0
0,0,0,0,0,0,0,0,0,0
0,0,0,0,0,0,0,0,0,0
0,0,0,0,0,0,0,0,0,0
0,0,0,0,0,0,0,0,0,0
0,0,0,0,0,0,0,0,0,0
0,0,0,0,0,0,0,0,0,0
0,0,0,0,0,0,0,0,0,0
0,0,0,0,0,0,0,0,0,0
0,0,0,0,0,0,0,0,0,0
0,0,0,0,0,0,0,0,0,0
0,0,0,0,0,0,0,0,0,0
0,0,0,0,0,0,0,0,0,0
0,0,0,0,0,0,0,0,0,0
0,0,0,0,0,0,0,0,0,0
0,0,0,0,0,0,0,0,0,0
0,0,0,0,0,0,0,0,0,0
0,0,0,0,0,0,0,0,0,0
0,0,0,0,0,0,0,0,0,0
0,0,0,0,0,0,0,0,0,0
0,0,0,0,0,0,0,0,0,0
0,0,0,0,0,0,0,0,0,0
0,0,0,0,0,0,0,0,0,0
0,0,0,0,0,0,0,0,0,0
0,0,0,0,0,0,0,0,0,0
0,0,0,0,0,0,0,0,0,0
0,0,0,0,0,0,0,0,0,0
0,0,0,0,0,0,0,0,0,0
0,0,0,0,0,0,0,0,0,0
0,0,0,0,0,0,0,0,0,0
0,0,0,0,0,0,0,0,0,0
0,0,0,0,0,0,0,0,0,0
0,0,0,0,0,0,0,0,0,0
0,0,0,0,0,0,0,0,0,0
0,0,0,0,0,0,0,0,0,0
0,0,0,0,0,0,0,0,0,0
0,0,0,0,0,0,0,0,0,0
0,0,0,0,0,0,0,0,0,0
0,0,0,0,0,0,0,0,0,0
0,0,0,0,0,0,0,0,0,0
0,0,0,0,0,0,0,0,0,0
0,0,0,0,0,0,0,0,0,0
0,0,0,0,0,0,0,0,0,0
0,0,0,0,0,0,0,0,0,0
0,0,0,0,0,0,0,0,0,0
0,0,0,0,0,0,0,0,0,0
0,0,0,0,0,0,0,0,0,0
0,0,0,0,0,0,0,0,0,0
0,0,0,0,0,0,0,0,0,0
0,0,0,0,0,0,0,0,0,0
0,0,0,0,0,0,0,0,0,0
0,0,0,0,0,0,0,0,0,0
0,0,0,0,0,0,0,0,0,0
0,0,0,0,0,0,0,0,0,0
0,0,0,0,0,0,0,0,0,0
0,0,0,0,0,0,0,0,0,0
0,0,0,0,0,0,0,0,0,0
0,0,0,0,0,0,0,0,0,0
0,0,0,0,0,0,0,0,0,0
0,0,0,0,0,0,0,0,0,0
0,0,0,0,0,0,0,0,0,0
0,0,0,0,0,0,0,0,0,0
0,0,0,0,0,0,0,0,0,0
0,0,0,0,0,0,0,0,0,0
0,0,0,0,0,0,0,0,0,0
0,0,0,0,0,0,0,0,0,0
0,0,0,0,0,0,0,0,0,0
0,0,0,0,0,0,0,0,0,0
0,0,0,0,0,0,0,0,0,0
0,0,0,0,0,0,0,0,0,0
0,0,0,0,0,0,0,0,0,0
0,0,0,0,0,0,0,0,0,0
0,0,0,0,0,0,0,0,0,0
0,0,0,0,0,0,0,0,0,0
0,0,0,0,0,0,0,0,0,0
0,0,0,0,0,0,0,0,0,0
0,0,0,0,0,0,0,0,0,0
0,0,0,0,0,0,0,0,0,0
0,0,0,0,0,0,0,0,0,0
0,0,0,0,0,0,0,0,0,0
0,0,0,0,0,0,0,0,0,0
0,0,0,0,0,0,0,0,0,0
0,0,0,0,0,0,0,0,0,0
0,0,0,0,0,0,0,0,0,0
0,0,0,0,0,0,0,0,0,0
0,0,0,0,0,0,0,0,0,0
0,0,0,0,0,0,0,0,0,0
0,0,0,0,0,0,0,0,0,0
0,0,0,0,0,0,0,0,0,0
0,0,0,0,0,0,0,0,0,0
0,0,0,0,0,0,0,0,0,0
0,0,0,0,0,0,0,0,0,0
0,0,0,0,0,0,0,0,0,0
0,0,0,0,0,0,0,0,0,0
0,0,0,0,0,0,0,0,0,0
0,0,0,0,0,0,0,0,0,0
0,0,0,0,0,0,0,0,0,0
0,0,0,0,0,0,0,0,0,0
0,0,0,0,0,0,0,0,0,0
0,0,0,0,0,0,0,0,0,0
0,0,0,0,0,0,0,0,0,0
0,0,0,0,0,0,0,0,0,0
0,0,0,0,0,0,0,0,0,0
0,0,0,0,0,0,0,0,0,0
0,0,0,0,0,0,0,0,0,0
0,0,0,0,0,0,0,0,0,0
0,0,0,0,0,0,0,0,0,0
0,0,0,0,0,0,0,0,0,0
0,0,0,0,0,0,0,0,0,0
0,0,0,0,0,0,0,0,0,0
0,0,0,0,0,0,0,0,0,0
0,0,0,0,0,0,0,0,0,0
0,0,0,0,0,0,0,0,0,0
0,0,0,0,0,0,0,0,0,0
0,0,0,0,0,0,0,0,0,0
0,0,0,0,0,0,0,0,0,0
0,0,0,0,0,0,0,0,0,0
0,0,0,0,0,0,0,0,0,0
0,0,0,0,0,0,0,0,0,0
0,0,0,0,0,0,0,0,0,0
0,0,0,0,0,0,0,0,0,0
0,0,0,0,0,0,0,0,0,0
0,0,0,0,0,0,0,0,0,0
0,0,0,0,0,0,0,0,0,0
0,0,0,0,0,0,0,0,0,0
0,0,0,0,0,0,0,0,0,0
0,0,0,0,0,0,0,0,0,0
0,0,0,0,0,0,0,0,0,0
0,0,0,0,0,0,0,0,0,0
0,0,0,0,0,0,0,0,0,0
0,0,0,0,0,0,0,0,0,0
0,0,0,0,0,0,0,0,0,0
0,0,0,0,0,0,0,0,0,0
0,0,0,0,0,0,0,0,0,0
0,0,0,0,0,0,0,0,0,0
0,0,0,0,0,0,0,0,0,0
0,0,0,0,0,0,0,0,0,0
0,0,0,0,0,0,0,0,0,0
0,0,0,0,0,0,0,0,0,0
0,0,0,0,0,0,0,0,0,0
0,0,0,0,0,0,0,0,0,0
0,0,0,0,0,0,0,0,0,0
0,0,0,0,0,0,0,0,0,0
0,0,0,0,0,0,0,0,0,0
0,0,0,0,0,0,0,0,0,0
0,0,0,0,0,0,0,0,0,0
0,0,0,0,0,0,0,0,0,0
0,0,0,0,0,0,0,0,0,0
0,0,0,0,0,0,0,0,0,0
0,0,0,0,0,0,0,0,0,0
0,0,0,0,0,0,0,0,0,0
0,0,0,0,0,0,0,0,0,0
0,0,0,0,0,0,0,0,0,0
0,0,0,0,0,0,0,0,0,0
0,0,0,0,0,0,0,0,0,0
0,0,0,0,0,0,0,0,0,0
0,0,0,0,0,0,0,0,0,0
0,0,0,0,0,0,0,0,0,0
0,0,0,0,0,0,0,0,0,0
0,0,0,0,0,0,0,0,0,0
0,0,0,0,0,0,0,0,0,0
0,0,0,0,0,0,0,0,0,0
0,0,0,0,0,0,0,0,0,0
0,0,0,0,0,0,0,0,0,0
0,0,0,0,0,0,0,0,0,0
0,0,0,0,0,0,0,0,0,0
0,0,0,0,0,0,0,0,0,0
0,0,0,0,0,0,0,0,0,0
0,0,0,0,0,0,0,0,0,0
0,0,0,0,0,0,0,0,0,0
0,0,0,0,0,0,0,0,0,0
0,0,0,0,0,0,0,0,0,0
0,0,0,0,0,0,0,0,0,0
0,0,0,0,0,0,0,0,0,0
0,0,0,0,0,0,0,0,0,0
0,0,0,0,0,0,0,0,0,0
0,0,0,0,0,0,0,0,0,0
0,0,0,0,0,0,0,0,0,0
0,0,0,0,0,0,0,0,0,0
0,0,0,0,0,0,0,0,0,0
0,0,0,0,0,0,0,0,0,0
0,0,0,0,0,0,0,0,0,0
0,0,0,0,0,0,0,0,0,0
0,0,0,0,0,0,0,0,0,0
0,0,0,0,0,0,0,0,0,0
0,0,0,0,0,0,0,0,0,0
0,0,0,0,0,0,0,0,0,0
0,0,0,0,0,0,0,0,0,0
0,0,0,0,0,0,0,0,0,0
0,0,0,0,0,0,0,0,0,0
0,0,0,0,0,0,0,0,0,0
0,0,0,0,0,0,0,0,0,0
0,0,0,0,0,0,0,0,0,0
0,0,0,0,0,0,0,0,0,0
0,0,0,0,0,0,0,0,0,0
0,0,0,0,0,0,0,0,0,0
0,0,0,0,0,0,0,0,0,0
0,0,0,0,0,0,0,0,0,0
0,0,0,0,0,0,0,0,0,0
0,0,0,0,0,0,0,0,0,0
0,0,0,0,0,0,0,0,0,0
0,0,0,0,0,0,0,0,0,0
0,0,0,0,0,0,0,0,0,0
0,0,0,0,0,0,0,0,0,0
0,0,0,0,0,0,0,0,0,0
0,0,0,0,0,0,0,0,0,0
0,0,0,0,0,0,0,0,0,0
0,0,0,0,0,0,0,0,0,0
0,0,0,0,0,0,0,0,0,0
0,0,0,0,0,0,0,0,0,0
0,0,0,0,0,0,0,0,0,0
0,0,0,0,0,0,0,0,0,0
0,0,0,0,0,0,0,0,0,0
0,0,0,0,0,0,0,0,0,0
0,0,0,0,0,0,0,0,0,0
0,0,0,0,0,0,0,0,0,0
0,0,0,0,0,0,0,0,0,0
0,0,0,0,0,0,0,0,0,0
0,0,0,0,0,0,0,0,0,0
0,0,0,0,0,0,0,0,0,0
0,0,0,0,0,0,0,0,0,0
0,0,0,0,0,0,0,0,0,0
0,0,0,0,0,0,0,0,0,0
0,0,0,0,0,0,0,0,0,0
0,0,0,0,0,0,0,0,0,0
0,0,0,0,0,0,0,0,0,0
0,0,0,0,0,0,0,0,0,0
0,0,0,0,0,0,0,0,0,0
0,0,0,0,0,0,0,0,0,0
0,0,0,0,0,0,0,0,0,0
0,0,0,0,0,0,0,0,0,0
0,0,0,0,0,0,0,0,0,0
0,0,0,0,0,0,0,0,0,0
0,0,0,0,0,0,0,0,0,0
0,0,0,0,0,0,0,0,0,0
0,0,0,0,0,0,0,0,0,0
0,0,0,0,0,0,0,0,0,0
0,0,0,0,0,0,0,0,0,0
0,0,0,0,0,0,0,0,0,0
0,0,0,0,0,0,0,0,0,0
0,0,0,0,0,0,0,0,0,0
0,0,0,0,0,0,0,0,0,0
0,0,0,0,0,0,0,0,0,0
0,0,0,0,0,0,0,0,0,0
0,0,0,0,0,0,0,0,0,0
0,0,0,0,0,0,0,0,0,0
0,0,0,0,0,0,0,0,0,0
0,0,0,0,0,0,0,0,0,0
0,0,0,0,0,0,0,0,0,0
0,0,0,0,0,0,0,0,0,0
0,0,0,0,0,0,0,0,0,0
0,0,0,0,0,0,0,0,0,0
0,0,0,0,0,0,0,0,0,0
0,0,0,0,0,0,0,0,0,0
0,0,0,0,0,0,0,0,0,0
0,0,0,0,0,0,0,0,0,0
0,0,0,0,0,0,0,0,0,0
0,0,0,0,0,0,0,0,0,0
0,0,0,0,0,0,0,0,0,0
0,0,0,0,0,0,0,0,0,0
0,0,0,0,0,0,0,0,0,0
0,0,0,0,0,0,0,0,0,0
0,0,0,0,0,0,0,0,0,0
0,0,0,0,0,0,0,0,0,0
0,0,0,0,0,0,0,0,0,0
0,0,0,0,0,0,0,0,0,0
0,0,0,0,0,0,0,0,0,0
0,0,0,0,0,0,0,0,0,0
0,0,0,0,0,0,0,0,0,0
0,0,0,0,0,0,0,0,0,0
0,0,0,0,0,0,0,0,0,0
0,0,0,0,0,0,0,0,0,0
0,0,0,0,0,0,0,0,0,0
0,0,0,0,0,0,0,0,0,0
0,0,0,0,0,0,0,0,0,0
0,0,0,0,0,0,0,0,0,0
0,0,0,0,0,0,0,0,0,0
0,0,0,0,0,0,0,0,0,0
0,0,0,0,0,0,0,0,0,0
0,0,0,0,0,0,0,0,0,0
0,0,0,0,0,0,0,0,0,0
0,0,0,0,0,0,0,0,0,0
0,0,0,0,0,0,0,0,0,0
0,0,0,0,0,0,0,0,0,0
0,0,0,0,0,0,0,0,0,0
0,0,0,0,0,0,0,0,0,0
0,0,0,0,0,0,0,0,0,0
0,0,0,0,0,0,0,0,0,0
0,0,0,0,0,0,0,0,0,0
0,0,0,0,0,0,0,0,0,0
0,0,0,0,0,0,0,0,0,0
0,0,0,0,0,0,0,0,0,0
0,0,0,0,0,0,0,0,0,0
0,0,0,0,0,0,0,0,0,0
0,0,0,0,0,0,0,0,0,0
0,0,0,0,0,0,0,0,0,0
0,0,0,0,0,0,0,0,0,0
0,0,0,0,0,0,0,0,0,0
0,0,0,0,0,0,0,0,0,0
0,0,0,0,0,0,0,0,0,0
0,0,0,0,0,0,0,0,0,0
0,0,0,0,0,0,0,0,0,0
0,0,0,0,0,0,0,0,0,0
0,0,0,0,0,0,0,0,0,0
0,0,0,0,0,0,0,0,0,0
0,0,0,0,0,0,0,0,0,0
0,0,0,0,0,0,0,0,0,0
0,0,0,0,0,0,0,0,0,0
0,0,0,0,0,0,0,0,0,0
0,0,0,0,0,0,0,0,0,0
0,0,0,0,0,0,0,0,0,0
0,0,0,0,0,0,0,0,0,0
0,0,0,0,0,0,0,0,0,0
0,0,0,0,0,0,0,0,0,0
0,0,0,0,0,0,0,0,0,0
0,0,0,0,0,0,0,0,0,0
0,0,0,0,0,0,0,0,0,0
0,0,0,0,0,0,0,0,0,0
0,0,0,0,0,0,0,0,0,0
0,0,0,0,0,0,0,0,0,0
0,0,0,0,0,0,0,0,0,0
0,0,0,0,0,0,0,0,0,0
0,0,0,0,0,0,0,0,0,0
0,0,0,0,0,0,0,0,0,0
0,0,0,0,0,0,0,0,0,0
0,0,0,0,0,0,0,0,0,0
0,0,0,0,0,0,0,0,0,0
0,0,0,0,0,0,0,0,0,0
0,0,0,0,0,0,0,0,0,0
0,0,0,0,0,0,0,0,0,0
0,0,0,0,0,0,0,0,0,0
0,0,0,0,0,0,0,0,0,0
0,0,0,0,0,0,0,0,0,0
0,0,0,0,0,0,0,0,0,0
0,0,0,0,0,0,0,0,0,0
0,0,0,0,0,0,0,0,0,0
0,0,0,0,0,0,0,0,0,0
0,0,0,0,0,0,0,0,0,0
0,0,0,0,0,0,0,0,0,0
0,0,0,0,0,0,0,0,0,0
0,0,0,0,0,0,0,0,0,0
0,0,0,0,0,0,0,0,0,0
