t,true_label,pred_label
0,0,0
1,0,0
2,0,0
3,0,0
4,0,0
5,0,0
6,0,0
7,0,0
8,0,0
9,0,0
10,0,0
11,0,0
12,0,0
13,0,0
14,0,0
15,0,0
16,0,0
17,0,0
18,0,0
19,0,0
20,0,0
21,0,0
22,0,0
23,0,0
24,0,0
25,0,0
26,0,0
27,0,0
28,0,0
29,0,0
30,0,0
31,0,0
32,0,0
33,0,0
34,0,0
35,0,0
36,0,0
37,0,0
38,0,0
39,0,0
40,0,0
41,0,0
42,0,0
43,0,0
44,0,0
45,0,0
46,0,0
47,0,0
48,0,0
49,0,0
50,0,0
51,0,0
52,0,0
53,0,0
54,0,0
55,0,0
56,0,0
57,0,0
58,0,0
59,0,0
60,0,0
61,0,0
62,0,0
63,0,0
64,0,0
65,0,0
66,0,0
67,0,0
68,0,0
69,0,0
70,0,0
71,0,0
72,0,0
73,0,0
74,0,0
75,0,0
76,0,0
77,0,0
78,0,0
79,0,0
80,0,0
81,0,0
82,0,0
83,0,0
84,0,0
85,0,0
86,0,0
87,0,0
88,0,0
89,0,0
90,0,0
91,0,0
92,0,0
93,0,0
94,0,0
95,0,0
96,0,0
97,0,0
98,0,0
99,0,0
100,0,0
101,0,0
102,0,0
103,0,0
104,0,0
105,0,0
106,0,0
107,0,0
108,0,0
109,0,0
110,0,0
111,0,0
112,0,0
113,0,0
114,0,0
115,0,0
116,0,0
117,0,0
118,0,0
119,0,0
120,0,0
121,0,0
122,0,0
123,0,0
124,0,0
125,0,0
126,0,0
127,0,0
128,0,0
129,0,0
130,0,0
131,0,0
132,0,0
133,0,0
134,0,0
135,0,0
136,0,0
137,0,0
138,0,0
139,0,0
140,0,0
141,0,0
142,0,0
143,0,0
144,0,0
145,0,0
146,0,0
147,0,0
148,0,0
149,0,0
150,0,0
151,0,0
152,0,0
153,0,0
154,0,0
155,0,0
156,0,0
157,0,0
158,0,0
159,0,0
160,0,0
161,0,0
162,0,0
163,0,0
164,0,0
165,0,0
166,0,0
167,0,0
168,0,0
169,0,0
170,0,0
171,0,0
172,0,0
173,0,0
174,0,0
175,0,0
176,0,0
177,0,0
178,0,0
179,0,0
180,0,0
181,0,0
182,0,0
183,0,0
184,0,0
185,0,0
186,0,0
187,0,0
188,0,0
189,0,0
190,0,0
191,0,0
192,0,0
193,0,0
194,0,0
195,0,0
196,0,0
197,0,0
198,0,0
199,0,0
200,0,0
201,0,0
202,0,0
203,0,0
204,0,0
205,0,0
206,0,0
207,0,0
208,0,0
209,0,0
210,0,0
211,0,0
212,0,0
213,0,0
214,0,0
215,0,0
216,0,0
217,0,0
218,0,0
219,0,0
220,0,0
221,0,0
222,0,0
223,0,0
224,0,0
225,0,0
226,0,0
227,0,0
228,0,0
229,0,0
230,0,0
231,0,0
232,0,0
233,0,0
234,0,0
235,0,0
236,0,0
237,0,0
238,0,0
239,0,0
240,0,0
241,0,0
242,0,0
243,0,0
244,0,0
245,0,0
246,0,0
247,0,0
248,0,0
249,0,0
250,0,0
251,0,0
252,0,0
253,0,0
254,0,0
255,0,0
256,0,0
257,0,0
258,0,0
259,0,0
260,0,0
261,0,0
262,0,0
263,0,0
264,0,0
265,0,0
266,0,0
267,0,0
268,0,0
269,0,0
270,0,0
271,0,0
272,0,0
273,0,0
274,0,0
275,0,0
276,0,0
277,0,0
278,0,0
279,0,0
280,0,0
281,0,0
282,0,0
283,0,0
284,0,0
285,0,0
286,0,0
287,0,0
288,0,0
289,0,0
290,0,0
291,0,0
292,0,0
293,0,0
294,0,0
295,0,0
296,0,0
297,0,0
298,0,0
299,0,0
300,0,0
301,0,0
302,0,0
303,0,0
304,0,0
305,0,0
306,0,0
307,0,0
308,0,0
309,0,0
310,0,0
311,0,0
312,0,0
313,0,0
314,0,0
315,0,0
316,0,0
317,0,0
318,0,0
319,0,0
320,0,0
321,0,0
322,0,0
323,0,0
324,0,0
325,0,0
326,0,0
327,0,0
328,0,0
329,0,0
330,0,0
331,0,0
332,0,0
333,0,0
334,0,0
335,0,0
336,0,0
337,0,0
338,0,0
339,0,0
340,0,0
341,0,0
342,0,0
343,0,0
344,0,0
345,0,0
346,0,0
347,0,0
348,0,0
349,0,0
350,0,0
351,0,0
352,0,0
353,0,0
354,0,0
355,0,0
356,0,0
357,0,0
358,0,0
359,0,0
360,0,0
361,0,0
362,0,0
363,0,0
364,0,0
365,0,0
366,0,0
367,0,0
368,0,0
369,0,0
370,0,0
371,0,0
372,0,0
373,0,0
374,0,0
375,0,0
376,0,0
377,0,0
378,0,0
379,0,0
380,0,0
381,0,0
382,0,0
383,0,0
384,0,0
385,0,0
386,0,0
387,0,0
388,0,0
389,0,0
390,0,0
391,0,0
392,0,0
393,0,0
394,0,0
395,0,0
396,0,0
397,0,0
398,0,0
399,0,0
400,0,0
401,0,0
402,0,0
403,0,0
404,0,0
405,0,0
406,0,0
407,0,0
408,0,0
409,0,0
410,0,0
411,0,0
412,0,0
413,0,0
414,0,0
415,0,0
416,0,0
417,0,0
418,0,0
419,0,0
420,0,0
421,0,0
422,0,0
423,0,0
424,0,0
425,0,0
426,0,0
427,0,0
428,0,0
429,0,0
430,0,0
431,0,0
432,0,0
433,0,0
434,0,0
435,0,0
436,0,0
437,0,0
438,0,0
439,0,0
440,0,0
441,0,0
442,0,0
443,0,0
444,0,0
445,0,0
446,0,0
447,0,0
448,0,0
449,0,0
450,0,0
451,0,0
452,0,0
453,0,0
454,0,0
455,0,0
456,0,0
457,0,0
458,0,0
459,0,0
460,0,0
461,0,0
462,0,0
463,0,0
464,0,0
465,0,0
466,0,0
467,0,0
468,0,0
469,0,0
470,0,0
471,0,0
472,0,0
473,0,0
474,0,0
475,0,0
476,0,0
477,0,0
478,0,0
479,0,0
480,0,0
481,0,0
482,0,0
483,0,0
484,0,0
485,0,0
486,0,0
487,0,0
488,0,0
489,0,0
490,0,0
491,0,0
492,0,0
493,0,0
494,0,0
495,0,0
496,0,0
497,0,0
498,0,0
499,0,0
500,0,0
501,0,0
502,0,0
503,0,0
504,0,0
505,0,0
506,0,0
507,0,0
508,0,0
509,0,0
510,0,0
511,0,0
512,0,0
513,0,0
514,0,0
515,0,0
516,0,0
517,0,0
518,0,0
519,0,0
520,0,0
521,0,0
522,0,0
523,0,0
524,0,0
525,0,0
526,0,0
527,0,0
528,0,0
529,0,0
530,0,0
531,0,0
532,0,0
533,0,0
534,0,0
535,0,0
536,0,0
537,0,0
538,0,0
539,0,0
540,0,0
541,0,0
542,0,0
543,0,0
544,0,0
545,0,0
546,0,0
547,0,0
548,0,0
549,0,0
550,0,0
551,0,0
552,0,0
553,0,0
554,0,0
555,0,0
556,0,0
557,0,0
558,0,0
559,0,0
560,0,0
561,0,0
562,0,0
563,0,0
564,0,0
565,0,0
566,0,0
567,0,0
568,0,0
569,0,0
570,0,0
571,0,0
572,0,0
573,0,0
574,0,0
575,0,0
576,0,0
577,0,0
578,0,0
579,0,0
580,0,0
581,0,0
582,0,0
583,0,0
584,0,0
585,0,0
586,0,0
587,0,0
588,0,0
589,0,0
590,0,0
591,0,0
592,0,0
593,0,0
594,0,0
595,0,0
596,0,0
597,0,0
598,0,0
599,0,0
600,0,0
601,0,0
602,0,0
603,0,0
604,0,0
605,0,0
606,0,0
607,0,0
608,0,0
609,0,0
610,0,0
611,0,0
612,0,0
613,0,0
614,0,0
615,0,0
616,0,0
617,0,0
618,0,0
619,0,0
620,0,0
621,0,0
622,0,0
623,0,0
624,0,0
625,0,0
626,0,0
627,0,0
628,0,0
629,0,0
630,0,0
631,0,0
632,0,0
633,0,0
634,0,0
635,0,0
636,0,0
637,0,0
638,0,0
639,0,0
640,0,0
641,0,0
642,0,0
643,0,0
644,0,0
645,0,0
646,0,0
647,0,0
648,0,0
649,0,0
650,0,0
651,0,0
652,0,0
653,0,0
654,0,0
655,0,0
656,0,0
657,0,0
658,0,0
659,0,0
660,0,0
661,0,0
662,0,0
663,0,0
664,0,0
665,0,0
666,0,0
667,0,0
668,0,0
669,0,0
670,0,0
671,0,0
672,0,0
673,0,0
674,0,0
675,0,0
676,0,0
677,0,0
678,0,0
679,0,0
680,0,0
681,0,0
682,0,0
683,0,0
684,0,0
685,0,0
686,0,0
687,0,0
688,0,0
689,0,0
690,0,0
691,0,0
692,0,0
693,0,0
694,0,0
695,0,0
696,0,0
697,0,0
698,0,0
699,0,0
700,0,0
701,0,0
702,0,0
703,0,0
704,0,0
705,0,0
706,0,0
707,0,0
708,0,0
709,0,0
710,0,0
711,0,0
712,0,0
713,0,0
714,0,0
715,0,0
716,0,0
717,0,0
718,0,0
719,0,0
720,0,0
721,0,0
722,0,0
723,0,0
724,0,0
725,0,0
726,0,0
727,0,0
728,0,0
729,0,0
730,0,0
731,0,0
732,0,0
733,0,0
734,0,0
735,0,0
736,0,0
737,0,0
738,0,0
739,0,0
740,0,0
741,0,0
742,0,0
743,0,0
744,0,0
745,0,0
746,0,0
747,0,0
748,0,0
749,0,0
750,0,0
751,0,0
752,0,0
753,0,0
754,0,0
755,0,0
756,0,0
757,0,0
758,0,0
759,0,0
760,0,0
761,0,0
762,0,0
763,0,0
764,0,0
765,0,0
766,0,0
767,0,0
768,0,0
769,0,0
770,0,0
771,0,0
772,0,0
773,0,0
774,0,0
775,0,0
776,0,0
777,0,0
778,0,0
779,0,0
780,0,0
781,0,0
782,0,0
783,0,0
784,0,0
785,0,0
786,0,0
787,0,0
788,0,0
789,0,0
790,0,0
791,0,0
792,0,0
793,0,0
794,0,0
795,0,0
796,0,0
797,0,0
798,0,0
799,0,0
800,0,0
801,0,0
802,0,0
803,0,0
804,0,0
805,0,0
806,0,0
807,0,0
808,0,0
809,0,0
810,0,0
811,0,0
812,0,0
813,0,0
814,0,0
815,0,0
816,0,0
817,0,0
818,0,0
819,0,0
820,0,0
821,0,0
822,0,0
823,0,0
824,0,0
825,0,0
826,0,0
827,0,0
828,0,0
829,0,0
830,0,0
831,0,0
832,0,0
833,0,0
834,0,0
835,0,0
836,0,0
837,0,0
838,0,0
839,0,0
840,0,0
841,0,0
842,0,0
843,0,0
844,0,0
845,0,0
846,0,0
847,0,0
848,0,0
849,0,0
850,0,0
851,0,0
852,0,0
853,0,0
854,0,0
855,0,0
856,0,0
857,0,0
858,0,0
859,0,0
860,0,0
861,0,0
862,0,0
863,0,0
864,0,0
865,0,0
866,0,0
867,0,0
868,0,0
869,0,0
870,0,0
871,0,0
872,0,0
873,0,0
874,0,0
875,0,0
876,0,0
877,0,0
878,0,0
879,0,0
880,0,0
881,0,0
882,0,0
883,0,0
884,0,0
885,0,0
886,0,0
887,0,0
888,0,0
889,0,0
890,0,0
891,0,0
892,0,0
893,0,0
894,0,0
895,0,0
896,0,0
897,0,0
898,0,0
899,0,0
900,0,0
901,0,0
902,0,0
903,0,0
904,0,0
905,0,0
906,0,0
907,0,0
908,0,0
909,0,0
910,0,0
911,0,0
912,0,0
913,0,0
914,0,0
915,0,0
916,0,0
917,0,0
918,0,0
919,0,0
920,0,0
921,0,0
922,0,0
923,0,0
924,0,0
925,0,0
926,0,0
927,0,0
928,0,0
929,0,0
930,0,0
931,0,0
932,0,0
933,0,0
934,0,0
935,0,0
936,0,0
937,0,0
938,0,0
939,0,0
940,0,0
941,0,0
942,0,0
943,0,0
944,0,0
945,0,0
946,0,0
947,0,0
948,0,0
949,0,0
950,0,0
951,0,0
952,0,0
953,0,0
954,0,0
955,0,0
956,0,0
957,0,0
958,0,0
959,0,0
960,0,0
961,0,0
962,0,0
963,0,0
964,0,0
965,0,0
966,0,0
967,0,0
968,0,0
969,0,0
970,0,0
971,0,0
972,0,0
973,0,0
974,0,0
975,0,0
976,0,0
977,0,0
978,0,0
979,0,0
980,0,0
981,0,0
982,0,0
983,0,0
984,0,0
985,0,0
986,0,0
987,0,0
988,0,0
989,0,0
990,0,0
991,0,0
992,0,0
993,0,0
994,0,0
995,0,0
996,0,0
997,0,0
998,0,0
999,0,0
1000,0,0
1001,0,0
1002,0,0
1003,0,0
1004,0,0
1005,0,0
1006,0,0
1007,0,0
1008,0,0
1009,0,0
1010,0,0
1011,0,0
1012,0,0
1013,0,0
1014,0,0
1015,0,0
1016,0,0
1017,0,0
1018,0,0
1019,0,0
1020,0,0
1021,0,0
1022,0,0
1023,0,0
1024,0,0
1025,0,0
1026,0,0
1027,0,0
1028,0,0
1029,0,0
1030,0,0
1031,0,0
1032,0,0
1033,0,0
1034,0,0
1035,0,0
1036,0,0
1037,0,0
1038,0,0
1039,0,0
1040,0,0
1041,0,0
1042,0,0
1043,0,0
1044,0,0
1045,0,0
1046,0,0
1047,0,0
1048,0,0
1049,0,0
1050,0,0
1051,0,0
1052,0,0
1053,0,0
1054,0,0
1055,0,0
1056,0,0
1057,0,0
1058,0,0
1059,0,0
1060,0,0
1061,0,0
1062,0,0
1063,0,0
1064,0,0
1065,0,0
1066,0,0
1067,0,0
1068,0,0
1069,0,0
1070,0,0
1071,0,0
1072,0,0
1073,0,0
1074,0,0
1075,0,0
1076,0,0
1077,0,0
1078,0,0
1079,0,0
1080,0,0
1081,0,0
1082,0,0
1083,0,0
1084,0,0
1085,0,0
1086,0,0
1087,0,0
1088,0,0
1089,0,0
1090,0,0
1091,0,0
1092,0,0
1093,0,0
1094,0,0
1095,0,0
1096,0,0
1097,0,0
1098,0,0
1099,0,0
1100,0,0
1101,0,0
1102,0,0
1103,0,0
1104,0,0
1105,0,0
1106,0,0
1107,0,0
1108,0,0
1109,0,0
1110,0,0
1111,0,0
1112,0,0
1113,0,0
1114,0,0
1115,0,0
1116,0,0
1117,0,0
1118,0,0
1119,0,0
1120,0,0
1121,0,0
1122,0,0
1123,0,0
1124,0,0
1125,0,0
1126,0,0
1127,0,0
1128,0,0
1129,0,0
1130,0,0
1131,0,0
1132,0,0
1133,0,0
1134,0,0
1135,0,0
1136,0,0
1137,0,0
1138,0,0
1139,0,0
1140,0,0
1141,0,0
1142,0,0
1143,0,0
1144,0,0
1145,0,0
1146,0,0
1147,0,0
1148,0,0
1149,0,0
1150,0,0
1151,0,0
1152,0,0
1153,0,0
1154,0,0
1155,0,0
1156,0,0
1157,0,0
1158,0,0
1159,0,0
1160,0,0
1161,0,0
1162,0,0
1163,0,0
1164,0,0
1165,0,0
1166,0,0
1167,0,0
1168,0,0
1169,0,0
1170,0,0
1171,0,0
1172,0,0
1173,0,0
1174,0,0
1175,0,0
1176,0,0
1177,0,0
1178,0,0
1179,0,0
1180,0,0
1181,0,0
1182,0,0
1183,0,0
1184,0,0
1185,0,0
1186,0,0
1187,0,0
1188,0,0
1189,0,0
1190,0,0
1191,0,0
1192,0,0
1193,0,0
1194,0,0
1195,0,0
1196,0,0
1197,0,0
1198,0,0
1199,0,0
1200,0,0
1201,0,0
1202,0,0
1203,0,0
1204,0,0
1205,0,0
1206,0,0
1207,0,0
1208,0,0
1209,0,0
1210,0,0
1211,0,0
1212,0,0
1213,0,0
1214,0,0
1215,0,0
1216,0,0
1217,0,0
1218,0,0
1219,0,0
1220,0,0
1221,0,0
1222,0,0
1223,0,0
1224,0,0
1225,0,0
1226,0,0
1227,0,0
1228,0,0
1229,0,0
1230,0,0
1231,0,0
1232,0,0
1233,0,0
1234,0,0
1235,0,0
1236,0,0
1237,0,0
1238,0,0
1239,0,0
1240,0,0
1241,0,0
1242,0,0
1243,0,0
1244,0,0
1245,0,0
1246,0,0
1247,0,0
1248,0,0
1249,0,0
1250,0,0
1251,0,0
1252,0,0
1253,0,0
1254,0,0
1255,0,0
1256,0,0
1257,0,0
1258,0,0
1259,0,0
1260,0,0
1261,0,0
1262,0,0
1263,0,0
1264,0,0
1265,0,0
1266,0,0
1267,0,0
1268,0,0
1269,0,0
1270,0,0
1271,0,0
1272,0,0
1273,0,0
1274,0,0
1275,0,0
1276,0,0
1277,0,0
1278,0,0
1279,0,0
1280,0,0
1281,0,0
1282,0,0
1283,0,0
1284,0,0
1285,0,0
1286,0,0
1287,0,0
1288,0,0
1289,0,0
1290,0,0
1291,0,0
1292,0,0
1293,0,0
1294,0,0
1295,0,0
1296,0,0
1297,0,0
1298,0,0
1299,0,0
1300,0,0
1301,0,0
1302,0,0
1303,0,0
1304,0,0
1305,0,0
1306,0,0
1307,0,0
1308,0,0
1309,0,0
1310,0,0
1311,0,0
1312,0,0
1313,0,0
1314,0,0
1315,0,0
1316,0,0
1317,0,0
1318,0,0
1319,0,0
1320,0,0
1321,0,0
1322,0,0
1323,0,0
1324,0,0
1325,0,0
1326,0,0
1327,0,0
1328,0,0
1329,0,0
1330,0,0
1331,0,0
1332,0,0
1333,0,0
1334,0,0
1335,0,0
1336,0,0
1337,0,0
1338,0,0
1339,0,0
1340,0,0
1341,0,0
1342,0,0
1343,0,0
1344,0,0
1345,0,0
1346,0,0
1347,0,0
1348,0,0
1349,0,0
1350,0,0
1351,0,0
1352,0,0
1353,0,0
1354,0,0
1355,0,0
1356,0,0
1357,0,0
1358,0,0
1359,0,0
1360,0,0
1361,0,0
1362,0,0
1363,0,0
1364,0,0
1365,0,0
1366,0,1
1367,0,1
1368,0,1
1369,0,1
1370,0,1
1371,0,1
1372,0,1
1373,0,1
1374,0,1
1375,0,1
1376,0,1
1377,0,1
1378,0,1
1379,0,1
1380,0,1
1381,0,1
1382,0,1
1383,0,1
1384,0,1
1385,0,1
1386,0,1
1387,0,1
1388,0,1
1389,0,1
1390,0,1
1391,0,1
1392,1,1
1393,1,1
1394,1,1
1395,1,1
1396,1,1
1397,1,1
1398,1,1
1399,1,1
1400,1,1
1401,1,1
1402,1,1
1403,1,1
1404,1,1
1405,1,1
1406,1,1
1407,1,1
1408,1,1
1409,1,1
1410,1,1
1411,1,1
1412,1,1
1413,1,1
1414,1,1
1415,1,1
1416,1,1
1417,1,1
1418,1,1
1419,1,1
1420,1,1
1421,1,1
1422,1,1
1423,1,1
1424,1,1
1425,1,1
1426,1,1
1427,1,1
1428,1,1
1429,1,1
1430,1,1
1431,1,1
1432,1,1
1433,1,1
1434,1,1
1435,1,1
1436,1,1
1437,1,1
1438,1,1
1439,1,1
1440,1,1
1441,1,1
1442,1,1
1443,1,1
1444,1,1
1445,1,1
1446,1,1
1447,1,1
1448,1,1
1449,1,1
1450,1,1
1451,1,1
1452,1,1
1453,1,1
1454,1,1
1455,1,1
1456,1,1
1457,1,1
1458,1,1
1459,1,1
1460,1,1
1461,1,1
1462,1,1
1463,1,1
1464,1,1
1465,1,1
1466,1,1
1467,1,1
1468,1,1
1469,1,1
1470,1,1
1471,1,1
1472,1,1
1473,1,1
1474,1,1
1475,1,1
1476,1,1
1477,1,1
1478,1,1
1479,1,1
1480,1,1
1481,1,1
1482,1,1
1483,1,1
1484,1,1
1485,1,1
1486,1,1
1487,1,1
1488,1,1
1489,1,1
1490,1,1
1491,1,1
1492,1,1
1493,1,1
1494,1,1
1495,1,1
1496,1,1
1497,1,1
1498,1,1
1499,1,1
1500,1,1
1501,1,1
1502,1,1
1503,1,1
1504,1,1
1505,1,1
1506,1,1
1507,1,1
1508,1,1
1509,1,1
1510,1,1
1511,1,1
1512,1,1
1513,1,1
1514,1,1
1515,1,1
1516,1,1
1517,1,1
1518,1,1
1519,1,1
1520,1,1
1521,1,1
1522,1,1
1523,1,1
1524,1,1
1525,1,1
1526,1,1
1527,1,1
1528,1,1
1529,1,1
1530,1,1
1531,1,1
1532,1,1
1533,1,1
1534,1,1
1535,1,1
1536,1,1
1537,1,1
1538,1,1
1539,1,1
1540,1,1
1541,1,1
1542,1,1
1543,1,1
1544,1,1
1545,1,1
1546,1,1
1547,1,1
1548,1,1
1549,1,1
1550,1,1
1551,1,1
1552,1,1
1553,1,1
1554,1,1
1555,1,1
1556,1,1
1557,1,1
1558,1,1
1559,1,1
1560,1,1
1561,1,1
1562,1,1
1563,1,1
1564,1,1
1565,1,1
1566,1,1
1567,1,1
1568,1,1
1569,1,1
1570,1,1
1571,1,1
1572,1,1
1573,1,1
1574,1,1
1575,1,1
1576,1,1
1577,1,1
1578,1,1
1579,1,1
1580,1,1
1581,1,1
1582,1,1
1583,1,1
1584,1,1
1585,1,1
1586,1,1
1587,1,1
1588,1,1
1589,1,1
1590,1,1
1591,1,1
1592,1,1
1593,1,1
1594,1,1
1595,1,1
1596,1,1
1597,1,1
1598,1,1
1599,1,1
1600,1,1
1601,1,1
1602,1,1
1603,1,1
1604,1,1
1605,1,1
1606,1,1
1607,1,1
1608,1,1
1609,1,1
1610,1,1
1611,1,1
1612,1,1
1613,1,1
1614,1,1
1615,1,1
1616,1,1
1617,1,1
1618,1,1
1619,1,1
1620,1,1
1621,1,1
1622,1,1
1623,1,1
1624,1,1
1625,1,1
1626,1,1
1627,1,1
1628,1,1
1629,1,1
1630,1,1
1631,1,1
1632,1,1
1633,1,1
1634,1,1
1635,1,1
1636,1,1
1637,1,1
1638,1,1
1639,1,1
1640,1,1
1641,1,1
1642,1,1
1643,1,1
1644,1,1
1645,1,1
1646,1,1
1647,1,1
1648,1,1
1649,1,1
1650,1,1
1651,1,1
1652,1,1
1653,1,1
1654,1,1
1655,1,1
1656,1,1
1657,1,1
1658,1,1
1659,1,1
1660,1,1
1661,1,1
1662,1,1
1663,1,1
1664,1,1
1665,1,1
1666,1,1
1667,1,1
1668,1,1
1669,1,1
1670,1,1
1671,1,1
1672,1,1
1673,1,1
1674,1,1
1675,1,1
1676,1,1
1677,1,1
1678,1,1
1679,1,1
1680,1,1
1681,1,1
1682,1,1
1683,1,1
1684,1,1
1685,1,1
1686,1,1
1687,1,1
1688,1,1
1689,1,1
1690,1,1
1691,1,1
1692,1,1
1693,1,1
1694,1,1
1695,1,1
1696,1,1
1697,1,1
1698,1,1
1699,1,1
1700,1,1
1701,1,1
1702,1,1
1703,1,1
1704,1,1
1705,1,1
1706,1,1
1707,1,1
1708,1,1
1709,1,1
1710,1,1
1711,1,1
1712,1,1
1713,1,1
1714,1,1
1715,1,1
1716,1,1
1717,1,1
1718,1,1
1719,1,1
1720,1,1
1721,1,1
1722,1,1
1723,1,1
1724,1,1
1725,1,1
1726,1,1
1727,1,1
1728,1,1
1729,1,1
1730,1,1
1731,1,1
1732,1,1
1733,1,1
1734,1,1
1735,1,1
1736,1,1
1737,1,1
1738,1,1
1739,1,1
1740,1,1
1741,1,1
1742,1,1
1743,1,1
1744,1,1
1745,1,1
1746,1,1
1747,1,1
1748,1,1
1749,1,1
1750,1,1
1751,1,1
1752,1,1
1753,1,1
1754,1,1
1755,1,1
1756,1,1
1757,1,1
1758,1,1
1759,1,1
1760,1,1
1761,1,1
1762,1,1
1763,1,1
1764,1,1
1765,1,1
1766,1,1
1767,1,1
1768,1,1
1769,1,1
1770,1,1
1771,1,1
1772,1,1
1773,1,1
1774,1,1
1775,1,1
1776,1,1
1777,1,1
1778,1,1
1779,1,1
1780,1,1
1781,1,1
1782,1,1
1783,1,1
1784,1,1
1785,1,1
1786,1,1
1787,1,1
1788,1,1
1789,1,1
1790,1,1
1791,1,1
1792,1,1
1793,1,1
1794,1,1
1795,1,1
1796,1,1
1797,1,1
1798,1,1
1799,1,1
1800,1,1
1801,1,1
1802,1,1
1803,1,1
1804,1,1
1805,1,1
1806,1,1
1807,1,1
1808,1,1
1809,1,1
1810,1,1
1811,1,1
1812,1,1
1813,1,1
1814,1,1
1815,1,1
1816,1,1
1817,1,1
1818,1,1
1819,1,1
1820,1,1
1821,1,1
1822,1,1
1823,1,1
1824,1,1
1825,1,1
1826,1,1
1827,1,1
1828,1,1
1829,1,1
1830,1,1
1831,1,1
1832,1,1
1833,1,1
1834,1,1
1835,1,1
1836,1,1
1837,1,1
1838,1,1
1839,1,1
1840,1,1
1841,1,1
1842,1,1
1843,1,1
1844,1,1
1845,1,1
1846,1,1
1847,1,1
1848,1,1
1849,1,1
1850,1,1
1851,1,1
1852,1,1
1853,1,1
1854,1,1
1855,1,1
1856,1,1
1857,1,1
1858,1,1
1859,1,1
1860,1,1
1861,1,1
1862,1,1
1863,1,1
1864,1,1
1865,1,1
1866,1,1
1867,1,1
1868,1,1
1869,1,1
1870,1,1
1871,1,1
1872,1,1
1873,1,1
1874,1,1
1875,1,1
1876,1,1
1877,1,1
1878,1,1
1879,1,1
1880,1,1
1881,1,1
1882,1,1
1883,1,1
1884,1,1
1885,1,1
1886,1,1
1887,1,1
1888,1,1
1889,1,1
1890,1,1
1891,1,1
1892,1,1
1893,1,1
1894,1,1
1895,1,1
1896,1,1
1897,1,1
1898,1,1
1899,1,1
1900,1,1
1901,1,1
1902,1,1
1903,1,1
1904,1,1
1905,1,1
1906,1,1
1907,1,1
1908,1,1
1909,1,1
1910,1,1
1911,1,1
1912,1,1
1913,1,1
1914,1,1
1915,1,1
1916,1,1
1917,1,1
1918,1,1
1919,1,1
1920,1,1
1921,1,1
1922,1,1
1923,1,1
1924,1,1
1925,1,1
1926,1,1
1927,1,1
1928,1,1
1929,1,1
1930,1,1
1931,1,1
1932,1,1
1933,1,1
1934,1,1
1935,1,1
1936,1,1
1937,1,1
1938,1,1
1939,1,1
1940,1,1
1941,1,1
1942,1,1
1943,1,1
1944,1,1
1945,1,1
1946,1,1
1947,1,1
1948,1,1
1949,1,1
1950,1,1
1951,1,1
1952,1,1
1953,1,1
1954,1,1
1955,1,1
1956,1,1
1957,1,1
1958,1,1
1959,1,1
1960,1,1
1961,1,1
1962,1,1
1963,1,1
1964,1,1
1965,1,1
1966,1,1
1967,1,1
1968,1,1
1969,1,1
1970,1,1
1971,1,1
1972,1,1
1973,1,1
1974,1,1
1975,1,1
1976,1,1
1977,1,1
1978,1,1
1979,1,1
1980,1,1
1981,1,1
1982,1,1
1983,1,1
1984,1,1
1985,1,1
1986,1,1
1987,1,1
1988,1,1
1989,1,1
1990,1,1
1991,1,1
1992,1,1
1993,1,1
1994,1,1
1995,1,1
1996,1,1
1997,1,1
1998,1,1
1999,1,1
2000,1,1
2001,1,1
2002,1,1
2003,1,1
2004,1,1
2005,1,1
2006,1,1
2007,1,1
2008,1,1
2009,1,1
2010,1,1
2011,1,1
2012,1,1
2013,1,1
2014,1,1
2015,1,1
2016,1,1
2017,1,1
2018,1,1
2019,1,1
2020,1,1
2021,1,1
2022,1,1
2023,1,1
2024,1,1
2025,1,1
2026,1,1
2027,1,1
2028,1,1
2029,1,1
2030,1,1
2031,1,1
2032,1,1
2033,1,1
2034,1,1
2035,1,1
2036,1,1
2037,1,1
2038,1,1
2039,1,1
2040,1,1
2041,1,1
2042,1,1
2043,1,1
2044,1,1
2045,1,1
2046,1,1
2047,1,1
2048,1,1
2049,1,1
2050,1,1
2051,1,1
2052,1,1
2053,1,1
2054,1,1
2055,1,1
2056,1,1
2057,1,1
2058,1,1
2059,1,1
2060,1,1
2061,1,1
2062,1,1
2063,1,1
2064,1,1
2065,1,1
2066,1,1
2067,1,1
2068,1,1
2069,1,1
2070,1,1
2071,1,1
2072,1,1
2073,1,1
2074,1,1
2075,1,1
2076,1,1
2077,1,1
2078,1,1
2079,1,1
2080,1,1
2081,1,1
2082,1,1
2083,1,1
2084,1,1
2085,1,1
2086,1,1
2087,1,1
2088,1,1
2089,1,1
2090,1,1
2091,1,1
2092,1,1
2093,1,1
2094,1,1
2095,1,1
2096,1,1
2097,1,1
2098,1,1
2099,1,1
2100,1,1
2101,1,1
2102,1,1
2103,1,1
2104,1,1
2105,1,1
2106,1,1
2107,1,1
2108,1,1
2109,1,1
2110,1,1
2111,1,1
2112,1,1
2113,1,1
2114,1,1
2115,1,1
2116,1,1
2117,1,1
2118,1,1
2119,1,1
2120,1,1
2121,1,1
2122,1,1
2123,1,1
2124,1,1
2125,1,1
2126,1,1
2127,1,1
2128,1,1
2129,1,1
2130,1,1
2131,1,1
2132,1,1
2133,1,1
2134,1,1
2135,1,1
2136,1,1
2137,1,1
2138,1,1
2139,1,1
2140,1,1
2141,1,1
2142,1,1
2143,1,1
2144,1,1
2145,1,1
2146,1,1
2147,1,1
2148,1,1
2149,1,1
2150,1,1
2151,1,1
2152,1,1
2153,1,1
2154,1,1
2155,1,1
2156,1,1
2157,1,1
2158,1,1
2159,1,1
2160,1,1
2161,1,1
2162,1,1
2163,1,1
2164,1,1
2165,1,1
2166,1,1
2167,1,1
2168,1,1
2169,1,1
2170,1,1
2171,1,1
2172,1,1
2173,1,1
2174,1,1
2175,1,1
2176,1,1
2177,1,1
2178,1,1
2179,1,1
2180,1,1
2181,1,1
2182,1,1
2183,1,1
2184,1,1
2185,1,1
2186,1,1
2187,1,1
2188,1,1
2189,1,1
2190,1,1
2191,1,1
2192,1,1
2193,1,1
2194,1,1
2195,1,1
2196,1,1
2197,1,1
2198,1,1
2199,1,1
2200,1,1
2201,1,1
2202,1,1
2203,1,1
2204,1,1
2205,1,1
2206,1,1
2207,1,1
2208,1,1
2209,1,1
2210,1,1
2211,1,1
2212,1,1
2213,1,1
2214,1,1
2215,1,1
2216,1,1
2217,1,1
2218,1,1
2219,1,1
2220,1,1
2221,1,1
2222,1,1
2223,1,1
2224,1,1
2225,1,1
2226,1,1
2227,1,1
2228,1,1
2229,1,1
2230,1,1
2231,1,1
2232,1,1
2233,1,1
2234,1,1
2235,1,1
2236,1,1
2237,1,1
2238,1,1
2239,1,1
2240,1,1
2241,1,1
2242,1,1
2243,1,1
2244,1,1
2245,1,1
2246,1,1
2247,1,1
2248,1,1
2249,1,1
2250,1,1
2251,1,1
2252,1,1
2253,1,1
2254,1,1
2255,1,1
2256,1,1
2257,1,1
2258,1,1
2259,1,1
2260,1,1
2261,1,1
2262,1,1
2263,1,1
2264,1,1
2265,1,1
2266,1,1
2267,1,1
2268,1,1
2269,1,1
2270,1,1
2271,1,1
2272,1,1
2273,1,1
2274,1,1
2275,1,1
2276,1,1
2277,1,1
2278,1,1
2279,1,1
2280,1,1
2281,1,1
2282,1,1
2283,1,1
2284,1,1
2285,1,1
2286,1,1
2287,1,1
2288,1,1
2289,1,2
2290,1,2
2291,1,2
2292,1,2
2293,1,2
2294,1,2
2295,1,2
2296,1,2
2297,1,2
2298,1,2
2299,1,2
2300,1,2
2301,1,2
2302,1,2
2303,1,2
2304,1,2
2305,1,2
2306,1,2
2307,1,2
2308,1,2
2309,1,2
2310,1,2
2311,1,2
2312,1,2
2313,2,2
2314,2,2
2315,2,2
2316,2,2
2317,2,2
2318,2,2
2319,2,2
2320,2,2
2321,2,2
2322,2,2
2323,2,2
2324,2,2
2325,2,2
2326,2,2
2327,2,2
2328,2,2
2329,2,2
2330,2,2
2331,2,2
2332,2,2
2333,2,2
2334,2,2
2335,2,2
2336,2,2
2337,2,2
2338,2,2
2339,2,2
2340,2,2
2341,2,2
2342,2,2
2343,2,2
2344,2,2
2345,2,2
2346,2,2
2347,2,2
2348,2,2
2349,2,2
2350,2,2
2351,2,2
2352,2,2
2353,2,2
2354,2,2
2355,2,2
2356,2,2
2357,2,2
2358,2,2
2359,2,2
2360,2,2
2361,2,2
2362,2,2
2363,2,2
2364,2,2
2365,2,2
2366,2,2
2367,2,2
2368,2,2
2369,2,2
2370,2,2
2371,2,2
2372,2,2
2373,2,2
2374,2,2
2375,2,2
2376,2,2
2377,2,2
2378,2,2
2379,2,2
2380,2,2
2381,2,2
2382,2,2
2383,2,2
2384,2,2
2385,2,2
2386,2,2
2387,2,2
2388,2,2
2389,2,2
2390,2,2
2391,2,2
2392,2,2
2393,2,2
2394,2,2
2395,2,2
2396,2,2
2397,2,2
2398,2,2
2399,2,2
2400,2,2
2401,2,2
2402,2,2
2403,2,2
2404,2,2
2405,2,2
2406,2,2
2407,2,2
2408,2,2
2409,2,2
2410,2,2
2411,2,2
2412,2,2
2413,2,2
2414,2,2
2415,2,2
2416,2,2
2417,2,2
2418,2,2
2419,2,2
2420,2,2
2421,2,2
2422,2,2
2423,2,2
2424,2,2
2425,2,2
2426,2,2
2427,2,2
2428,2,2
2429,2,2
2430,2,2
2431,2,2
2432,2,2
2433,2,2
2434,2,2
2435,2,2
2436,2,2
2437,2,2
2438,2,2
2439,2,2
2440,2,2
2441,2,2
2442,2,2
2443,2,2
2444,2,2
2445,2,2
2446,2,2
2447,2,2
2448,2,2
2449,2,2
2450,2,2
2451,2,2
2452,2,2
2453,2,2
2454,2,2
2455,2,2
2456,2,2
2457,2,2
2458,2,2
2459,2,2
2460,2,2
2461,2,2
2462,2,2
2463,2,2
2464,2,2
2465,2,2
2466,2,2
2467,2,2
2468,2,2
2469,2,2
2470,2,2
2471,2,2
2472,2,2
2473,2,2
2474,2,2
2475,2,2
2476,2,2
2477,2,2
2478,2,2
2479,2,2
2480,2,2
2481,2,2
2482,2,2
2483,2,2
2484,2,2
2485,2,2
2486,2,2
2487,2,2
2488,2,2
2489,2,2
2490,2,2
2491,2,2
2492,2,2
2493,2,2
2494,2,2
2495,2,2
2496,2,2
2497,2,2
2498,2,2
2499,2,2
2500,2,2
2501,2,2
2502,2,2
2503,2,2
2504,2,2
2505,2,2
2506,2,2
2507,2,2
2508,2,2
2509,2,2
2510,2,2
2511,2,2
2512,2,2
2513,2,2
2514,2,2
2515,2,2
2516,2,2
2517,2,2
2518,2,2
2519,2,2
2520,2,2
2521,2,2
2522,2,2
2523,2,2
2524,2,2
2525,2,2
2526,2,2
2527,2,2
2528,2,2
2529,2,2
2530,2,2
2531,2,2
2532,2,2
2533,2,2
2534,2,2
2535,2,2
2536,2,2
2537,2,2
2538,2,2
2539,2,2
2540,2,2
2541,2,2
2542,2,2
2543,2,2
2544,2,2
2545,2,2
2546,2,2
2547,2,2
2548,2,2
2549,2,2
2550,2,2
2551,2,2
2552,2,2
2553,2,2
2554,2,2
2555,2,2
2556,2,2
2557,2,2
2558,2,2
2559,2,2
2560,2,2
2561,2,2
2562,2,2
2563,2,2
2564,2,2
2565,2,2
2566,2,2
2567,2,2
2568,2,2
2569,2,2
2570,2,2
2571,2,2
2572,2,2
2573,2,2
2574,2,2
2575,2,2
2576,2,2
2577,2,2
2578,2,2
2579,2,2
2580,2,2
2581,2,2
2582,2,2
2583,2,2
2584,2,2
2585,2,2
2586,2,2
2587,2,2
2588,2,2
2589,2,2
2590,2,2
2591,2,2
2592,2,2
2593,2,2
2594,2,2
2595,2,2
2596,2,2
2597,2,2
2598,2,2
2599,2,2
2600,2,2
2601,2,2
2602,2,2
2603,2,2
2604,2,2
2605,2,2
2606,2,2
2607,2,2
2608,2,2
2609,2,2
2610,2,2
2611,2,2
2612,2,2
2613,2,2
2614,2,2
2615,2,2
2616,2,2
2617,2,2
2618,2,2
2619,2,2
2620,2,2
2621,2,2
2622,2,2
2623,2,2
2624,2,2
2625,2,2
2626,2,2
2627,2,2
2628,2,2
2629,2,2
2630,2,2
2631,2,2
2632,2,2
2633,2,2
2634,2,2
2635,2,2
2636,2,2
2637,2,2
2638,2,2
2639,2,2
2640,2,2
2641,2,2
2642,2,2
2643,2,2
2644,2,2
2645,2,2
2646,2,2
2647,2,2
2648,2,2
2649,2,2
2650,2,2
2651,2,2
2652,2,2
2653,2,2
2654,2,2
2655,2,2
2656,2,2
2657,2,2
2658,2,2
2659,2,2
2660,2,2
2661,2,2
2662,2,2
2663,2,2
2664,2,2
2665,2,2
2666,2,2
2667,2,2
2668,2,2
2669,2,2
2670,2,2
2671,2,2
2672,2,2
2673,2,2
2674,2,2
2675,2,2
2676,2,2
2677,2,2
2678,2,2
2679,2,2
2680,2,2
2681,2,2
2682,2,2
2683,2,2
2684,2,2
2685,2,2
2686,2,2
2687,2,2
2688,2,2
2689,2,2
2690,2,2
2691,2,2
2692,2,2
2693,2,2
2694,2,2
2695,2,2
2696,2,2
2697,2,2
2698,2,2
2699,2,2
2700,2,2
2701,2,2
2702,2,2
2703,2,2
2704,2,2
2705,2,2
2706,2,2
2707,2,2
2708,2,2
2709,2,2
2710,2,2
2711,2,2
2712,2,2
2713,2,2
2714,2,2
2715,2,2
2716,2,2
2717,2,2
2718,2,2
2719,2,2
2720,2,2
2721,2,2
2722,2,2
2723,2,2
2724,2,2
2725,2,2
2726,2,2
2727,2,2
2728,2,2
2729,2,2
2730,2,2
2731,2,2
2732,2,2
2733,2,2
2734,2,2
2735,2,2
2736,2,2
2737,2,2
2738,2,2
2739,2,2
2740,2,2
2741,2,2
2742,2,2
2743,2,2
2744,2,2
2745,2,2
2746,2,2
2747,2,2
2748,2,2
2749,2,2
2750,2,2
2751,2,2
2752,2,2
2753,2,2
2754,2,2
2755,2,2
2756,2,2
2757,2,2
2758,2,2
2759,2,2
2760,2,2
2761,2,2
2762,2,2
2763,2,2
2764,2,2
2765,2,2
2766,2,2
2767,2,2
2768,2,2
2769,2,2
2770,2,2
2771,2,2
2772,2,2
2773,2,2
2774,2,2
2775,2,2
2776,2,2
2777,2,2
2778,2,2
2779,2,2
2780,2,2
2781,2,2
2782,2,2
2783,2,2
2784,2,2
2785,2,2
2786,2,2
2787,2,2
2788,2,2
2789,2,2
2790,2,2
2791,2,2
2792,2,2
2793,2,2
2794,2,2
2795,2,2
2796,2,2
2797,2,2
2798,2,2
2799,2,2
2800,2,2
2801,2,2
2802,2,2
2803,2,2
2804,2,2
2805,2,2
2806,2,2
2807,2,2
2808,2,2
2809,2,2
2810,2,2
2811,2,2
2812,2,2
2813,2,2
2814,2,2
2815,2,2
2816,2,2
2817,2,2
2818,2,2
2819,2,2
2820,2,2
2821,2,2
2822,2,2
2823,2,2
2824,2,2
2825,2,2
2826,2,2
2827,2,2
2828,2,2
2829,2,2
2830,2,2
2831,2,2
2832,2,2
2833,2,2
2834,2,2
2835,2,2
2836,2,2
2837,2,2
2838,2,2
2839,2,2
2840,2,2
2841,2,2
2842,2,2
2843,2,3
2844,2,3
2845,2,3
2846,2,3
2847,2,3
2848,2,3
2849,2,3
2850,2,3
2851,2,3
2852,2,3
2853,2,3
2854,2,3
2855,2,3
2856,2,3
2857,2,3
2858,2,3
2859,2,3
2860,2,3
2861,2,3
2862,2,3
2863,2,3
2864,2,3
2865,2,3
2866,2,3
2867,2,3
2868,2,3
2869,2,3
2870,2,3
2871,2,3
2872,2,3
2873,2,3
2874,2,3
2875,2,3
2876,2,3
2877,2,3
2878,3,3
2879,3,3
2880,3,3
2881,3,3
2882,3,3
2883,3,3
2884,3,3
2885,3,3
2886,3,3
2887,3,3
2888,3,3
2889,3,3
2890,3,3
2891,3,3
2892,3,3
2893,3,3
2894,3,3
2895,3,3
2896,3,3
2897,3,3
2898,3,3
2899,3,3
2900,3,3
2901,3,3
2902,3,3
2903,3,3
2904,3,3
2905,3,3
2906,3,3
2907,3,3
2908,3,3
2909,3,3
2910,3,3
2911,3,3
2912,3,3
2913,3,3
2914,3,3
2915,3,3
2916,3,3
2917,3,3
2918,3,3
2919,3,3
2920,3,3
2921,3,3
2922,3,3
2923,3,3
2924,3,3
2925,3,3
2926,3,3
2927,3,3
2928,3,3
2929,3,3
2930,3,3
2931,3,3
2932,3,3
2933,3,3
2934,3,3
2935,3,3
2936,3,3
2937,3,3
2938,3,3
2939,3,3
2940,3,3
2941,3,3
2942,3,3
2943,3,3
2944,3,3
2945,3,3
2946,3,3
2947,3,3
2948,3,3
2949,3,3
2950,3,3
2951,3,3
2952,3,3
2953,3,3
2954,3,3
2955,3,3
2956,3,3
2957,3,3
2958,3,3
2959,3,3
2960,3,3
2961,3,3
2962,3,3
2963,3,3
2964,3,3
2965,3,3
2966,3,3
2967,3,3
2968,3,3
2969,3,3
2970,3,3
2971,3,3
2972,3,3
2973,3,3
2974,3,3
2975,3,3
2976,3,3
2977,3,3
2978,3,3
2979,3,3
2980,3,3
2981,3,3
2982,3,3
2983,3,3
2984,3,3
2985,3,3
2986,3,3
2987,3,3
2988,3,3
2989,3,3
2990,3,3
2991,3,3
2992,3,3
2993,3,3
2994,3,3
2995,3,3
2996,3,3
2997,3,3
2998,3,3
2999,3,3
3000,3,3
3001,3,3
3002,3,3
3003,3,3
3004,3,3
3005,3,3
3006,3,3
3007,3,3
3008,3,3
3009,3,3
3010,3,3
3011,3,3
3012,3,3
3013,3,3
3014,3,3
3015,3,3
3016,3,3
3017,3,3
3018,3,3
3019,3,3
3020,3,3
3021,3,3
3022,3,3
3023,3,3
3024,3,3
3025,3,3
3026,3,3
3027,3,3
3028,3,3
3029,3,3
3030,3,3
3031,3,3
3032,3,3
3033,3,3
3034,3,3
3035,3,3
3036,3,3
3037,3,3
3038,3,3
3039,3,3
3040,3,3
3041,3,3
3042,3,3
3043,3,3
3044,3,3
3045,3,3
3046,3,3
3047,3,3
3048,3,3
3049,3,3
3050,3,3
3051,3,3
3052,3,3
3053,3,3
3054,3,3
3055,3,3
3056,3,3
3057,3,3
3058,3,3
3059,3,3
3060,3,3
3061,3,3
3062,3,3
3063,3,3
3064,3,3
3065,3,3
3066,3,3
3067,3,3
3068,3,3
3069,3,3
3070,3,3
3071,3,3
3072,3,3
3073,3,3
3074,3,3
3075,3,3
3076,3,3
3077,3,3
3078,3,3
3079,3,3
3080,3,3
3081,3,3
3082,3,3
3083,3,3
3084,3,3
3085,3,3
3086,3,3
3087,3,3
3088,3,3
3089,3,3
3090,3,3
3091,3,3
3092,3,3
3093,3,3
3094,3,3
3095,3,3
3096,3,3
3097,3,3
3098,3,3
3099,3,3
3100,3,3
3101,3,3
3102,3,3
3103,3,3
3104,3,3
3105,3,3
3106,3,3
3107,3,3
3108,3,3
3109,3,3
3110,3,3
3111,3,3
3112,3,3
3113,3,3
3114,3,3
3115,3,3
3116,3,3
3117,3,3
3118,3,3
3119,3,3
3120,3,3
3121,3,3
3122,3,3
3123,3,3
3124,3,3
3125,3,3
3126,3,3
3127,3,3
3128,3,3
3129,3,3
3130,3,3
3131,3,3
3132,3,3
3133,3,3
3134,3,3
3135,3,3
3136,3,3
3137,3,3
3138,3,3
3139,3,3
3140,3,3
3141,3,3
3142,3,3
3143,3,3
3144,3,3
3145,3,3
3146,3,3
3147,3,3
3148,3,3
3149,3,3
3150,3,3
3151,3,3
3152,3,3
3153,3,3
3154,3,3
3155,3,3
3156,3,3
3157,3,3
3158,3,3
3159,3,3
3160,3,3
3161,3,3
3162,3,3
3163,3,3
3164,3,3
3165,3,3
3166,3,3
3167,3,3
3168,3,3
3169,3,3
3170,3,3
3171,3,3
3172,3,3
3173,3,3
3174,3,3
3175,3,3
3176,3,3
3177,3,3
3178,3,3
3179,3,3
3180,3,3
3181,3,3
3182,3,3
3183,3,3
3184,3,3
3185,3,3
3186,3,3
3187,3,3
3188,3,3
3189,3,3
3190,3,3
3191,3,3
3192,3,3
3193,3,3
3194,3,3
3195,3,3
3196,3,3
3197,3,3
3198,3,3
3199,3,3
3200,3,3
3201,3,3
3202,3,3
3203,3,3
3204,3,3
3205,3,3
3206,3,3
3207,3,3
3208,3,3
3209,3,3
3210,3,3
3211,3,3
3212,3,3
3213,3,3
3214,3,3
3215,3,3
3216,3,3
3217,3,3
3218,3,3
3219,3,3
3220,3,3
3221,3,3
3222,3,3
3223,3,3
3224,3,3
3225,3,3
3226,3,3
3227,3,3
3228,3,3
3229,3,3
3230,3,3
3231,3,3
3232,3,3
3233,3,3
3234,3,3
3235,3,3
3236,3,3
3237,3,3
3238,3,3
3239,3,3
3240,3,3
3241,3,3
3242,3,3
3243,3,3
3244,3,3
3245,3,3
3246,3,3
3247,3,3
3248,3,3
3249,3,3
3250,3,3
3251,3,3
3252,3,3
3253,3,3
3254,3,3
3255,3,3
3256,3,3
3257,3,3
3258,3,3
3259,3,3
3260,3,3
3261,3,3
3262,3,3
3263,3,3
3264,3,3
3265,3,3
3266,3,3
3267,3,3
3268,3,3
3269,3,3
3270,3,3
3271,3,3
3272,3,3
3273,3,3
3274,3,3
3275,3,3
3276,3,3
3277,3,3
3278,3,3
3279,3,3
3280,3,3
3281,3,3
3282,3,3
3283,3,3
3284,3,3
3285,3,3
3286,3,3
3287,3,3
3288,3,3
3289,3,3
3290,3,3
3291,3,3
3292,3,3
3293,3,3
3294,3,3
3295,3,3
3296,3,3
3297,3,3
3298,3,3
3299,3,3
3300,3,3
3301,3,3
3302,3,3
3303,3,3
3304,3,3
3305,3,3
3306,3,3
3307,3,3
3308,3,3
3309,3,3
3310,3,3
3311,3,3
3312,3,3
3313,3,3
3314,3,3
3315,3,3
3316,3,3
3317,3,3
3318,3,3
3319,3,3
3320,3,3
3321,3,3
3322,3,3
3323,3,3
3324,3,3
3325,3,3
3326,3,3
3327,3,3
3328,3,3
3329,3,3
3330,3,3
3331,3,3
3332,3,3
3333,3,3
3334,3,3
3335,3,3
3336,3,3
3337,3,3
3338,3,3
3339,3,3
3340,3,3
3341,3,3
3342,3,3
3343,3,3
3344,3,3
3345,3,3
3346,3,3
3347,3,3
3348,3,3
3349,3,3
3350,3,3
3351,3,3
3352,3,3
3353,3,3
3354,3,3
3355,3,3
3356,3,3
3357,3,3
3358,3,3
3359,3,3
3360,3,3
3361,3,3
3362,3,3
3363,3,3
3364,3,3
3365,3,3
3366,3,3
3367,3,3
3368,3,3
3369,3,3
3370,3,3
3371,3,3
3372,3,3
3373,3,3
3374,3,3
3375,3,3
3376,3,3
3377,3,3
3378,3,3
3379,3,3
3380,3,3
3381,3,3
3382,3,3
3383,3,3
3384,3,3
3385,3,3
3386,3,3
3387,3,3
3388,3,3
3389,3,3
3390,3,3
3391,3,3
3392,3,3
3393,3,3
3394,3,3
3395,3,3
3396,3,3
3397,3,3
3398,3,3
3399,3,3
3400,3,3
3401,3,3
3402,3,3
3403,3,3
3404,3,3
3405,3,3
3406,3,3
3407,3,3
3408,3,3
3409,3,3
3410,3,3
3411,3,3
3412,3,3
3413,3,3
3414,3,3
3415,3,3
3416,3,3
3417,3,3
3418,3,3
3419,3,3
3420,3,3
3421,3,3
3422,3,3
3423,3,3
3424,3,3
3425,3,3
3426,3,3
3427,3,3
3428,3,3
3429,3,3
3430,3,3
3431,3,3
3432,3,3
3433,3,3
3434,3,3
3435,3,3
3436,3,3
3437,3,3
3438,3,3
3439,3,3
3440,3,3
3441,3,3
3442,3,3
3443,3,3
3444,3,3
3445,3,3
3446,3,3
3447,3,3
3448,3,3
3449,3,3
3450,3,3
3451,3,3
3452,3,3
3453,3,3
3454,3,3
3455,3,3
3456,3,3
3457,3,3
3458,3,2
3459,3,2
3460,3,2
3461,3,2
3462,3,2
3463,3,2
3464,3,2
3465,3,2
3466,3,2
3467,3,2
3468,3,2
3469,3,2
3470,3,2
3471,3,2
3472,3,2
3473,3,2
3474,3,2
3475,4,2
3476,4,2
3477,4,2
3478,4,2
3479,4,2
3480,4,2
3481,4,2
3482,4,2
3483,4,2
3484,4,2
3485,4,2
3486,4,2
3487,4,2
3488,4,2
3489,4,2
3490,4,2
3491,4,2
3492,4,2
3493,4,2
3494,4,2
3495,4,2
3496,4,2
3497,4,2
3498,4,2
3499,4,2
3500,4,2
3501,4,2
3502,4,2
3503,4,2
3504,4,2
3505,4,2
3506,4,2
3507,4,2
3508,4,2
3509,4,2
3510,4,2
3511,4,2
3512,4,2
3513,4,2
3514,4,2
3515,4,2
3516,4,2
3517,4,2
3518,4,2
3519,4,2
3520,4,2
3521,4,2
3522,4,2
3523,4,2
3524,4,2
3525,4,2
3526,4,2
3527,4,2
3528,4,2
3529,4,2
3530,4,2
3531,4,2
3532,4,2
3533,4,2
3534,4,2
3535,4,2
3536,4,2
3537,4,2
3538,4,2
3539,4,2
3540,4,2
3541,4,2
3542,4,2
3543,4,2
3544,4,2
3545,4,2
3546,4,2
3547,4,2
3548,4,2
3549,4,2
3550,4,2
3551,4,2
3552,4,2
3553,4,2
3554,4,2
3555,4,2
3556,4,2
3557,4,2
3558,4,2
3559,4,2
3560,4,2
3561,4,2
3562,4,2
3563,4,2
3564,4,2
3565,4,2
3566,4,2
3567,4,2
3568,4,2
3569,4,2
3570,4,2
3571,4,2
3572,4,2
3573,4,2
3574,4,2
3575,4,2
3576,4,2
3577,4,2
3578,4,2
3579,4,2
3580,4,2
3581,4,2
3582,4,2
3583,4,2
3584,4,2
3585,4,2
3586,4,2
3587,4,2
3588,4,2
3589,4,2
3590,4,2
3591,4,2
3592,4,2
3593,4,2
3594,4,2
3595,4,2
3596,4,2
3597,4,2
3598,4,2
3599,4,2
3600,4,2
3601,4,2
3602,4,2
3603,4,2
3604,4,2
3605,4,2
3606,4,2
3607,4,2
3608,4,2
3609,4,2
3610,4,2
3611,4,2
3612,4,2
3613,4,2
3614,4,2
3615,4,2
3616,4,2
3617,4,2
3618,4,2
3619,4,2
3620,4,2
3621,4,2
3622,4,2
3623,4,2
3624,4,2
3625,4,2
3626,4,2
3627,4,2
3628,4,2
3629,4,2
3630,4,2
3631,4,2
3632,4,2
3633,4,2
3634,4,2
3635,4,2
3636,4,2
3637,4,2
3638,4,2
3639,4,2
3640,4,2
3641,4,2
3642,4,2
3643,4,2
3644,4,2
3645,4,2
3646,4,2
3647,4,2
3648,4,2
3649,4,2
3650,4,2
3651,4,2
3652,4,2
3653,4,2
3654,4,2
3655,4,2
3656,4,2
3657,4,2
3658,4,2
3659,4,2
3660,4,2
3661,4,2
3662,4,2
3663,4,2
3664,4,2
3665,4,2
3666,4,2
3667,4,2
3668,4,2
3669,4,2
3670,4,2
3671,4,2
3672,4,2
3673,4,2
3674,4,2
3675,4,2
3676,4,2
3677,4,2
3678,4,2
3679,4,2
3680,4,2
3681,4,2
3682,4,2
3683,4,2
3684,4,2
3685,4,2
3686,4,2
3687,4,2
3688,4,2
3689,4,2
3690,4,2
3691,4,2
3692,4,2
3693,4,2
3694,4,2
3695,4,2
3696,4,2
3697,4,2
3698,4,2
3699,4,2
3700,4,2
3701,4,2
3702,4,2
3703,4,2
3704,4,2
3705,4,2
3706,4,2
3707,4,2
3708,4,2
3709,4,2
3710,4,2
3711,4,2
3712,4,2
3713,4,2
3714,4,2
3715,4,2
3716,4,2
3717,4,2
3718,4,2
3719,4,2
3720,4,2
3721,4,2
3722,4,2
3723,4,2
3724,4,2
3725,4,2
3726,4,2
3727,4,2
3728,4,2
3729,4,2
3730,4,2
3731,4,2
3732,4,2
3733,4,2
3734,4,2
3735,4,2
3736,4,2
3737,4,2
3738,4,2
3739,4,2
3740,4,2
3741,4,2
3742,4,2
3743,4,2
3744,4,2
3745,4,2
3746,4,2
3747,4,2
3748,4,2
3749,4,2
3750,4,2
3751,4,2
3752,4,2
3753,4,2
3754,4,2
3755,4,2
3756,4,2
3757,4,2
3758,4,2
3759,4,2
3760,4,2
3761,4,2
3762,4,2
3763,4,2
3764,4,2
3765,4,2
3766,4,2
3767,4,2
3768,4,2
3769,4,2
3770,4,2
3771,4,2
3772,4,2
3773,4,2
3774,4,2
3775,4,2
3776,4,2
3777,4,2
3778,4,2
3779,4,2
3780,4,2
3781,4,2
3782,4,2
3783,4,2
3784,4,2
3785,4,2
3786,4,2
3787,4,2
3788,4,2
3789,4,2
3790,4,2
3791,4,2
3792,4,2
3793,4,2
3794,4,2
3795,4,2
3796,4,2
3797,4,2
3798,4,2
3799,4,2
3800,4,2
3801,4,2
3802,4,2
3803,4,2
3804,4,2
3805,4,2
3806,4,2
3807,4,2
3808,4,2
3809,4,2
3810,4,2
3811,4,2
3812,4,2
3813,4,2
3814,4,2
3815,4,2
3816,4,2
3817,4,2
3818,4,2
3819,4,2
3820,4,2
3821,4,2
3822,4,2
3823,4,2
3824,4,2
3825,4,2
3826,4,2
3827,4,2
3828,4,2
3829,4,2
3830,4,2
3831,4,2
3832,4,2
3833,4,2
3834,4,2
3835,4,2
3836,4,2
3837,4,2
3838,4,2
3839,4,2
3840,4,2
3841,4,2
3842,4,2
3843,4,2
3844,4,2
3845,4,2
3846,4,2
3847,4,2
3848,4,2
3849,4,2
3850,4,2
3851,4,2
3852,4,2
3853,4,2
3854,4,2
3855,4,2
3856,4,2
3857,4,2
3858,4,2
3859,4,2
3860,4,2
3861,4,2
3862,4,2
3863,4,2
3864,4,2
3865,4,2
3866,4,2
3867,4,2
3868,4,2
3869,4,2
3870,4,2
3871,4,2
3872,4,2
3873,4,2
3874,4,2
3875,4,2
3876,4,2
3877,4,2
3878,4,2
3879,4,2
3880,4,2
3881,4,2
3882,4,2
3883,4,2
3884,4,2
3885,4,2
3886,4,2
3887,4,2
3888,4,2
3889,4,2
3890,4,2
3891,4,2
3892,4,2
3893,4,2
3894,4,2
3895,4,2
3896,4,2
3897,4,2
3898,4,2
3899,4,2
3900,4,2
3901,4,2
3902,4,2
3903,4,2
3904,4,2
3905,4,2
3906,4,2
3907,4,2
3908,4,2
3909,4,2
3910,4,2
3911,4,2
3912,4,2
3913,4,2
3914,4,2
3915,4,2
3916,4,2
3917,4,2
3918,4,2
3919,4,2
3920,4,2
3921,4,2
3922,4,2
3923,4,2
3924,4,2
3925,4,2
3926,4,2
3927,4,2
3928,4,2
3929,4,2
3930,4,2
3931,4,2
3932,4,2
3933,4,2
3934,4,2
3935,4,2
3936,4,2
3937,4,2
3938,4,2
3939,4,2
3940,4,2
3941,4,2
3942,4,2
3943,4,2
3944,4,2
3945,4,2
3946,4,2
3947,4,2
3948,4,2
3949,4,2
3950,4,2
3951,4,2
3952,4,2
3953,4,2
3954,4,2
3955,4,2
3956,4,2
3957,4,2
3958,4,2
3959,4,2
3960,4,2
3961,4,2
3962,4,2
3963,4,2
3964,4,2
3965,4,2
3966,4,2
3967,4,2
3968,4,2
3969,4,2
3970,4,2
3971,4,2
3972,4,2
3973,4,2
3974,4,2
3975,4,2
3976,4,2
3977,4,2
3978,4,2
3979,4,2
3980,4,2
3981,4,2
3982,4,2
3983,4,2
3984,4,2
3985,4,2
3986,4,2
3987,4,2
3988,4,2
3989,4,2
3990,4,2
3991,4,2
3992,4,2
3993,4,2
3994,4,2
3995,4,2
3996,4,2
3997,4,2
3998,4,2
3999,4,2
4000,4,2
4001,4,2
4002,4,2
4003,4,2
4004,4,2
4005,4,2
4006,4,2
4007,4,2
4008,4,2
4009,4,2
4010,4,2
4011,4,2
4012,4,2
4013,4,2
4014,4,2
4015,4,2
4016,4,2
4017,4,2
4018,4,2
4019,4,2
4020,4,2
4021,4,2
4022,4,2
4023,4,2
4024,4,2
4025,4,2
4026,4,2
4027,4,2
4028,4,2
4029,4,2
4030,4,2
4031,4,2
4032,4,2
4033,4,2
4034,4,2
4035,4,2
4036,4,2
4037,4,2
4038,4,2
4039,4,2
4040,4,2
4041,4,2
4042,4,2
4043,4,2
4044,4,2
4045,4,2
4046,4,2
4047,4,2
4048,4,2
4049,4,2
4050,4,2
4051,4,2
4052,4,2
4053,4,2
4054,4,2
4055,4,2
4056,4,2
4057,4,2
4058,4,2
4059,4,2
4060,4,2
4061,4,2
4062,4,2
4063,4,2
4064,4,2
4065,4,2
4066,4,2
4067,4,2
4068,4,2
4069,4,2
4070,4,2
4071,4,2
4072,4,2
4073,4,2
4074,4,2
4075,4,2
4076,4,2
4077,4,2
4078,4,2
4079,4,2
4080,4,2
4081,4,2
4082,4,2
4083,4,2
4084,4,2
4085,4,2
4086,4,2
4087,4,2
4088,4,2
4089,4,2
4090,4,2
4091,4,2
4092,4,2
4093,4,2
4094,4,2
4095,4,2
4096,4,2
4097,4,2
4098,4,2
4099,4,2
4100,4,2
4101,4,2
4102,4,2
4103,4,2
4104,4,2
4105,4,2
4106,4,2
4107,4,2
4108,4,2
4109,4,2
4110,4,2
4111,4,2
4112,4,2
4113,4,2
4114,4,2
4115,4,2
4116,4,2
4117,4,2
4118,4,2
4119,4,2
4120,4,2
4121,4,2
4122,4,2
4123,4,2
4124,4,2
4125,4,2
4126,4,2
4127,4,2
4128,4,2
4129,4,2
4130,4,2
4131,4,2
4132,4,2
4133,4,2
4134,4,2
4135,4,2
4136,4,2
4137,4,2
4138,4,2
4139,4,2
4140,4,2
4141,4,2
4142,4,2
4143,2,2
4144,2,2
4145,2,2
4146,2,2
4147,2,2
4148,2,2
4149,2,2
4150,2,2
4151,2,2
4152,2,2
4153,2,2
4154,2,2
4155,2,2
4156,2,2
4157,2,2
4158,2,2
4159,2,2
4160,2,2
4161,2,2
4162,2,2
4163,2,2
4164,2,2
4165,2,2
4166,2,2
4167,2,2
4168,2,2
4169,2,2
4170,2,2
4171,2,2
4172,2,2
4173,2,2
4174,2,2
4175,2,2
4176,2,2
4177,2,2
4178,2,2
4179,2,2
4180,2,2
4181,2,2
4182,2,2
4183,2,2
4184,2,2
4185,2,2
4186,2,2
4187,2,2
4188,2,2
4189,2,2
4190,2,2
4191,2,2
4192,2,2
4193,2,2
4194,2,2
4195,2,2
4196,2,2
4197,2,2
4198,2,2
4199,2,2
4200,2,2
4201,2,2
4202,2,2
4203,2,2
4204,2,2
4205,2,2
4206,2,2
4207,2,2
4208,2,2
4209,2,2
4210,2,2
4211,2,2
4212,2,2
4213,2,2
4214,2,2
4215,2,2
4216,2,2
4217,2,2
4218,2,2
4219,2,2
4220,2,2
4221,2,2
4222,2,2
4223,2,2
4224,2,2
4225,2,2
4226,2,2
4227,2,2
4228,2,2
4229,2,2
4230,2,2
4231,2,2
4232,2,2
4233,2,2
4234,2,2
4235,2,2
4236,2,2
4237,2,2
4238,2,2
4239,2,2
4240,2,2
4241,2,2
4242,2,2
4243,2,2
4244,2,2
4245,2,2
4246,2,2
4247,2,2
4248,2,2
4249,2,2
4250,2,2
4251,2,2
4252,2,2
4253,2,2
4254,2,2
4255,2,2
4256,2,2
4257,2,2
4258,2,2
4259,2,2
4260,2,2
4261,2,2
4262,2,2
4263,2,2
4264,2,2
4265,2,2
4266,2,2
4267,2,2
4268,2,2
4269,2,2
4270,2,2
4271,2,2
4272,2,2
4273,2,2
4274,2,2
4275,2,2
4276,2,2
4277,2,2
4278,2,2
4279,2,2
4280,2,2
4281,2,2
4282,2,2
4283,2,2
4284,2,2
4285,2,2
4286,2,2
4287,2,2
4288,2,2
4289,2,2
4290,2,2
4291,2,2
4292,2,2
4293,2,2
4294,2,2
4295,2,2
4296,2,2
4297,2,2
4298,2,2
4299,2,2
4300,2,2
4301,2,2
4302,2,2
4303,2,2
4304,2,2
4305,2,2
4306,2,2
4307,2,2
4308,2,2
4309,2,2
4310,2,2
4311,2,2
4312,2,2
4313,2,2
4314,2,2
4315,2,2
4316,2,2
4317,2,2
4318,2,2
4319,2,2
4320,2,2
4321,2,2
4322,2,2
4323,2,2
4324,2,2
4325,2,2
4326,2,2
4327,2,2
4328,2,2
4329,2,2
4330,2,2
4331,2,2
4332,2,2
4333,2,2
4334,2,2
4335,2,2
4336,2,2
4337,2,2
4338,2,2
4339,2,2
4340,2,2
4341,2,2
4342,2,2
4343,2,2
4344,2,2
4345,2,2
4346,2,2
4347,2,2
4348,2,2
4349,2,2
4350,2,2
4351,2,2
4352,2,2
4353,2,2
4354,2,2
4355,2,2
4356,2,2
4357,2,2
4358,2,2
4359,2,2
4360,2,2
4361,2,2
4362,2,2
4363,2,2
4364,2,2
4365,2,2
4366,2,2
4367,2,2
4368,2,2
4369,2,2
4370,2,2
4371,2,2
4372,2,2
4373,2,2
4374,2,2
4375,2,2
4376,2,2
4377,2,2
4378,2,2
4379,2,2
4380,2,2
4381,2,2
4382,2,2
4383,2,2
4384,2,2
4385,2,2
4386,2,2
4387,2,2
4388,2,2
4389,2,2
4390,2,2
4391,2,2
4392,2,2
4393,2,2
4394,2,2
4395,2,2
4396,2,2
4397,2,2
4398,2,2
4399,2,2
4400,2,2
4401,2,2
4402,2,2
4403,2,2
4404,2,2
4405,2,2
4406,2,2
4407,2,2
4408,2,2
4409,2,2
4410,2,2
4411,2,2
4412,2,2
4413,2,2
4414,2,2
4415,2,2
4416,2,2
4417,2,2
4418,2,2
4419,2,2
4420,2,2
4421,2,2
4422,2,2
4423,2,2
4424,2,2
4425,2,2
4426,2,2
4427,2,2
4428,2,2
4429,2,2
4430,2,2
4431,2,2
4432,2,2
4433,2,2
4434,2,2
4435,2,2
4436,2,2
4437,2,2
4438,2,2
4439,2,2
4440,2,2
4441,2,2
4442,2,2
4443,2,2
4444,2,2
4445,2,2
4446,2,2
4447,2,2
4448,2,2
4449,2,2
4450,2,2
4451,2,2
4452,2,2
4453,2,2
4454,2,2
4455,2,2
4456,2,2
4457,2,2
4458,2,2
4459,2,2
4460,2,2
4461,2,2
4462,2,2
4463,2,2
4464,2,2
4465,2,2
4466,2,2
4467,2,2
4468,2,2
4469,2,2
4470,2,2
4471,2,2
4472,2,2
4473,2,2
4474,2,2
4475,2,2
4476,2,2
4477,2,2
4478,2,2
4479,2,2
4480,2,2
4481,2,2
4482,2,2
4483,2,2
4484,2,2
4485,2,2
4486,2,2
4487,2,2
4488,2,2
4489,2,2
4490,2,2
4491,2,2
4492,2,2
4493,2,2
4494,2,2
4495,2,2
4496,2,2
4497,2,2
4498,2,2
4499,2,2
4500,2,2
4501,2,2
4502,2,2
4503,2,2
4504,2,2
4505,2,2
4506,2,2
4507,2,2
4508,2,2
4509,2,2
4510,2,2
4511,2,2
4512,2,2
4513,2,2
4514,2,2
4515,2,2
4516,2,2
4517,2,2
4518,2,2
4519,2,2
4520,2,2
4521,2,2
4522,2,2
4523,2,2
4524,2,2
4525,2,2
4526,2,2
4527,2,2
4528,2,2
4529,2,2
4530,2,2
4531,2,2
4532,2,2
4533,2,2
4534,2,2
4535,2,2
4536,2,2
4537,2,2
4538,2,2
4539,2,2
4540,2,2
4541,2,2
4542,2,2
4543,2,2
4544,2,2
4545,2,2
4546,2,2
4547,2,2
4548,2,2
4549,2,2
4550,2,2
4551,2,2
4552,2,2
4553,2,2
4554,2,2
4555,2,2
4556,2,2
4557,2,2
4558,2,2
4559,2,2
4560,2,2
4561,2,2
4562,2,2
4563,2,2
4564,2,2
4565,2,2
4566,2,2
4567,2,2
4568,2,2
4569,2,2
4570,2,2
4571,2,2
4572,2,2
4573,2,2
4574,2,2
4575,2,2
4576,2,2
4577,2,2
4578,2,2
4579,2,2
4580,2,2
4581,2,2
4582,2,2
4583,2,2
4584,2,2
4585,2,2
4586,2,2
4587,2,2
4588,2,2
4589,2,2
4590,2,2
4591,2,2
4592,2,2
4593,2,2
4594,2,2
4595,2,2
4596,2,2
4597,2,2
4598,2,2
4599,2,2
4600,2,2
4601,2,2
4602,2,2
4603,2,2
4604,2,2
4605,2,2
4606,2,2
4607,2,2
4608,2,2
4609,2,2
4610,2,2
4611,2,2
4612,2,2
4613,2,2
4614,2,2
4615,2,2
4616,2,2
4617,2,2
4618,2,2
4619,2,2
4620,2,2
4621,2,2
4622,2,2
4623,2,2
4624,2,2
4625,2,2
4626,2,2
4627,2,2
4628,2,2
4629,2,2
4630,2,2
4631,2,2
4632,2,2
4633,2,2
4634,2,2
4635,2,2
4636,2,2
4637,2,2
4638,2,2
4639,2,2
4640,2,2
4641,2,2
4642,2,2
4643,2,2
4644,2,2
4645,2,2
4646,2,2
4647,2,2
4648,2,2
4649,2,2
4650,2,2
4651,2,2
4652,2,2
4653,2,2
4654,2,4
4655,2,4
4656,2,4
4657,2,4
4658,2,4
4659,2,4
4660,2,4
4661,2,4
4662,2,4
4663,2,4
4664,2,4
4665,1,4
4666,1,4
4667,1,4
4668,1,4
4669,1,4
4670,1,4
4671,1,4
4672,1,4
4673,1,4
4674,1,4
4675,1,4
4676,1,4
4677,1,4
4678,1,4
4679,1,4
4680,1,4
4681,1,4
4682,1,4
4683,1,4
4684,1,4
4685,1,4
4686,1,4
4687,1,4
4688,1,4
4689,1,4
4690,1,4
4691,1,4
4692,1,4
4693,1,4
4694,1,4
4695,1,4
4696,1,4
4697,1,4
4698,1,4
4699,1,4
4700,1,4
4701,1,4
4702,1,4
4703,1,4
4704,1,4
4705,1,4
4706,1,4
4707,1,4
4708,1,4
4709,1,4
4710,1,4
4711,1,4
4712,1,4
4713,1,4
4714,1,4
4715,1,4
4716,1,4
4717,1,4
4718,1,4
4719,1,4
4720,1,4
4721,1,4
4722,1,4
4723,1,4
4724,1,4
4725,1,4
4726,1,4
4727,1,4
4728,1,4
4729,1,4
4730,1,4
4731,1,4
4732,1,4
4733,1,4
4734,1,4
4735,1,4
4736,1,4
4737,1,4
4738,1,4
4739,1,4
4740,1,4
4741,1,4
4742,1,4
4743,1,4
4744,1,4
4745,1,4
4746,1,4
4747,1,4
4748,1,4
4749,1,4
4750,1,4
4751,1,4
4752,1,4
4753,1,4
4754,1,4
4755,1,4
4756,1,4
4757,1,4
4758,1,4
4759,1,4
4760,1,4
4761,1,4
4762,1,4
4763,1,4
4764,1,4
4765,1,4
4766,1,4
4767,1,4
4768,1,4
4769,1,4
4770,1,4
4771,1,4
4772,1,4
4773,1,4
4774,1,4
4775,1,4
4776,1,4
4777,1,4
4778,1,4
4779,1,4
4780,1,4
4781,1,4
4782,1,4
4783,1,4
4784,1,4
4785,1,4
4786,1,4
4787,1,4
4788,1,4
4789,1,4
4790,1,4
4791,1,4
4792,1,4
4793,1,4
4794,1,4
4795,1,4
4796,1,4
4797,1,4
4798,1,4
4799,1,4
4800,1,4
4801,1,4
4802,1,4
4803,1,4
4804,1,4
4805,1,4
4806,1,4
4807,1,4
4808,1,4
4809,1,4
4810,1,4
4811,1,4
4812,1,4
4813,1,4
4814,1,4
4815,1,4
4816,1,4
4817,1,4
4818,1,4
4819,1,4
4820,1,4
4821,1,4
4822,1,4
4823,1,4
4824,1,4
4825,1,4
4826,1,4
4827,1,4
4828,1,4
4829,1,4
4830,1,4
4831,1,4
4832,1,4
4833,1,4
4834,1,4
4835,1,4
4836,1,4
4837,1,4
4838,1,4
4839,1,4
4840,1,4
4841,1,4
4842,1,4
4843,1,4
4844,1,4
4845,1,4
4846,1,4
4847,1,4
4848,1,4
4849,1,4
4850,1,4
4851,1,4
4852,1,4
4853,1,4
4854,1,4
4855,1,4
4856,1,4
4857,1,4
4858,1,4
4859,1,4
4860,1,4
4861,1,4
4862,1,4
4863,1,4
4864,1,4
4865,1,4
4866,1,4
4867,1,4
4868,1,4
4869,1,4
4870,1,4
4871,1,4
4872,1,4
4873,1,4
4874,1,4
4875,1,4
4876,1,4
4877,1,4
4878,1,4
4879,1,4
4880,1,4
4881,1,4
4882,1,4
4883,1,4
4884,1,4
4885,1,4
4886,1,4
4887,1,4
4888,1,4
4889,1,4
4890,1,4
4891,1,4
4892,1,4
4893,1,4
4894,1,4
4895,1,4
4896,1,4
4897,1,4
4898,1,4
4899,1,4
4900,1,4
4901,1,4
4902,1,4
4903,1,4
4904,1,4
4905,1,4
4906,1,4
4907,1,4
4908,1,4
4909,1,4
4910,1,4
4911,1,4
4912,1,4
4913,1,4
4914,1,4
4915,1,4
4916,1,4
4917,1,4
4918,1,4
4919,1,4
4920,1,4
4921,1,4
4922,1,4
4923,1,4
4924,1,4
4925,1,4
4926,1,4
4927,1,4
4928,1,4
4929,1,4
4930,1,4
4931,1,4
4932,1,4
4933,1,4
4934,1,4
4935,1,4
4936,1,4
4937,1,4
4938,1,4
4939,1,4
4940,1,4
4941,1,4
4942,1,4
4943,1,4
4944,1,4
4945,1,4
4946,1,4
4947,1,4
4948,1,4
4949,1,4
4950,1,4
4951,1,4
4952,1,4
4953,1,4
4954,1,4
4955,1,4
4956,1,4
4957,1,4
4958,1,4
4959,1,4
4960,1,4
4961,1,4
4962,1,4
4963,1,4
4964,1,4
4965,1,4
4966,1,4
4967,1,4
4968,1,4
4969,1,4
4970,1,4
4971,1,4
4972,1,4
4973,1,4
4974,1,4
4975,1,4
4976,1,4
4977,1,4
4978,1,4
4979,1,4
4980,1,4
4981,1,4
4982,1,4
4983,1,4
4984,1,4
4985,1,4
4986,1,4
4987,1,4
4988,1,4
4989,1,4
4990,1,4
4991,1,4
4992,1,4
4993,1,4
4994,1,4
4995,1,4
4996,1,4
4997,1,4
4998,1,4
4999,1,4
5000,1,4
5001,1,4
5002,1,4
5003,1,4
5004,1,4
5005,1,4
5006,1,4
5007,1,4
5008,1,4
5009,1,4
5010,1,4
5011,1,4
5012,1,4
5013,1,4
5014,1,4
5015,1,4
5016,1,4
5017,1,4
5018,1,4
5019,1,4
5020,1,4
5021,1,4
5022,1,4
5023,1,4
5024,1,4
5025,1,4
5026,1,4
5027,1,4
5028,1,4
5029,1,4
5030,1,4
5031,1,4
5032,1,4
5033,1,4
5034,1,4
5035,1,4
5036,1,4
5037,1,4
5038,1,4
5039,1,4
5040,1,4
5041,1,4
5042,1,4
5043,1,4
5044,1,4
5045,1,4
5046,1,4
5047,1,4
5048,1,4
5049,1,4
5050,1,4
5051,1,4
5052,1,4
5053,1,4
5054,1,4
5055,1,4
5056,1,4
5057,1,4
5058,1,4
5059,1,4
5060,1,4
5061,1,4
5062,1,4
5063,1,4
5064,1,4
5065,1,4
5066,1,4
5067,1,4
5068,1,4
5069,1,4
5070,1,4
5071,1,4
5072,1,4
5073,1,4
5074,1,4
5075,1,4
5076,1,4
5077,1,4
5078,1,4
5079,1,4
5080,1,4
5081,1,4
5082,1,4
5083,1,4
5084,1,4
5085,1,4
5086,1,4
5087,1,4
5088,1,4
5089,1,4
5090,1,4
5091,1,4
5092,1,4
5093,1,4
5094,1,4
5095,1,4
5096,1,4
5097,1,4
5098,1,4
5099,1,4
5100,1,4
5101,1,4
5102,1,4
5103,1,4
5104,1,4
5105,1,4
5106,1,4
5107,1,4
5108,1,4
5109,1,4
5110,1,4
5111,1,4
5112,1,4
5113,1,4
5114,1,4
5115,1,4
5116,1,4
5117,1,4
5118,1,4
5119,1,4
5120,1,4
5121,1,4
5122,1,4
5123,1,4
5124,1,4
5125,1,4
5126,1,4
5127,1,4
5128,1,4
5129,1,4
5130,1,4
5131,1,4
5132,1,4
5133,1,4
5134,1,4
5135,1,4
5136,1,4
5137,1,4
5138,1,4
5139,1,4
5140,1,4
5141,1,4
5142,1,4
5143,1,4
5144,1,4
5145,1,4
5146,1,4
5147,1,4
5148,1,4
5149,1,4
5150,1,4
5151,1,4
5152,1,4
5153,1,4
5154,1,4
5155,1,4
5156,1,4
5157,1,4
5158,1,4
5159,1,4
5160,1,4
5161,1,4
5162,1,4
5163,1,4
5164,1,4
5165,1,4
5166,1,4
5167,1,4
5168,1,4
5169,1,4
5170,1,4
5171,1,4
5172,1,4
5173,1,4
5174,1,4
5175,1,4
5176,1,4
5177,1,4
5178,1,4
5179,1,4
5180,1,4
5181,1,4
5182,1,4
5183,1,4
5184,1,4
5185,1,4
5186,1,4
5187,1,4
5188,1,4
5189,1,4
5190,1,4
5191,1,4
5192,1,4
5193,1,4
5194,1,4
5195,1,4
5196,1,4
5197,1,4
5198,1,4
5199,1,4
5200,1,4
5201,1,4
5202,1,4
5203,1,4
5204,1,4
5205,1,4
5206,1,4
5207,1,4
5208,1,4
5209,1,4
5210,1,4
5211,1,4
5212,1,4
5213,1,4
5214,1,4
5215,1,4
5216,1,4
5217,1,4
5218,1,4
5219,1,4
5220,1,4
5221,1,4
5222,1,4
5223,1,4
5224,1,4
5225,1,4
5226,1,4
5227,1,4
5228,1,4
5229,1,4
5230,1,4
5231,1,4
5232,1,4
5233,1,4
5234,1,4
5235,1,4
5236,1,4
5237,1,4
5238,1,4
5239,1,4
5240,1,4
5241,1,4
5242,1,4
5243,1,4
5244,1,4
5245,1,4
5246,1,4
5247,1,4
5248,1,4
5249,1,4
5250,1,4
5251,1,4
5252,1,4
5253,1,4
5254,1,4
5255,1,4
5256,1,4
5257,1,4
5258,1,4
5259,1,4
5260,1,4
5261,1,4
5262,1,4
5263,1,4
5264,1,4
5265,1,4
5266,1,4
5267,1,4
5268,1,4
5269,1,4
5270,1,4
5271,1,4
5272,1,4
5273,1,4
5274,1,4
5275,1,4
5276,1,4
5277,1,4
5278,1,4
5279,1,4
5280,1,4
5281,1,4
5282,1,4
5283,1,4
5284,1,4
5285,1,4
5286,1,4
5287,1,4
5288,1,4
5289,1,4
5290,1,4
5291,1,4
5292,1,4
5293,1,4
5294,1,4
5295,1,4
5296,1,4
5297,1,4
5298,1,4
5299,1,4
5300,1,4
5301,1,4
5302,1,4
5303,1,4
5304,1,4
5305,1,4
5306,1,4
5307,1,4
5308,1,4
5309,1,4
5310,1,4
5311,1,4
5312,1,4
5313,1,4
5314,1,4
5315,1,4
5316,1,4
5317,1,4
5318,1,4
5319,1,4
5320,1,4
5321,1,4
5322,1,4
5323,1,4
5324,1,4
5325,1,4
5326,1,4
5327,1,4
5328,1,4
5329,1,4
5330,1,4
5331,1,4
5332,1,4
5333,1,4
5334,1,4
5335,1,4
5336,1,4
5337,1,4
5338,1,4
5339,1,4
5340,1,4
5341,1,4
5342,1,4
5343,1,4
5344,1,4
5345,1,4
5346,1,4
5347,1,4
5348,1,4
5349,1,4
5350,1,4
5351,1,4
5352,1,4
5353,1,4
5354,1,4
5355,1,4
5356,1,4
5357,1,4
5358,1,4
5359,1,4
5360,1,4
5361,1,4
5362,1,4
5363,1,4
5364,1,4
5365,1,4
5366,1,4
5367,1,4
5368,1,4
5369,1,4
5370,1,4
5371,1,4
5372,1,4
5373,1,4
5374,1,4
5375,1,4
5376,1,4
5377,1,4
5378,1,4
5379,1,4
5380,1,4
5381,1,4
5382,1,4
5383,1,4
5384,1,4
5385,1,4
5386,1,4
5387,1,4
5388,1,4
5389,1,4
5390,1,4
5391,1,4
5392,1,4
5393,1,4
5394,1,4
5395,1,4
5396,1,4
5397,1,4
5398,1,4
5399,1,4
5400,1,4
5401,1,4
5402,1,4
5403,1,4
5404,1,4
5405,1,4
5406,1,4
5407,1,4
5408,1,4
5409,1,4
5410,1,4
5411,1,4
5412,1,4
5413,1,4
5414,1,4
5415,1,4
5416,1,4
5417,1,4
5418,1,4
5419,1,4
5420,1,4
5421,1,4
5422,1,4
5423,1,4
5424,1,4
5425,1,4
5426,1,4
5427,1,4
5428,1,4
5429,1,4
5430,1,4
5431,1,4
5432,1,4
5433,1,4
5434,1,4
5435,1,4
5436,1,4
5437,1,4
5438,1,4
5439,1,4
5440,1,4
5441,1,4
5442,1,4
5443,1,4
5444,1,4
5445,1,4
5446,1,4
5447,1,4
5448,1,4
5449,1,4
5450,1,4
5451,1,4
5452,1,4
5453,1,4
5454,1,4
5455,1,4
5456,1,4
5457,1,4
5458,1,4
5459,1,4
5460,1,4
5461,1,4
5462,1,4
5463,1,4
5464,1,4
5465,1,4
5466,1,4
5467,1,4
5468,1,4
5469,1,4
5470,1,4
5471,1,4
5472,1,4
5473,1,4
5474,1,4
5475,1,4
5476,1,4
5477,1,4
5478,1,4
5479,1,4
5480,1,4
5481,1,4
5482,1,4
5483,1,4
5484,1,4
5485,1,4
5486,1,4
5487,1,4
5488,1,4
5489,1,4
5490,1,4
5491,1,4
5492,1,4
5493,1,4
5494,1,4
5495,1,4
5496,1,4
5497,1,4
5498,1,4
5499,1,4
5500,1,4
5501,1,4
5502,1,4
5503,1,4
5504,1,4
5505,1,4
5506,1,4
5507,1,4
5508,1,4
5509,1,4
5510,1,4
5511,1,4
5512,1,4
5513,1,4
5514,1,4
5515,1,4
5516,1,4
5517,1,4
5518,1,4
5519,1,4
5520,1,4
5521,1,4
5522,1,4
5523,1,4
5524,1,4
5525,1,4
5526,1,4
5527,1,4
5528,1,4
5529,1,4
5530,1,4
5531,1,4
5532,1,4
5533,1,4
5534,1,4
5535,1,4
5536,1,4
5537,1,5
5538,1,5
5539,1,5
5540,1,5
5541,1,5
5542,1,5
5543,1,5
5544,1,5
5545,1,5
5546,1,5
5547,1,5
5548,1,5
5549,1,5
5550,1,5
5551,1,5
5552,1,5
5553,3,5
5554,3,5
5555,3,5
5556,3,5
5557,3,5
5558,3,5
5559,3,5
5560,3,5
5561,3,5
5562,3,5
5563,3,5
5564,3,5
5565,3,5
5566,3,5
5567,3,5
5568,3,5
5569,3,5
5570,3,5
5571,3,5
5572,3,5
5573,3,5
5574,3,5
5575,3,5
5576,3,5
5577,3,5
5578,3,5
5579,3,5
5580,3,5
5581,3,5
5582,3,5
5583,3,5
5584,3,5
5585,3,5
5586,3,5
5587,3,5
5588,3,5
5589,3,5
5590,3,5
5591,3,5
5592,3,5
5593,3,5
5594,3,5
5595,3,5
5596,3,5
5597,3,5
5598,3,5
5599,3,5
5600,3,5
5601,3,5
5602,3,5
5603,3,5
5604,3,5
5605,3,5
5606,3,5
5607,3,5
5608,3,5
5609,3,5
5610,3,5
5611,3,5
5612,3,5
5613,3,5
5614,3,5
5615,3,5
5616,3,5
5617,3,5
5618,3,5
5619,3,5
5620,3,5
5621,3,5
5622,3,5
5623,3,5
5624,3,5
5625,3,5
5626,3,5
5627,3,5
5628,3,5
5629,3,5
5630,3,5
5631,3,5
5632,3,5
5633,3,5
5634,3,5
5635,3,5
5636,3,5
5637,3,5
5638,3,5
5639,3,5
5640,3,5
5641,3,5
5642,3,5
5643,3,5
5644,3,5
5645,3,5
5646,3,5
5647,3,5
5648,3,5
5649,3,5
5650,3,5
5651,3,5
5652,3,5
5653,3,5
5654,3,5
5655,3,5
5656,3,5
5657,3,5
5658,3,5
5659,3,5
5660,3,5
5661,3,5
5662,3,5
5663,3,5
5664,3,5
5665,3,5
5666,3,5
5667,3,5
5668,3,5
5669,3,5
5670,3,5
5671,3,5
5672,3,5
5673,3,5
5674,3,5
5675,3,5
5676,3,5
5677,3,5
5678,3,5
5679,3,5
5680,3,5
5681,3,5
5682,3,5
5683,3,5
5684,3,5
5685,3,5
5686,3,5
5687,3,5
5688,3,5
5689,3,5
5690,3,5
5691,3,5
5692,3,5
5693,3,5
5694,3,5
5695,3,5
5696,3,5
5697,3,5
5698,3,5
5699,3,5
5700,3,5
5701,3,5
5702,3,5
5703,3,5
5704,3,5
5705,3,5
5706,3,5
5707,3,5
5708,3,5
5709,3,5
5710,3,5
5711,3,5
5712,3,5
5713,3,5
5714,3,5
5715,3,5
5716,3,5
5717,3,5
5718,3,5
5719,3,5
5720,3,5
5721,3,5
5722,3,5
5723,3,5
5724,3,5
5725,3,5
5726,3,5
5727,3,5
5728,3,5
5729,3,5
5730,3,5
5731,3,5
5732,3,5
5733,3,5
5734,3,5
5735,3,5
5736,3,5
5737,3,5
5738,3,5
5739,3,5
5740,3,5
5741,3,5
5742,3,5
5743,3,5
5744,3,5
5745,3,5
5746,3,5
5747,3,5
5748,3,5
5749,3,5
5750,3,5
5751,3,5
5752,3,5
5753,3,5
5754,3,5
5755,3,5
5756,3,5
5757,3,5
5758,3,5
5759,3,5
5760,3,5
5761,3,5
5762,3,5
5763,3,5
5764,3,5
5765,3,5
5766,3,5
5767,3,5
5768,3,5
5769,3,5
5770,3,5
5771,3,5
5772,3,5
5773,3,5
5774,3,5
5775,3,5
5776,3,5
5777,3,5
5778,3,5
5779,3,5
5780,3,5
5781,3,5
5782,3,5
5783,3,5
5784,3,5
5785,3,5
5786,3,5
5787,3,5
5788,3,5
5789,3,5
5790,3,5
5791,3,5
5792,3,5
5793,3,5
5794,3,5
5795,3,5
5796,3,5
5797,3,5
5798,3,5
5799,3,5
5800,3,5
5801,3,5
5802,3,5
5803,3,5
5804,3,5
5805,3,5
5806,3,5
5807,3,5
5808,3,5
5809,3,5
5810,3,5
5811,3,5
5812,3,5
5813,3,5
5814,3,5
5815,3,5
5816,3,5
5817,3,5
5818,3,5
5819,3,5
5820,3,5
5821,3,5
5822,3,5
5823,3,5
5824,3,5
5825,3,5
5826,3,5
5827,3,5
5828,3,5
5829,3,5
5830,3,5
5831,3,5
5832,3,5
5833,3,5
5834,3,5
5835,3,5
5836,3,5
5837,3,5
5838,3,5
5839,3,5
5840,3,5
5841,3,5
5842,3,5
5843,3,5
5844,3,5
5845,3,5
5846,3,5
5847,3,5
5848,3,5
5849,3,5
5850,3,5
5851,3,5
5852,3,5
5853,3,5
5854,3,5
5855,3,5
5856,3,5
5857,3,5
5858,3,5
5859,3,5
5860,3,5
5861,3,5
5862,3,5
5863,3,5
5864,3,5
5865,3,5
5866,3,5
5867,3,5
5868,3,5
5869,3,5
5870,3,5
5871,3,5
5872,3,5
5873,3,5
5874,3,5
5875,3,5
5876,3,5
5877,3,5
5878,3,5
5879,3,5
5880,3,5
5881,3,5
5882,3,5
5883,3,5
5884,3,5
5885,3,5
5886,3,5
5887,3,5
5888,3,5
5889,3,5
5890,3,5
5891,3,5
5892,3,5
5893,3,5
5894,3,5
5895,3,5
5896,3,5
5897,3,5
5898,3,5
5899,3,5
5900,3,5
5901,3,5
5902,3,5
5903,3,5
5904,3,5
5905,3,5
5906,3,5
5907,3,5
5908,3,5
5909,3,5
5910,3,5
5911,3,5
5912,3,5
5913,3,5
5914,3,5
5915,3,5
5916,3,5
5917,3,5
5918,3,5
5919,3,5
5920,3,5
5921,3,5
5922,3,5
5923,3,5
5924,3,5
5925,3,5
5926,3,5
5927,3,5
5928,3,5
5929,3,5
5930,3,5
5931,3,5
5932,3,5
5933,3,5
5934,3,5
5935,3,5
5936,3,5
5937,3,5
5938,3,5
5939,3,5
5940,3,5
5941,3,5
5942,3,5
5943,3,5
5944,3,5
5945,3,5
5946,3,5
5947,3,5
5948,3,5
5949,3,5
5950,3,5
5951,3,5
5952,3,5
5953,3,5
5954,3,5
5955,3,5
5956,3,5
5957,3,5
5958,3,5
5959,3,5
5960,3,5
5961,3,5
5962,3,5
5963,3,5
5964,3,5
5965,3,5
5966,3,5
5967,3,5
5968,3,5
5969,3,5
5970,3,5
5971,3,5
5972,3,5
5973,3,5
5974,3,5
5975,3,5
5976,3,5
5977,3,5
5978,3,5
5979,3,5
5980,3,5
5981,3,5
5982,3,5
5983,3,5
5984,3,5
5985,3,5
5986,3,5
5987,3,5
5988,3,5
5989,3,5
5990,3,5
5991,3,5
5992,3,5
5993,3,5
5994,3,5
5995,3,5
5996,3,5
5997,3,5
5998,3,5
5999,3,5
6000,3,5
6001,3,5
6002,3,5
6003,3,5
6004,3,5
6005,3,5
6006,3,5
6007,3,5
6008,3,5
6009,3,5
6010,3,5
6011,3,5
6012,3,5
6013,3,5
6014,3,5
6015,3,5
6016,3,5
6017,3,5
6018,3,5
6019,3,5
6020,3,5
6021,3,5
6022,3,5
6023,3,5
6024,3,5
6025,3,5
6026,3,5
6027,3,5
6028,3,5
6029,3,5
6030,3,5
6031,3,5
6032,3,5
6033,3,5
6034,3,5
6035,3,5
6036,3,5
6037,3,5
6038,3,5
6039,3,5
6040,3,5
6041,3,5
6042,3,5
6043,3,5
6044,3,5
6045,3,5
6046,3,5
6047,3,5
6048,3,5
6049,3,5
6050,3,5
6051,3,5
6052,3,5
6053,3,5
6054,3,5
6055,3,5
6056,3,5
6057,3,5
6058,3,5
6059,3,5
6060,3,5
6061,3,5
6062,3,5
6063,3,5
6064,3,5
6065,3,5
6066,3,5
6067,3,5
6068,3,5
6069,3,5
6070,3,5
6071,3,5
6072,3,5
6073,3,5
6074,3,5
6075,3,5
6076,3,5
6077,3,5
6078,3,5
6079,3,5
6080,3,5
6081,3,5
6082,3,5
6083,3,5
6084,3,5
6085,3,5
6086,3,5
6087,3,5
6088,3,5
6089,3,5
6090,3,5
6091,3,5
6092,3,5
6093,3,5
6094,3,5
6095,3,5
6096,3,5
6097,3,5
6098,3,5
6099,3,5
6100,3,5
6101,3,5
6102,3,5
6103,3,5
6104,3,5
6105,3,5
6106,3,5
6107,3,5
6108,3,5
6109,3,5
6110,3,5
6111,3,5
6112,3,5
6113,3,5
6114,3,5
6115,3,5
6116,3,5
6117,3,5
6118,3,5
6119,3,5
6120,3,5
6121,3,5
6122,3,5
6123,3,5
6124,3,5
6125,3,5
6126,3,5
6127,3,5
6128,3,5
6129,3,5
6130,3,5
6131,3,5
6132,3,5
6133,3,5
6134,3,5
6135,3,5
6136,3,5
6137,3,5
6138,3,5
6139,3,5
6140,3,5
6141,3,5
6142,3,5
6143,3,5
6144,3,5
6145,3,5
6146,3,5
6147,3,5
6148,3,5
6149,3,5
6150,3,5
6151,3,5
6152,3,5
6153,3,5
6154,3,5
6155,3,5
6156,3,5
6157,3,5
6158,3,5
6159,3,5
6160,3,5
6161,3,5
6162,3,5
6163,3,5
6164,3,5
6165,3,5
6166,3,5
6167,3,5
6168,3,5
6169,3,5
6170,3,5
6171,3,5
6172,3,5
6173,3,5
6174,3,5
6175,3,5
6176,3,5
6177,3,5
6178,3,5
6179,3,5
6180,3,5
6181,3,5
6182,3,5
6183,3,5
6184,3,5
6185,3,5
6186,3,5
6187,3,5
6188,3,5
6189,3,5
6190,3,5
6191,3,5
6192,3,5
6193,3,5
6194,3,5
6195,3,5
6196,3,5
6197,3,5
6198,3,5
6199,3,5
6200,3,5
6201,3,5
6202,3,5
6203,3,5
6204,3,5
6205,3,5
6206,3,5
6207,3,5
6208,3,5
6209,3,5
6210,3,5
6211,3,5
6212,3,5
6213,3,5
6214,3,5
6215,3,5
6216,3,5
6217,4,5
6218,4,5
6219,4,5
6220,4,5
6221,4,5
6222,4,5
6223,4,2
6224,4,2
6225,4,2
6226,4,2
6227,4,2
6228,4,2
6229,4,2
6230,4,2
6231,4,2
6232,4,2
6233,4,2
6234,4,2
6235,4,2
6236,4,2
6237,4,2
6238,4,2
6239,4,2
6240,4,2
6241,4,2
6242,4,2
6243,4,2
6244,4,2
6245,4,2
6246,4,2
6247,4,2
6248,4,2
6249,4,2
6250,4,2
6251,4,2
6252,4,2
6253,4,2
6254,4,2
6255,4,2
6256,4,2
6257,4,2
6258,4,2
6259,4,2
6260,4,2
6261,4,2
6262,4,2
6263,4,2
6264,4,2
6265,4,2
6266,4,2
6267,4,2
6268,4,2
6269,4,2
6270,4,2
6271,4,2
6272,4,2
6273,4,2
6274,4,2
6275,4,2
6276,4,2
6277,4,2
6278,4,2
6279,4,2
6280,4,2
6281,4,2
6282,4,2
6283,4,2
6284,4,2
6285,4,2
6286,4,2
6287,4,2
6288,4,2
6289,4,2
6290,4,2
6291,4,2
6292,4,2
6293,4,2
6294,4,2
6295,4,2
6296,4,2
6297,4,2
6298,4,2
6299,4,2
6300,4,2
6301,4,2
6302,4,2
6303,4,2
6304,4,2
6305,4,2
6306,4,2
6307,4,2
6308,4,2
6309,4,2
6310,4,2
6311,4,2
6312,4,2
6313,4,2
6314,4,2
6315,4,2
6316,4,2
6317,4,2
6318,4,2
6319,4,2
6320,4,2
6321,4,2
6322,4,2
6323,4,2
6324,4,2
6325,4,2
6326,4,2
6327,4,2
6328,4,2
6329,4,2
6330,4,2
6331,4,2
6332,4,2
6333,4,2
6334,4,2
6335,4,2
6336,4,2
6337,4,2
6338,4,2
6339,4,2
6340,4,2
6341,4,2
6342,4,2
6343,4,2
6344,4,2
6345,4,2
6346,4,2
6347,4,2
6348,4,2
6349,4,2
6350,4,2
6351,4,2
6352,4,2
6353,4,2
6354,4,2
6355,4,2
6356,4,2
6357,4,2
6358,4,2
6359,4,2
6360,4,2
6361,4,2
6362,4,2
6363,4,2
6364,4,2
6365,4,2
6366,4,2
6367,4,2
6368,4,2
6369,4,2
6370,4,2
6371,4,2
6372,4,2
6373,4,2
6374,4,2
6375,4,2
6376,4,2
6377,4,2
6378,4,2
6379,4,2
6380,4,2
6381,4,2
6382,4,2
6383,4,2
6384,4,2
6385,4,2
6386,4,2
6387,4,2
6388,4,2
6389,4,2
6390,4,2
6391,4,2
6392,4,2
6393,4,2
6394,4,2
6395,4,2
6396,4,2
6397,4,2
6398,4,2
6399,4,2
6400,4,2
6401,4,2
6402,4,2
6403,4,2
6404,4,2
6405,4,2
6406,4,2
6407,4,2
6408,4,2
6409,4,2
6410,4,2
6411,4,2
6412,4,2
6413,4,2
6414,4,2
6415,4,2
6416,4,2
6417,4,2
6418,4,2
6419,4,2
6420,4,2
6421,4,2
6422,4,2
6423,4,2
6424,4,2
6425,4,2
6426,4,2
6427,4,2
6428,4,2
6429,4,2
6430,4,2
6431,4,2
6432,4,2
6433,4,2
6434,4,2
6435,4,2
6436,4,2
6437,4,2
6438,4,2
6439,4,2
6440,4,2
6441,4,2
6442,4,2
6443,4,2
6444,4,2
6445,4,2
6446,4,2
6447,4,2
6448,4,2
6449,4,2
6450,4,2
6451,4,2
6452,4,2
6453,4,2
6454,4,2
6455,4,2
6456,4,2
6457,4,2
6458,4,2
6459,4,2
6460,4,2
6461,4,2
6462,4,2
6463,4,2
6464,4,2
6465,4,2
6466,4,2
6467,4,2
6468,4,2
6469,4,2
6470,4,2
6471,4,2
6472,4,2
6473,4,2
6474,4,2
6475,4,2
6476,4,2
6477,4,2
6478,4,2
6479,4,2
6480,4,2
6481,4,2
6482,4,2
6483,4,2
6484,4,2
6485,4,2
6486,4,2
6487,4,2
6488,4,2
6489,4,2
6490,4,2
6491,4,2
6492,4,2
6493,4,2
6494,4,2
6495,4,2
6496,4,2
6497,4,2
6498,4,2
6499,4,2
6500,4,2
6501,4,2
6502,4,2
6503,4,2
6504,4,2
6505,4,2
6506,4,2
6507,4,2
6508,4,2
6509,4,2
6510,4,2
6511,4,2
6512,4,2
6513,4,2
6514,4,2
6515,4,2
6516,4,2
6517,4,2
6518,4,2
6519,4,2
6520,4,2
6521,4,2
6522,4,2
6523,4,2
6524,4,2
6525,4,2
6526,4,2
6527,4,2
6528,4,2
6529,4,2
6530,4,2
6531,4,2
6532,4,2
6533,4,2
6534,4,2
6535,4,2
6536,4,2
6537,4,2
6538,4,2
6539,4,2
6540,4,2
6541,4,2
6542,4,2
6543,4,2
6544,4,2
6545,4,2
6546,4,2
6547,4,2
6548,4,2
6549,4,2
6550,4,2
6551,4,2
6552,4,2
6553,4,2
6554,4,2
6555,4,2
6556,4,2
6557,4,2
6558,4,2
6559,4,2
6560,4,2
6561,4,2
6562,4,2
6563,4,2
6564,4,2
6565,4,2
6566,4,2
6567,4,2
6568,4,2
6569,4,2
6570,4,2
6571,4,2
6572,4,2
6573,4,2
6574,4,2
6575,4,2
6576,4,2
6577,4,2
6578,4,2
6579,4,2
6580,4,2
6581,4,2
6582,4,2
6583,4,2
6584,4,2
6585,4,2
6586,4,2
6587,4,2
6588,4,2
6589,4,2
6590,4,2
6591,4,2
6592,4,2
6593,4,2
6594,4,2
6595,4,2
6596,4,2
6597,4,2
6598,4,2
6599,4,2
6600,4,2
6601,4,2
6602,4,2
6603,4,2
6604,4,2
6605,4,2
6606,4,2
6607,4,2
6608,4,2
6609,4,2
6610,4,2
6611,4,2
6612,4,2
6613,4,2
6614,4,2
6615,4,2
6616,4,2
6617,4,2
6618,4,2
6619,4,2
6620,4,2
6621,4,2
6622,4,2
6623,4,2
6624,4,2
6625,4,2
6626,4,2
6627,4,2
6628,4,2
6629,4,2
6630,4,2
6631,4,2
6632,4,2
6633,4,2
6634,4,2
6635,4,2
6636,4,2
6637,4,2
6638,4,2
6639,4,2
6640,4,2
6641,4,2
6642,4,2
6643,4,2
6644,4,2
6645,4,2
6646,4,2
6647,4,2
6648,4,2
6649,4,2
6650,4,2
6651,4,2
6652,4,2
6653,4,2
6654,4,2
6655,4,2
6656,4,2
6657,4,2
6658,4,2
6659,4,2
6660,4,2
6661,4,2
6662,4,2
6663,4,2
6664,4,2
6665,4,2
6666,4,2
6667,4,2
6668,4,2
6669,4,2
6670,4,2
6671,4,2
6672,4,2
6673,4,2
6674,4,2
6675,4,2
6676,4,2
6677,4,2
6678,4,2
6679,4,2
6680,4,2
6681,4,2
6682,4,2
6683,4,2
6684,4,2
6685,4,2
6686,4,2
6687,4,2
6688,4,2
6689,4,2
6690,4,2
6691,4,2
6692,4,2
6693,4,2
6694,4,2
6695,4,2
6696,4,2
6697,4,2
6698,4,2
6699,4,2
6700,4,2
6701,4,2
6702,4,2
6703,4,2
6704,4,2
6705,4,2
6706,4,2
6707,4,2
6708,4,2
6709,4,2
6710,4,2
6711,4,2
6712,4,2
6713,4,2
6714,4,2
6715,4,2
6716,4,2
6717,4,2
6718,4,2
6719,4,2
6720,4,2
6721,4,2
6722,4,2
6723,4,2
6724,4,2
6725,4,2
6726,4,2
6727,4,2
6728,4,2
6729,4,2
6730,4,2
6731,4,2
6732,4,2
6733,4,2
6734,4,2
6735,4,2
6736,4,2
6737,4,2
6738,4,2
6739,4,2
6740,4,2
6741,4,2
6742,4,2
6743,4,2
6744,4,2
6745,4,2
6746,4,2
6747,4,2
6748,4,2
6749,4,2
6750,4,2
6751,4,2
6752,4,2
6753,4,2
6754,4,2
6755,4,2
6756,4,2
6757,4,2
6758,4,2
6759,4,2
6760,4,2
6761,4,2
6762,4,2
6763,4,2
6764,4,2
6765,4,2
6766,4,2
6767,4,2
6768,4,2
6769,4,2
6770,4,2
6771,4,2
6772,4,2
6773,4,2
6774,4,2
6775,4,2
6776,4,2
6777,4,2
6778,4,2
6779,4,2
6780,4,2
6781,4,2
6782,4,2
6783,4,2
6784,4,2
6785,4,2
6786,4,2
6787,4,2
6788,4,2
6789,4,2
6790,4,2
6791,4,2
6792,4,2
6793,4,2
6794,4,2
6795,4,2
6796,4,2
6797,4,2
6798,4,2
6799,4,2
6800,4,2
6801,4,2
6802,4,2
6803,4,2
6804,4,2
6805,4,2
6806,4,2
6807,4,2
6808,4,2
6809,4,2
6810,4,2
6811,4,2
6812,4,2
6813,4,2
6814,4,2
6815,4,2
6816,4,2
6817,4,2
6818,4,2
6819,4,2
6820,4,2
6821,4,2
6822,4,2
6823,4,2
6824,4,2
6825,4,2
6826,4,2
6827,4,2
6828,4,2
6829,4,2
6830,4,2
6831,4,2
6832,4,2
6833,4,2
6834,4,2
6835,4,2
6836,4,2
6837,4,2
6838,4,2
6839,4,2
6840,4,2
6841,4,2
6842,4,2
6843,4,2
6844,4,2
6845,4,2
6846,4,2
6847,4,2
6848,4,2
6849,4,2
6850,4,2
6851,4,2
6852,4,2
6853,4,2
6854,4,2
6855,4,2
6856,4,2
6857,4,2
6858,4,2
6859,4,2
6860,4,2
6861,4,2
6862,4,2
6863,4,2
6864,4,2
6865,4,2
6866,4,2
6867,4,2
6868,4,2
6869,4,2
6870,4,2
6871,4,2
6872,4,2
6873,4,2
6874,4,2
6875,4,2
6876,4,2
6877,4,2
6878,4,2
6879,4,2
6880,4,2
6881,4,2
6882,4,2
6883,4,2
6884,4,2
6885,4,2
6886,4,2
6887,4,2
6888,4,2
6889,4,2
6890,4,2
6891,4,2
6892,4,2
6893,4,2
6894,4,2
6895,4,2
6896,4,2
6897,4,2
6898,4,2
6899,4,2
6900,4,2
6901,4,2
6902,4,2
6903,4,2
6904,4,2
6905,4,4
6906,4,4
6907,4,4
6908,4,4
6909,4,4
6910,4,4
6911,4,4
6912,4,4
6913,4,4
6914,4,4
6915,4,4
6916,4,4
6917,4,4
6918,1,4
6919,1,4
6920,1,4
6921,1,4
6922,1,4
6923,1,4
6924,1,4
6925,1,4
6926,1,4
6927,1,4
6928,1,4
6929,1,4
6930,1,4
6931,1,4
6932,1,4
6933,1,4
6934,1,4
6935,1,4
6936,1,4
6937,1,4
6938,1,4
6939,1,4
6940,1,4
6941,1,4
6942,1,4
6943,1,4
6944,1,4
6945,1,4
6946,1,4
6947,1,4
6948,1,4
6949,1,4
6950,1,4
6951,1,4
6952,1,4
6953,1,4
6954,1,4
6955,1,4
6956,1,4
6957,1,4
6958,1,4
6959,1,4
6960,1,4
6961,1,4
6962,1,4
6963,1,4
6964,1,4
6965,1,4
6966,1,4
6967,1,4
6968,1,4
6969,1,4
6970,1,4
6971,1,4
6972,1,4
6973,1,4
6974,1,4
6975,1,4
6976,1,4
6977,1,4
6978,1,4
6979,1,4
6980,1,4
6981,1,4
6982,1,4
6983,1,4
6984,1,4
6985,1,4
6986,1,4
6987,1,4
6988,1,4
6989,1,4
6990,1,4
6991,1,4
6992,1,4
6993,1,4
6994,1,4
6995,1,4
6996,1,4
6997,1,4
6998,1,4
6999,1,4
7000,1,4
7001,1,4
7002,1,4
7003,1,4
7004,1,4
7005,1,4
7006,1,4
7007,1,4
7008,1,4
7009,1,4
7010,1,4
7011,1,4
7012,1,4
7013,1,4
7014,1,4
7015,1,4
7016,1,4
7017,1,4
7018,1,4
7019,1,4
7020,1,4
7021,1,4
7022,1,4
7023,1,4
7024,1,4
7025,1,4
7026,1,4
7027,1,4
7028,1,4
7029,1,4
7030,1,4
7031,1,4
7032,1,4
7033,1,4
7034,1,4
7035,1,4
7036,1,4
7037,1,4
7038,1,4
7039,1,4
7040,1,4
7041,1,4
7042,1,4
7043,1,4
7044,1,4
7045,1,4
7046,1,4
7047,1,4
7048,1,4
7049,1,4
7050,1,4
7051,1,4
7052,1,4
7053,1,4
7054,1,4
7055,1,4
7056,1,4
7057,1,4
7058,1,4
7059,1,4
7060,1,4
7061,1,4
7062,1,4
7063,1,4
7064,1,4
7065,1,4
7066,1,4
7067,1,4
7068,1,4
7069,1,4
7070,1,4
7071,1,4
7072,1,4
7073,1,4
7074,1,4
7075,1,4
7076,1,4
7077,1,4
7078,1,4
7079,1,4
7080,1,4
7081,1,4
7082,1,4
7083,1,4
7084,1,4
7085,1,4
7086,1,4
7087,1,4
7088,1,4
7089,1,4
7090,1,4
7091,1,4
7092,1,4
7093,1,4
7094,1,4
7095,1,4
7096,1,4
7097,1,4
7098,1,4
7099,1,4
7100,1,4
7101,1,4
7102,1,4
7103,1,4
7104,1,4
7105,1,4
7106,1,4
7107,1,4
7108,1,4
7109,1,4
7110,1,4
7111,1,4
7112,1,4
7113,1,4
7114,1,4
7115,1,4
7116,1,4
7117,1,4
7118,1,4
7119,1,4
7120,1,4
7121,1,4
7122,1,4
7123,1,4
7124,1,4
7125,1,4
7126,1,4
7127,1,4
7128,1,4
7129,1,4
7130,1,4
7131,1,4
7132,1,4
7133,1,4
7134,1,4
7135,1,4
7136,1,4
7137,1,4
7138,1,4
7139,1,4
7140,1,4
7141,1,4
7142,1,4
7143,1,4
7144,1,4
7145,1,4
7146,1,4
7147,1,4
7148,1,4
7149,1,4
7150,1,4
7151,1,4
7152,1,4
7153,1,4
7154,1,4
7155,1,4
7156,1,4
7157,1,4
7158,1,4
7159,1,4
7160,1,4
7161,1,4
7162,1,4
7163,1,4
7164,1,4
7165,1,4
7166,1,4
7167,1,4
7168,1,4
7169,1,4
7170,1,4
7171,1,4
7172,1,4
7173,1,4
7174,1,4
7175,1,4
7176,1,4
7177,1,4
7178,1,4
7179,1,4
7180,1,4
7181,1,4
7182,1,4
7183,1,4
7184,1,4
7185,1,4
7186,1,4
7187,1,4
7188,1,4
7189,1,4
7190,1,4
7191,1,4
7192,1,4
7193,1,4
7194,1,4
7195,1,4
7196,1,4
7197,1,4
7198,1,4
7199,1,4
7200,1,4
7201,1,4
7202,1,4
7203,1,4
7204,1,4
7205,1,4
7206,1,4
7207,1,4
7208,1,4
7209,1,4
7210,1,4
7211,1,4
7212,1,4
7213,1,4
7214,1,4
7215,1,4
7216,1,4
7217,1,4
7218,1,4
7219,1,4
7220,1,4
7221,1,4
7222,1,4
7223,1,4
7224,1,4
7225,1,4
7226,1,4
7227,1,4
7228,1,4
7229,1,4
7230,1,4
7231,1,4
7232,1,4
7233,1,4
7234,1,4
7235,1,4
7236,1,4
7237,1,4
7238,1,4
7239,1,4
7240,1,4
7241,1,4
7242,1,4
7243,1,4
7244,1,4
7245,1,4
7246,1,4
7247,1,4
7248,1,4
7249,1,4
7250,1,4
7251,1,4
7252,1,4
7253,1,4
7254,1,4
7255,1,4
7256,1,4
7257,1,4
7258,1,4
7259,1,4
7260,1,4
7261,1,4
7262,1,4
7263,1,4
7264,1,4
7265,1,4
7266,1,4
7267,1,4
7268,1,4
7269,1,4
7270,1,4
7271,1,4
7272,1,4
7273,1,4
7274,1,4
7275,1,4
7276,1,4
7277,1,4
7278,1,4
7279,1,4
7280,1,4
7281,1,4
7282,1,4
7283,1,4
7284,1,4
7285,1,4
7286,1,4
7287,1,4
7288,1,4
7289,1,4
7290,1,4
7291,1,4
7292,1,4
7293,1,4
7294,1,4
7295,1,4
7296,1,4
7297,1,4
7298,1,4
7299,1,4
7300,1,4
7301,1,4
7302,1,4
7303,1,4
7304,1,4
7305,1,4
7306,1,4
7307,1,4
7308,1,4
7309,1,4
7310,1,4
7311,1,4
7312,1,4
7313,1,4
7314,1,4
7315,1,4
7316,1,4
7317,1,4
7318,1,4
7319,1,4
7320,1,4
7321,1,4
7322,1,4
7323,1,4
7324,1,4
7325,1,4
7326,1,4
7327,1,4
7328,1,4
7329,1,4
7330,1,4
7331,1,4
7332,1,4
7333,1,4
7334,1,4
7335,1,4
7336,1,4
7337,1,4
7338,1,4
7339,1,4
7340,1,4
7341,1,4
7342,1,4
7343,1,4
7344,1,4
7345,1,4
7346,1,4
7347,1,4
7348,1,4
7349,1,4
7350,1,4
7351,1,4
7352,1,4
7353,1,4
7354,1,4
7355,1,4
7356,1,4
7357,1,4
7358,1,4
7359,1,4
7360,1,4
7361,1,4
7362,1,4
7363,1,4
7364,1,4
7365,1,4
7366,1,4
7367,1,4
7368,1,4
7369,1,4
7370,1,4
7371,1,4
7372,1,4
7373,1,4
7374,1,4
7375,1,4
7376,1,4
7377,1,4
7378,1,4
7379,1,4
7380,1,4
7381,1,4
7382,1,4
7383,1,4
7384,1,4
7385,1,4
7386,1,4
7387,1,4
7388,1,4
7389,1,4
7390,1,4
7391,1,4
7392,1,4
7393,1,4
7394,1,4
7395,1,4
7396,1,4
7397,1,4
7398,1,4
7399,1,4
7400,1,4
7401,1,4
7402,1,4
7403,1,4
7404,1,4
7405,1,4
7406,1,4
7407,1,4
7408,1,4
7409,1,4
7410,1,4
7411,1,4
7412,1,4
7413,1,4
7414,1,4
7415,1,4
7416,1,4
7417,1,4
7418,1,4
7419,1,4
7420,1,4
7421,1,4
7422,1,4
7423,1,4
7424,1,4
7425,1,4
7426,1,4
7427,1,4
7428,1,4
7429,1,4
7430,1,4
7431,1,4
7432,1,4
7433,1,4
7434,1,4
7435,1,4
7436,1,4
7437,1,4
7438,1,4
7439,1,4
7440,1,4
7441,1,4
7442,1,4
7443,1,4
7444,1,4
7445,1,4
7446,1,4
7447,1,4
7448,1,4
7449,1,4
7450,1,4
7451,1,4
7452,1,4
7453,1,4
7454,1,4
7455,1,4
7456,1,4
7457,1,4
7458,1,4
7459,1,4
7460,1,4
7461,1,4
7462,1,4
7463,1,4
7464,1,4
7465,1,4
7466,1,4
7467,1,4
7468,1,4
7469,1,4
7470,1,4
7471,1,4
7472,1,4
7473,1,4
7474,1,4
7475,1,4
7476,1,4
7477,1,4
7478,1,4
7479,1,4
7480,1,4
7481,1,4
7482,1,4
7483,1,4
7484,1,4
7485,1,4
7486,1,4
7487,1,4
7488,1,4
7489,1,4
7490,1,4
7491,1,4
7492,1,4
7493,1,4
7494,1,4
7495,1,4
7496,1,4
7497,1,4
7498,1,4
7499,1,4
7500,1,4
7501,1,4
7502,1,4
7503,1,4
7504,1,4
7505,1,4
7506,1,4
7507,1,4
7508,1,4
7509,1,4
7510,1,4
7511,1,4
7512,1,4
7513,1,4
7514,1,4
7515,1,4
7516,1,4
7517,1,4
7518,1,4
7519,1,4
7520,1,4
7521,1,4
7522,1,4
7523,1,4
7524,1,4
7525,1,4
7526,1,4
7527,1,4
7528,1,4
7529,1,4
7530,1,4
7531,1,4
7532,1,4
7533,1,4
7534,1,4
7535,1,4
7536,1,4
7537,1,4
7538,1,4
7539,1,4
7540,1,4
7541,1,4
7542,1,4
7543,1,4
7544,1,4
7545,1,4
7546,1,4
7547,1,4
7548,1,4
7549,1,4
7550,1,4
7551,1,4
7552,1,4
7553,1,4
7554,1,4
7555,1,4
7556,1,4
7557,1,4
7558,1,4
7559,1,4
7560,1,4
7561,1,4
7562,1,4
7563,1,4
7564,1,4
7565,1,4
7566,1,4
7567,1,4
7568,1,4
7569,1,4
7570,1,4
7571,1,4
7572,1,4
7573,1,4
7574,1,4
7575,1,4
7576,1,4
7577,1,4
7578,1,4
7579,1,4
7580,1,4
7581,1,4
7582,1,4
7583,1,4
7584,1,4
7585,1,4
7586,1,4
7587,1,4
7588,1,4
7589,1,4
7590,1,4
7591,1,4
7592,1,4
7593,1,4
7594,1,4
7595,1,4
7596,1,4
7597,1,4
7598,1,4
7599,1,4
7600,1,4
7601,1,4
7602,1,4
7603,1,4
7604,1,4
7605,1,4
7606,1,4
7607,1,4
7608,1,4
7609,1,4
7610,1,4
7611,1,4
7612,1,4
7613,1,4
7614,1,4
7615,1,4
7616,1,4
7617,1,4
7618,1,4
7619,1,4
7620,1,4
7621,1,4
7622,1,4
7623,1,4
7624,1,4
7625,1,4
7626,1,4
7627,1,4
7628,1,4
7629,1,4
7630,1,4
7631,1,4
7632,1,4
7633,1,4
7634,1,4
7635,1,4
7636,1,4
7637,1,4
7638,1,4
7639,1,4
7640,1,4
7641,1,4
7642,1,4
7643,1,4
7644,1,4
7645,1,4
7646,1,4
7647,1,4
7648,1,4
7649,1,4
7650,1,4
7651,1,4
7652,1,4
7653,1,4
7654,1,4
7655,1,4
7656,1,4
7657,1,4
7658,1,4
7659,1,4
7660,1,4
7661,1,4
7662,1,4
7663,1,4
7664,1,4
7665,1,4
7666,1,4
7667,1,4
7668,1,4
7669,1,4
7670,1,4
7671,1,4
7672,1,4
7673,1,4
7674,1,4
7675,1,4
7676,1,4
7677,1,4
7678,1,4
7679,1,4
7680,1,4
7681,1,4
7682,1,4
7683,1,4
7684,1,4
7685,1,4
7686,1,4
7687,1,4
7688,1,4
7689,1,4
7690,1,4
7691,1,4
7692,1,4
7693,1,4
7694,1,4
7695,1,4
7696,1,4
7697,1,4
7698,1,4
7699,1,4
7700,1,4
7701,1,4
7702,1,4
7703,1,4
7704,1,4
7705,1,4
7706,1,4
7707,1,4
7708,1,4
7709,1,4
7710,1,4
7711,1,4
7712,1,4
7713,1,4
7714,1,4
7715,1,4
7716,1,4
7717,1,4
7718,1,4
7719,1,4
7720,1,4
7721,1,4
7722,1,4
7723,1,4
7724,1,4
7725,1,4
7726,1,4
7727,1,4
7728,1,4
7729,1,4
7730,1,4
7731,1,4
7732,1,4
7733,1,4
7734,1,4
7735,1,4
7736,1,4
7737,1,4
7738,1,4
7739,1,4
7740,1,4
7741,1,4
7742,1,4
7743,1,4
7744,1,4
7745,1,4
7746,1,4
7747,1,4
7748,1,4
7749,1,4
7750,1,4
7751,1,4
7752,1,4
7753,1,4
7754,1,4
7755,1,4
7756,1,4
7757,1,4
7758,1,4
7759,1,4
7760,1,4
7761,1,4
7762,1,4
7763,1,4
7764,1,4
7765,1,4
7766,1,4
7767,1,4
7768,1,4
7769,1,4
7770,1,4
7771,1,4
7772,1,4
7773,1,4
7774,1,4
7775,1,4
7776,1,4
7777,1,4
7778,1,4
7779,1,4
7780,1,4
7781,1,4
7782,1,4
7783,1,4
7784,1,4
7785,1,4
7786,1,4
7787,1,4
7788,1,4
7789,1,4
7790,1,4
7791,1,4
7792,1,4
7793,1,4
7794,1,4
7795,1,4
7796,1,4
7797,1,4
7798,1,4
7799,1,4
7800,1,4
7801,1,4
7802,1,4
7803,3,5
7804,3,5
7805,3,5
7806,3,5
7807,3,5
7808,3,5
7809,3,5
7810,3,5
7811,3,5
7812,3,5
7813,3,5
7814,3,5
7815,3,5
7816,3,5
7817,3,5
7818,3,5
7819,3,5
7820,3,5
7821,3,5
7822,3,5
7823,3,5
7824,3,5
7825,3,5
7826,3,5
7827,3,5
7828,3,5
7829,3,5
7830,3,5
7831,3,5
7832,3,5
7833,3,5
7834,3,5
7835,3,5
7836,3,5
7837,3,5
7838,3,5
7839,3,5
7840,3,5
7841,3,5
7842,3,5
7843,3,5
7844,3,5
7845,3,5
7846,3,5
7847,3,5
7848,3,5
7849,3,5
7850,3,5
7851,3,5
7852,3,5
7853,3,5
7854,3,5
7855,3,5
7856,3,5
7857,3,5
7858,3,5
7859,3,5
7860,3,5
7861,3,5
7862,3,5
7863,3,5
7864,3,5
7865,3,5
7866,3,5
7867,3,5
7868,3,5
7869,3,5
7870,3,5
7871,3,5
7872,3,5
7873,3,5
7874,3,5
7875,3,5
7876,3,5
7877,3,5
7878,3,5
7879,3,5
7880,3,5
7881,3,5
7882,3,5
7883,3,5
7884,3,5
7885,3,5
7886,3,5
7887,3,5
7888,3,5
7889,3,5
7890,3,5
7891,3,5
7892,3,5
7893,3,5
7894,3,5
7895,3,5
7896,3,5
7897,3,5
7898,3,5
7899,3,5
7900,3,5
7901,3,5
7902,3,5
7903,3,5
7904,3,5
7905,3,5
7906,3,5
7907,3,5
7908,3,5
7909,3,5
7910,3,5
7911,3,5
7912,3,5
7913,3,5
7914,3,5
7915,3,5
7916,3,5
7917,3,5
7918,3,5
7919,3,5
7920,3,5
7921,3,5
7922,3,5
7923,3,5
7924,3,5
7925,3,5
7926,3,5
7927,3,5
7928,3,5
7929,3,5
7930,3,5
7931,3,5
7932,3,5
7933,3,5
7934,3,5
7935,3,5
7936,3,5
7937,3,5
7938,3,5
7939,3,5
7940,3,5
7941,3,5
7942,3,5
7943,3,5
7944,3,5
7945,3,5
7946,3,5
7947,3,5
7948,3,5
7949,3,5
7950,3,5
7951,3,5
7952,3,5
7953,3,5
7954,3,5
7955,3,5
7956,3,5
7957,3,5
7958,3,5
7959,3,5
7960,3,5
7961,3,5
7962,3,5
7963,3,5
7964,3,5
7965,3,5
7966,3,5
7967,3,5
7968,3,5
7969,3,5
7970,3,5
7971,3,5
7972,3,5
7973,3,5
7974,3,5
7975,3,5
7976,3,5
7977,3,5
7978,3,5
7979,3,5
7980,3,5
7981,3,5
7982,3,5
7983,3,5
7984,3,5
7985,3,5
7986,3,5
7987,3,5
7988,3,5
7989,3,5
7990,3,5
7991,3,5
7992,3,5
7993,3,5
7994,3,5
7995,3,5
7996,3,5
7997,3,5
7998,3,5
7999,3,5
8000,3,5
8001,3,5
8002,3,5
8003,3,5
8004,3,5
8005,3,5
8006,3,5
8007,3,5
8008,3,5
8009,3,5
8010,3,5
8011,3,5
8012,3,5
8013,3,5
8014,3,5
8015,3,5
8016,3,5
8017,3,5
8018,3,5
8019,3,5
8020,3,5
8021,3,5
8022,3,5
8023,3,5
8024,3,5
8025,3,5
8026,3,5
8027,3,5
8028,3,5
8029,3,5
8030,3,5
8031,3,5
8032,3,5
8033,3,5
8034,3,5
8035,3,5
8036,3,5
8037,3,5
8038,3,5
8039,3,5
8040,3,5
8041,3,5
8042,3,5
8043,3,5
8044,3,5
8045,3,5
8046,3,5
8047,3,5
8048,3,5
8049,3,5
8050,3,5
8051,3,5
8052,3,5
8053,3,5
8054,3,5
8055,3,5
8056,3,5
8057,3,5
8058,3,5
8059,3,5
8060,3,5
8061,3,5
8062,3,5
8063,3,5
8064,3,5
8065,3,5
8066,3,5
8067,3,5
8068,3,5
8069,3,5
8070,3,5
8071,3,5
8072,3,5
8073,3,5
8074,3,5
8075,3,5
8076,3,5
8077,3,5
8078,3,5
8079,3,5
8080,3,5
8081,3,5
8082,3,5
8083,3,5
8084,3,5
8085,3,5
8086,3,5
8087,3,5
8088,3,5
8089,3,5
8090,3,5
8091,3,5
8092,3,5
8093,3,5
8094,3,5
8095,3,5
8096,3,5
8097,3,5
8098,3,5
8099,3,5
8100,3,5
8101,3,5
8102,3,5
8103,3,5
8104,3,5
8105,3,5
8106,3,5
8107,3,5
8108,3,5
8109,3,5
8110,3,5
8111,3,5
8112,3,5
8113,3,5
8114,3,5
8115,3,5
8116,3,5
8117,3,5
8118,3,5
8119,3,5
8120,3,5
8121,3,5
8122,3,5
8123,3,5
8124,3,5
8125,3,5
8126,3,5
8127,3,5
8128,3,5
8129,3,5
8130,3,5
8131,3,5
8132,3,5
8133,3,5
8134,3,5
8135,3,5
8136,3,5
8137,3,5
8138,3,5
8139,3,5
8140,3,5
8141,3,5
8142,3,5
8143,3,5
8144,3,5
8145,3,5
8146,3,5
8147,3,5
8148,3,5
8149,3,5
8150,3,5
8151,3,5
8152,3,5
8153,3,5
8154,3,5
8155,3,5
8156,3,5
8157,3,5
8158,3,5
8159,3,5
8160,3,5
8161,3,5
8162,3,5
8163,3,5
8164,3,5
8165,3,5
8166,3,5
8167,3,5
8168,3,5
8169,3,5
8170,3,5
8171,3,5
8172,3,5
8173,3,5
8174,3,5
8175,3,5
8176,3,5
8177,3,5
8178,3,5
8179,3,5
8180,3,5
8181,3,5
8182,3,5
8183,3,5
8184,3,5
8185,3,5
8186,3,5
8187,3,5
8188,3,5
8189,3,5
8190,3,5
8191,3,5
8192,3,5
8193,3,5
8194,3,5
8195,3,5
8196,3,5
8197,3,5
8198,3,5
8199,3,5
8200,3,5
8201,3,5
8202,3,5
8203,3,5
8204,3,5
8205,3,5
8206,3,5
8207,3,5
8208,3,5
8209,3,5
8210,3,5
8211,3,5
8212,3,5
8213,3,5
8214,3,5
8215,3,5
8216,3,5
8217,3,5
8218,3,5
8219,3,5
8220,3,5
8221,3,5
8222,3,5
8223,3,5
8224,3,5
8225,3,5
8226,3,5
8227,3,5
8228,3,5
8229,3,5
8230,3,5
8231,3,5
8232,3,5
8233,3,5
8234,3,5
8235,3,5
8236,3,5
8237,3,5
8238,3,5
8239,3,5
8240,3,5
8241,3,5
8242,3,5
8243,3,5
8244,3,5
8245,3,5
8246,3,5
8247,3,5
8248,3,5
8249,3,5
8250,3,5
8251,3,5
8252,3,5
8253,3,5
8254,3,5
8255,3,5
8256,3,5
8257,3,5
8258,3,5
8259,3,5
8260,3,5
8261,3,5
8262,3,5
8263,3,5
8264,3,5
8265,3,5
8266,3,5
8267,3,5
8268,3,5
8269,3,5
8270,3,5
8271,3,5
8272,3,5
8273,3,5
8274,3,5
8275,3,5
8276,3,5
8277,3,5
8278,3,5
8279,3,5
8280,3,5
8281,3,5
8282,3,5
8283,3,5
8284,3,5
8285,3,5
8286,3,5
8287,3,5
8288,3,5
8289,3,5
8290,3,5
8291,3,5
8292,3,5
8293,3,5
8294,3,5
8295,3,5
8296,3,5
8297,3,5
8298,3,5
8299,3,5
8300,3,5
8301,3,5
8302,3,5
8303,3,5
8304,3,5
8305,3,5
8306,3,5
8307,3,5
8308,3,5
8309,3,5
8310,3,5
8311,3,5
8312,3,5
8313,3,5
8314,3,5
8315,3,5
8316,3,5
8317,3,5
8318,3,5
8319,3,5
8320,3,5
8321,3,5
8322,3,5
8323,3,5
8324,3,5
8325,3,5
8326,3,5
8327,3,5
8328,3,5
8329,3,5
8330,3,5
8331,3,5
8332,3,5
8333,3,5
8334,3,5
8335,3,5
8336,3,5
8337,3,5
8338,3,5
8339,3,5
8340,3,5
8341,3,5
8342,3,5
8343,3,5
8344,3,5
8345,3,5
8346,3,5
8347,3,5
8348,3,5
8349,3,5
8350,3,5
8351,3,5
8352,3,5
8353,3,5
8354,3,5
8355,3,5
8356,3,5
8357,3,5
8358,3,5
8359,3,5
8360,3,5
8361,3,5
8362,3,5
8363,3,5
8364,3,5
8365,3,5
8366,3,5
8367,3,5
8368,3,5
8369,3,5
8370,3,5
8371,3,5
8372,3,5
8373,3,5
8374,3,5
8375,3,5
8376,3,5
8377,3,5
8378,3,5
8379,3,5
8380,3,5
8381,3,5
8382,3,5
8383,3,5
8384,3,5
8385,3,5
8386,3,5
8387,3,5
8388,3,5
8389,3,5
8390,3,5
8391,3,5
8392,3,5
8393,3,5
8394,3,5
8395,3,5
8396,3,5
8397,3,5
8398,3,5
8399,3,5
8400,3,5
8401,3,5
8402,3,5
8403,3,5
8404,3,5
8405,3,5
8406,3,5
8407,3,5
8408,3,5
8409,3,5
8410,3,5
8411,3,5
8412,3,5
8413,3,5
8414,3,5
8415,3,5
8416,3,5
8417,3,5
8418,3,5
8419,3,5
8420,3,5
8421,3,5
8422,3,5
8423,3,5
8424,3,5
8425,3,5
8426,3,5
8427,3,5
8428,3,5
8429,3,5
8430,3,5
8431,3,5
8432,3,6
8433,3,6
8434,3,6
8435,3,6
8436,3,6
8437,3,6
8438,3,6
8439,3,6
8440,3,6
8441,3,6
8442,3,6
8443,3,6
8444,3,6
8445,3,6
8446,3,6
8447,3,6
8448,3,6
8449,3,6
8450,3,6
8451,4,6
8452,4,6
8453,4,6
8454,4,6
8455,4,6
8456,4,6
8457,4,6
8458,4,6
8459,4,6
8460,4,6
8461,4,6
8462,4,6
8463,4,6
8464,4,6
8465,4,6
8466,4,6
8467,4,6
8468,4,6
8469,4,6
8470,4,6
8471,4,6
8472,4,6
8473,4,6
8474,4,6
8475,4,6
8476,4,6
8477,4,6
8478,4,6
8479,4,6
8480,4,6
8481,4,6
8482,4,6
8483,4,6
8484,4,6
8485,4,6
8486,4,6
8487,4,6
8488,4,6
8489,4,6
8490,4,6
8491,4,6
8492,4,6
8493,4,6
8494,4,6
8495,4,6
8496,4,6
8497,4,6
8498,4,6
8499,4,6
8500,4,6
8501,4,6
8502,4,6
8503,4,6
8504,4,6
8505,4,6
8506,4,6
8507,4,6
8508,4,6
8509,4,6
8510,4,6
8511,4,6
8512,4,6
8513,4,6
8514,4,6
8515,4,6
8516,4,6
8517,4,6
8518,4,6
8519,4,6
8520,4,6
8521,4,6
8522,4,6
8523,4,6
8524,4,6
8525,4,6
8526,4,6
8527,4,6
8528,4,6
8529,4,6
8530,4,6
8531,4,6
8532,4,6
8533,4,6
8534,4,6
8535,4,6
8536,4,6
8537,4,6
8538,4,6
8539,4,6
8540,4,6
8541,4,6
8542,4,6
8543,4,6
8544,4,6
8545,4,6
8546,4,6
8547,4,6
8548,4,6
8549,4,6
8550,4,6
8551,4,6
8552,4,6
8553,4,6
8554,4,6
8555,4,6
8556,4,6
8557,4,6
8558,4,6
8559,4,6
8560,4,6
8561,4,6
8562,4,6
8563,4,6
8564,4,6
8565,4,6
8566,4,6
8567,4,6
8568,4,6
8569,4,6
8570,4,6
8571,4,6
8572,4,6
8573,4,6
8574,4,6
8575,4,6
8576,4,6
8577,4,6
8578,4,6
8579,4,6
8580,4,6
8581,4,6
8582,4,6
8583,4,6
8584,4,6
8585,4,6
8586,4,6
8587,4,6
8588,4,6
8589,4,6
8590,4,6
8591,4,6
8592,4,6
8593,4,6
8594,4,6
8595,4,6
8596,4,6
8597,4,6
8598,4,6
8599,4,6
8600,4,6
8601,4,6
8602,4,6
8603,4,6
8604,4,6
8605,4,6
8606,4,6
8607,4,6
8608,4,6
8609,4,6
8610,4,6
8611,4,6
8612,4,6
8613,4,6
8614,4,6
8615,4,6
8616,4,6
8617,4,6
8618,4,6
8619,4,6
8620,4,6
8621,4,6
8622,4,6
8623,4,6
8624,4,6
8625,4,6
8626,4,6
8627,4,6
8628,4,6
8629,4,6
8630,4,6
8631,4,6
8632,4,6
8633,4,6
8634,4,6
8635,4,6
8636,4,6
8637,4,6
8638,4,6
8639,4,6
8640,4,6
8641,4,6
8642,4,6
8643,4,6
8644,4,6
8645,4,6
8646,4,6
8647,4,6
8648,4,6
8649,4,6
8650,4,6
8651,4,6
8652,4,6
8653,4,6
8654,4,6
8655,4,6
8656,4,6
8657,4,6
8658,4,6
8659,4,6
8660,4,6
8661,4,6
8662,4,6
8663,4,6
8664,4,6
8665,4,6
8666,4,6
8667,4,6
8668,4,6
8669,4,6
8670,4,6
8671,4,6
8672,4,6
8673,4,6
8674,4,6
8675,4,6
8676,4,6
8677,4,6
8678,4,6
8679,4,6
8680,4,6
8681,4,6
8682,4,6
8683,4,6
8684,4,6
8685,4,6
8686,4,6
8687,4,6
8688,4,6
8689,4,6
8690,4,6
8691,4,6
8692,4,6
8693,4,6
8694,4,6
8695,4,6
8696,4,6
8697,4,6
8698,4,6
8699,4,6
8700,4,6
8701,4,6
8702,4,6
8703,4,6
8704,4,6
8705,4,6
8706,4,6
8707,4,6
8708,4,6
8709,4,6
8710,4,6
8711,4,6
8712,4,6
8713,4,6
8714,4,6
8715,4,6
8716,4,6
8717,4,6
8718,4,6
8719,4,6
8720,4,6
8721,4,6
8722,4,6
8723,4,6
8724,4,6
8725,4,6
8726,4,6
8727,4,6
8728,4,6
8729,4,6
8730,4,6
8731,4,6
8732,4,6
8733,4,6
8734,4,6
8735,4,6
8736,4,6
8737,4,6
8738,4,6
8739,4,6
8740,4,6
8741,4,6
8742,4,6
8743,4,6
8744,4,6
8745,4,6
8746,4,6
8747,4,6
8748,4,6
8749,4,6
8750,4,6
8751,4,6
8752,4,6
8753,4,6
8754,4,6
8755,4,6
8756,4,6
8757,4,6
8758,4,6
8759,4,6
8760,4,6
8761,4,6
8762,4,6
8763,4,6
8764,4,6
8765,4,6
8766,4,6
8767,4,6
8768,4,6
8769,4,6
8770,4,6
8771,4,6
8772,4,6
8773,4,6
8774,4,6
8775,4,6
8776,4,6
8777,4,6
8778,4,6
8779,4,6
8780,4,6
8781,4,6
8782,4,6
8783,4,6
8784,4,6
8785,4,6
8786,4,6
8787,4,6
8788,4,6
8789,4,6
8790,4,6
8791,4,6
8792,4,6
8793,4,6
8794,4,6
8795,4,6
8796,4,6
8797,4,6
8798,4,6
8799,4,6
8800,4,6
8801,4,6
8802,4,6
8803,4,6
8804,4,6
8805,4,6
8806,4,6
8807,4,6
8808,4,6
8809,4,6
8810,4,6
8811,4,6
8812,4,6
8813,4,6
8814,4,6
8815,4,6
8816,4,6
8817,4,6
8818,4,6
8819,4,6
8820,4,6
8821,4,6
8822,4,6
8823,4,6
8824,4,6
8825,4,6
8826,4,6
8827,4,6
8828,4,6
8829,4,6
8830,4,6
8831,4,6
8832,4,6
8833,4,6
8834,4,6
8835,4,6
8836,4,6
8837,4,6
8838,4,6
8839,4,6
8840,4,6
8841,4,6
8842,4,6
8843,4,6
8844,4,6
8845,4,6
8846,4,6
8847,4,6
8848,4,6
8849,4,6
8850,4,6
8851,4,6
8852,4,6
8853,4,6
8854,4,6
8855,4,6
8856,4,6
8857,4,6
8858,4,6
8859,4,6
8860,4,6
8861,4,6
8862,4,6
8863,4,6
8864,4,6
8865,4,6
8866,4,6
8867,4,6
8868,4,6
8869,4,6
8870,4,6
8871,4,6
8872,4,6
8873,4,6
8874,4,6
8875,4,6
8876,4,6
8877,4,6
8878,4,6
8879,4,6
8880,4,6
8881,4,6
8882,4,6
8883,4,6
8884,4,6
8885,4,6
8886,4,6
8887,4,6
8888,4,6
8889,4,6
8890,4,6
8891,4,6
8892,4,6
8893,4,6
8894,4,6
8895,4,6
8896,4,6
8897,4,6
8898,4,6
8899,4,6
8900,4,6
8901,4,6
8902,4,6
8903,4,6
8904,4,6
8905,4,6
8906,4,6
8907,4,6
8908,4,6
8909,4,6
8910,4,6
8911,4,6
8912,4,6
8913,4,6
8914,4,6
8915,4,6
8916,4,6
8917,4,6
8918,4,6
8919,4,6
8920,4,6
8921,4,6
8922,4,6
8923,4,6
8924,4,6
8925,4,6
8926,4,6
8927,4,6
8928,4,6
8929,4,6
8930,4,6
8931,4,6
8932,4,6
8933,4,6
8934,4,6
8935,4,6
8936,4,6
8937,4,6
8938,4,6
8939,4,6
8940,4,6
8941,4,6
8942,4,6
8943,4,6
8944,4,6
8945,4,6
8946,4,6
8947,4,6
8948,4,6
8949,4,6
8950,4,6
8951,4,6
8952,4,6
8953,4,6
8954,4,6
8955,4,6
8956,4,6
8957,4,6
8958,4,6
8959,4,6
8960,4,6
8961,4,6
8962,4,6
8963,4,6
8964,4,6
8965,4,6
8966,4,6
8967,4,6
8968,4,6
8969,4,6
8970,4,6
8971,4,6
8972,4,6
8973,4,6
8974,4,6
8975,4,6
8976,4,6
8977,4,6
8978,4,6
8979,4,6
8980,4,6
8981,4,6
8982,4,6
8983,4,6
8984,4,6
8985,4,6
8986,4,6
8987,4,6
8988,4,6
8989,4,6
8990,4,6
8991,4,6
8992,4,6
8993,4,6
8994,4,6
8995,4,6
8996,4,6
8997,4,6
8998,4,6
8999,4,6
9000,4,6
9001,4,6
9002,4,6
9003,4,6
9004,4,6
9005,4,6
9006,4,6
9007,4,6
9008,4,6
9009,4,6
9010,4,6
9011,4,6
9012,4,6
9013,4,6
9014,4,6
9015,4,6
9016,4,6
9017,4,6
9018,4,6
9019,4,6
9020,4,6
9021,4,6
9022,4,6
9023,4,6
9024,4,6
9025,4,6
9026,4,6
9027,4,6
9028,4,6
9029,4,6
9030,4,6
9031,4,6
9032,4,6
9033,4,6
9034,4,6
9035,4,6
9036,4,6
9037,4,6
9038,4,6
9039,4,6
9040,4,6
9041,4,6
9042,4,6
9043,4,6
9044,4,6
9045,4,6
9046,4,6
9047,4,6
9048,4,6
9049,4,6
9050,4,6
9051,4,6
9052,4,6
9053,4,6
9054,4,6
9055,4,6
9056,4,6
9057,4,6
9058,4,6
9059,4,6
9060,4,6
9061,4,6
9062,4,6
9063,4,6
9064,4,6
9065,4,6
9066,4,6
9067,4,6
9068,4,6
9069,4,6
9070,4,6
9071,4,6
9072,4,6
9073,4,6
9074,4,6
9075,4,6
9076,4,6
9077,4,6
9078,4,6
9079,4,6
9080,4,6
9081,4,6
9082,4,6
9083,4,6
9084,4,6
9085,4,6
9086,4,6
9087,4,6
9088,4,6
9089,4,6
9090,4,6
9091,4,6
9092,4,6
9093,4,6
9094,4,6
9095,4,6
9096,4,6
9097,4,6
9098,4,6
9099,4,6
9100,4,6
9101,4,6
9102,4,6
9103,4,6
9104,4,6
9105,4,6
9106,4,6
9107,4,6
9108,4,6
9109,4,6
9110,4,6
