global_state_name,run_idx,win,step,local_state,branch_weight,cluster_id
Synthetic_alt64_b25_w192_s32_state0,1,192,32,0,0.5813123356371708,0
Synthetic_alt64_b25_w192_s32_state1,1,192,32,1,0.5813123356371708,1
Synthetic_alt64_b25_w192_s32_state2,1,192,32,2,0.5813123356371708,1
Synthetic_alt64_b25_w192_s32_state3,1,192,32,3,0.5813123356371708,2
Synthetic_alt64_b25_w192_s32_state4,1,192,32,4,0.5813123356371708,2
Synthetic_alt64_b25_w192_s32_state5,1,192,32,5,0.5813123356371708,3
Synthetic_alt64_b25_w192_s32_state6,1,192,32,6,0.5813123356371708,1
Synthetic_alt64_b25_w192_s32_state7,1,192,32,7,0.5813123356371708,4
Synthetic_alt64_b25_w192_s32_state8,1,192,32,8,0.5813123356371708,5
Synthetic_alt64_b25_w192_s32_state9,1,192,32,9,0.5813123356371708,1
Synthetic_alt64_b25_w192_s32_state10,1,192,32,10,0.5813123356371708,6
Synthetic_alt64_b29_w208_s35_state0,2,208,35,0,0.7903379243386117,0
Synthetic_alt64_b29_w208_s35_state1,2,208,35,1,0.7903379243386117,2
Synthetic_alt64_b29_w208_s35_state2,2,208,35,2,0.7903379243386117,2
Synthetic_alt64_b29_w208_s35_state3,2,208,35,3,0.7903379243386117,3
Synthetic_alt64_b29_w208_s35_state4,2,208,35,4,0.7903379243386117,1
Synthetic_alt64_b29_w208_s35_state5,2,208,35,5,0.7903379243386117,4
Synthetic_alt64_b29_w208_s35_state6,2,208,35,6,0.7903379243386117,4
Synthetic_alt64_b29_w208_s35_state7,2,208,35,7,0.7903379243386117,5
Synthetic_alt64_b31_w208_s78_state0,3,208,78,0,1.0,0
Synthetic_alt64_b31_w208_s78_state1,3,208,78,1,1.0,1
Synthetic_alt64_b31_w208_s78_state2,3,208,78,2,1.0,7
Synthetic_alt64_b31_w208_s78_state3,3,208,78,3,1.0,2
Synthetic_alt64_b31_w208_s78_state4,3,208,78,4,1.0,2
Synthetic_alt64_b31_w208_s78_state5,3,208,78,5,1.0,3
Synthetic_alt64_b31_w208_s78_state6,3,208,78,6,1.0,1
Synthetic_alt64_b31_w208_s78_state7,3,208,78,7,1.0,4
Synthetic_alt64_b31_w208_s78_state8,3,208,78,8,1.0,5
Synthetic_alt64_b31_w208_s78_state9,3,208,78,9,1.0,5
Synthetic_alt64_b33_w224_s37_state0,4,224,37,0,0.7821300851782516,0
Synthetic_alt64_b33_w224_s37_state1,4,224,37,1,0.7821300851782516,7
Synthetic_alt64_b33_w224_s37_state2,4,224,37,2,0.7821300851782516,2
Synthetic_alt64_b33_w224_s37_state3,4,224,37,3,0.7821300851782516,2
Synthetic_alt64_b33_w224_s37_state4,4,224,37,4,0.7821300851782516,3
Synthetic_alt64_b33_w224_s37_state5,4,224,37,5,0.7821300851782516,3
Synthetic_alt64_b33_w224_s37_state6,4,224,37,6,0.7821300851782516,1
Synthetic_alt64_b33_w224_s37_state7,4,224,37,7,0.7821300851782516,4
Synthetic_alt64_b33_w224_s37_state8,4,224,37,8,0.7821300851782516,5
Synthetic_alt64_b33_w224_s37_state9,4,224,37,9,0.7821300851782516,5
Synthetic_alt64_b33_w224_s37_state10,4,224,37,10,0.7821300851782516,0
Synthetic_alt64_b34_w224_s56_state0,5,224,56,0,0.8060724471368521,0
Synthetic_alt64_b34_w224_s56_state1,5,224,56,1,0.8060724471368521,0
Synthetic_alt64_b34_w224_s56_state2,5,224,56,2,0.8060724471368521,5
Synthetic_alt64_b34_w224_s56_state3,5,224,56,3,0.8060724471368521,2
Synthetic_alt64_b34_w224_s56_state4,5,224,56,4,0.8060724471368521,3
Synthetic_alt64_b34_w224_s56_state5,5,224,56,5,0.8060724471368521,1
Synthetic_alt64_b34_w224_s56_state6,5,224,56,6,0.8060724471368521,4
Synthetic_alt64_b34_w224_s56_state7,5,224,56,7,0.8060724471368521,2
Synthetic_alt64_b34_w224_s56_state8,5,224,56,8,0.8060724471368521,2
Synthetic_alt64_b34_w224_s56_state9,5,224,56,9,0.8060724471368521,1
Synthetic_alt64_b36_w224_s112_state0,6,224,112,0,0.5516843808323786,0
Synthetic_alt64_b36_w224_s112_state1,6,224,112,1,0.5516843808323786,7
Synthetic_alt64_b36_w224_s112_state2,6,224,112,2,0.5516843808323786,2
Synthetic_alt64_b36_w224_s112_state3,6,224,112,3,0.5516843808323786,2
Synthetic_alt64_b36_w224_s112_state4,6,224,112,4,0.5516843808323786,3
Synthetic_alt64_b36_w224_s112_state5,6,224,112,5,0.5516843808323786,1
Synthetic_alt64_b36_w224_s112_state6,6,224,112,6,0.5516843808323786,4
Synthetic_alt64_b36_w224_s112_state7,6,224,112,7,0.5516843808323786,5
Synthetic_alt64_b36_w224_s112_state8,6,224,112,8,0.5516843808323786,5
Synthetic_alt64_b39_w240_s90_state0,7,240,90,0,0.7433388224885092,0
Synthetic_alt64_b39_w240_s90_state1,7,240,90,1,0.7433388224885092,1
Synthetic_alt64_b39_w240_s90_state2,7,240,90,2,0.7433388224885092,7
Synthetic_alt64_b39_w240_s90_state3,7,240,90,3,0.7433388224885092,2
Synthetic_alt64_b39_w240_s90_state4,7,240,90,4,0.7433388224885092,2
Synthetic_alt64_b39_w240_s90_state5,7,240,90,5,0.7433388224885092,3
Synthetic_alt64_b39_w240_s90_state6,7,240,90,6,0.7433388224885092,1
Synthetic_alt64_b39_w240_s90_state7,7,240,90,7,0.7433388224885092,4
Synthetic_alt64_b39_w240_s90_state8,7,240,90,8,0.7433388224885092,5
Synthetic_alt64_b40_w240_s120_state0,8,240,120,0,0.6364217145468773,0
Synthetic_alt64_b40_w240_s120_state1,8,240,120,1,0.6364217145468773,5
Synthetic_alt64_b40_w240_s120_state2,8,240,120,2,0.6364217145468773,2
Synthetic_alt64_b40_w240_s120_state3,8,240,120,3,0.6364217145468773,2
Synthetic_alt64_b40_w240_s120_state4,8,240,120,4,0.6364217145468773,3
Synthetic_alt64_b40_w240_s120_state5,8,240,120,5,0.6364217145468773,1
Synthetic_alt64_b40_w240_s120_state6,8,240,120,6,0.6364217145468773,4
Synthetic_alt64_b40_w240_s120_state7,8,240,120,7,0.6364217145468773,0
Synthetic_alt64_b40_w240_s120_state8,8,240,120,8,0.6364217145468773,1
Synthetic_alt64_b40_w240_s120_state9,8,240,120,9,0.6364217145468773,2
Synthetic_alt64_b42_w256_s64_state0,9,256,64,0,0.6357966298131551,0
Synthetic_alt64_b42_w256_s64_state1,9,256,64,1,0.6357966298131551,2
Synthetic_alt64_b42_w256_s64_state2,9,256,64,2,0.6357966298131551,2
Synthetic_alt64_b42_w256_s64_state3,9,256,64,3,0.6357966298131551,3
Synthetic_alt64_b42_w256_s64_state4,9,256,64,4,0.6357966298131551,1
Synthetic_alt64_b42_w256_s64_state5,9,256,64,5,0.6357966298131551,4
Synthetic_alt64_b42_w256_s64_state6,9,256,64,6,0.6357966298131551,5
Synthetic_alt64_b42_w256_s64_state7,9,256,64,7,0.6357966298131551,5
Synthetic_alt64_b49_w288_s48_state0,10,288,48,0,0.644669638997617,0
Synthetic_alt64_b49_w288_s48_state1,10,288,48,1,0.644669638997617,2
Synthetic_alt64_b49_w288_s48_state2,10,288,48,2,0.644669638997617,2
Synthetic_alt64_b49_w288_s48_state3,10,288,48,3,0.644669638997617,3
Synthetic_alt64_b49_w288_s48_state4,10,288,48,4,0.644669638997617,1
Synthetic_alt64_b49_w288_s48_state5,10,288,48,5,0.644669638997617,4
Synthetic_alt64_b49_w288_s48_state6,10,288,48,6,0.644669638997617,5
Synthetic_alt64_b49_w288_s48_state7,10,288,48,7,0.644669638997617,5
Synthetic_alt64_b51_w288_s108_state0,11,288,108,0,0.8105613389882883,0
Synthetic_alt64_b51_w288_s108_state1,11,288,108,1,0.8105613389882883,7
Synthetic_alt64_b51_w288_s108_state2,11,288,108,2,0.8105613389882883,2
Synthetic_alt64_b51_w288_s108_state3,11,288,108,3,0.8105613389882883,2
Synthetic_alt64_b51_w288_s108_state4,11,288,108,4,0.8105613389882883,2
Synthetic_alt64_b51_w288_s108_state5,11,288,108,5,0.8105613389882883,3
Synthetic_alt64_b51_w288_s108_state6,11,288,108,6,0.8105613389882883,5
Synthetic_alt64_b51_w288_s108_state7,11,288,108,7,0.8105613389882883,4
Synthetic_alt64_b51_w288_s108_state8,11,288,108,8,0.8105613389882883,5
Synthetic_alt64_b51_w288_s108_state9,11,288,108,9,0.8105613389882883,1
Synthetic_alt64_b52_w288_s144_state0,12,288,144,0,0.5423008561061894,0
Synthetic_alt64_b52_w288_s144_state1,12,288,144,1,0.5423008561061894,0
Synthetic_alt64_b52_w288_s144_state2,12,288,144,2,0.5423008561061894,1
Synthetic_alt64_b52_w288_s144_state3,12,288,144,3,0.5423008561061894,2
Synthetic_alt64_b52_w288_s144_state4,12,288,144,4,0.5423008561061894,3
Synthetic_alt64_b52_w288_s144_state5,12,288,144,5,0.5423008561061894,4
Synthetic_alt64_b52_w288_s144_state6,12,288,144,6,0.5423008561061894,4
Synthetic_alt64_b52_w288_s144_state7,12,288,144,7,0.5423008561061894,5
Synthetic_alt64_b52_w288_s144_state8,12,288,144,8,0.5423008561061894,1
Synthetic_alt64_b54_w304_s76_state0,13,304,76,0,0.5527843757833002,0
Synthetic_alt64_b54_w304_s76_state1,13,304,76,1,0.5527843757833002,7
Synthetic_alt64_b54_w304_s76_state2,13,304,76,2,0.5527843757833002,2
Synthetic_alt64_b54_w304_s76_state3,13,304,76,3,0.5527843757833002,7
Synthetic_alt64_b54_w304_s76_state4,13,304,76,4,0.5527843757833002,3
Synthetic_alt64_b54_w304_s76_state5,13,304,76,5,0.5527843757833002,1
Synthetic_alt64_b54_w304_s76_state6,13,304,76,6,0.5527843757833002,4
Synthetic_alt64_b54_w304_s76_state7,13,304,76,7,0.5527843757833002,5
Synthetic_alt64_b54_w304_s76_state8,13,304,76,8,0.5527843757833002,5
Synthetic_alt64_b54_w304_s76_state9,13,304,76,9,0.5527843757833002,1
Synthetic_alt64_b54_w304_s76_state10,13,304,76,10,0.5527843757833002,2
Synthetic_alt64_b56_w304_s152_state0,14,304,152,0,0.5616752478306861,0
Synthetic_alt64_b56_w304_s152_state1,14,304,152,1,0.5616752478306861,7
Synthetic_alt64_b56_w304_s152_state2,14,304,152,2,0.5616752478306861,7
Synthetic_alt64_b56_w304_s152_state3,14,304,152,3,0.5616752478306861,2
Synthetic_alt64_b56_w304_s152_state4,14,304,152,4,0.5616752478306861,2
Synthetic_alt64_b56_w304_s152_state5,14,304,152,5,0.5616752478306861,7
Synthetic_alt64_b56_w304_s152_state6,14,304,152,6,0.5616752478306861,3
Synthetic_alt64_b56_w304_s152_state7,14,304,152,7,0.5616752478306861,1
Synthetic_alt64_b56_w304_s152_state8,14,304,152,8,0.5616752478306861,4
Synthetic_alt64_b56_w304_s152_state9,14,304,152,9,0.5616752478306861,4
Synthetic_alt64_b56_w304_s152_state10,14,304,152,10,0.5616752478306861,5
Synthetic_alt64_b57_w320_s53_state0,15,320,53,0,0.5978094509451058,0
Synthetic_alt64_b57_w320_s53_state1,15,320,53,1,0.5978094509451058,7
Synthetic_alt64_b57_w320_s53_state2,15,320,53,2,0.5978094509451058,2
Synthetic_alt64_b57_w320_s53_state3,15,320,53,3,0.5978094509451058,3
Synthetic_alt64_b57_w320_s53_state4,15,320,53,4,0.5978094509451058,1
Synthetic_alt64_b57_w320_s53_state5,15,320,53,5,0.5978094509451058,4
Synthetic_alt64_b57_w320_s53_state6,15,320,53,6,0.5978094509451058,2
Synthetic_alt64_b57_w320_s53_state7,15,320,53,7,0.5978094509451058,5
Synthetic_alt64_b57_w320_s53_state8,15,320,53,8,0.5978094509451058,8
Synthetic_alt64_b61_w336_s56_state0,16,336,56,0,0.6803006438712974,0
Synthetic_alt64_b61_w336_s56_state1,16,336,56,1,0.6803006438712974,0
Synthetic_alt64_b61_w336_s56_state2,16,336,56,2,0.6803006438712974,7
Synthetic_alt64_b61_w336_s56_state3,16,336,56,3,0.6803006438712974,2
Synthetic_alt64_b61_w336_s56_state4,16,336,56,4,0.6803006438712974,3
Synthetic_alt64_b61_w336_s56_state5,16,336,56,5,0.6803006438712974,1
Synthetic_alt64_b61_w336_s56_state6,16,336,56,6,0.6803006438712974,4
Synthetic_alt64_b61_w336_s56_state7,16,336,56,7,0.6803006438712974,5
Synthetic_alt64_b61_w336_s56_state8,16,336,56,8,0.6803006438712974,2
