dataset,case_id,rows,candidate_branches_ran,meta_branches_used,branches_ran,selected_K,n_pred_states,segments,meta_min_len,branch_select_metric,meta_vote_weight_mode,selected_branch_names,ARI,NMI,seconds,selected_branch_ARI_mean,selected_branch_ARI_median,selected_branch_ARI_max,selected_branch_NMI_mean,selected_branch_NMI_median,selected_branch_NMI_max,all_branch_ARI_mean,all_branch_ARI_median,all_branch_ARI_max,all_branch_NMI_mean,all_branch_NMI_median,all_branch_NMI_max,level_vs_selected_by_ARI,level_vs_selected_by_NMI,level_vs_all_candidates_by_ARI,level_vs_all_candidates_by_NMI
UCR-SEG,Cane_100_2345,5339,64,16,16,5,5,9,0,PEER,pid_weight,UCRSEG_fixed64_b22_w112_s16|UCRSEG_fixed64_b30_w144_s16|UCRSEG_fixed64_b33_w160_s12|UCRSEG_fixed64_b34_w160_s16|UCRSEG_fixed64_b37_w176_s12|UCRSEG_fixed64_b38_w176_s16|UCRSEG_fixed64_b39_w176_s24|UCRSEG_fixed64_b40_w176_s32|UCRSEG_fixed64_b41_w192_s12|UCRSEG_fixed64_b42_w192_s16|UCRSEG_fixed64_b44_w192_s32|UCRSEG_fixed64_b45_w208_s12|UCRSEG_fixed64_b46_w208_s16|UCRSEG_fixed64_b47_w208_s24|UCRSEG_fixed64_b54_w240_s16|UCRSEG_fixed64_b57_w272_s12,0.15988515232125003,0.20503360468669563,30.70209813117981,0.08635774508774906,0.08700865874107946,0.15986417999335012,0.15733597501385616,0.15876667391224072,0.22626863115995954,0.08373736838910956,0.07428155560823657,0.24197999540264648,0.14577456919483853,0.1429365012678384,0.39371564189976554,3,2,2,2
UCR-SEG,DutchFactory_24_2184,8760,64,16,16,4,2,8,0,PEER,pid_weight,UCRSEG_fixed64_b14_w80_s16|UCRSEG_fixed64_b20_w96_s32|UCRSEG_fixed64_b28_w128_s32|UCRSEG_fixed64_b29_w144_s12|UCRSEG_fixed64_b32_w144_s32|UCRSEG_fixed64_b34_w160_s16|UCRSEG_fixed64_b37_w176_s12|UCRSEG_fixed64_b40_w176_s32|UCRSEG_fixed64_b41_w192_s12|UCRSEG_fixed64_b44_w192_s32|UCRSEG_fixed64_b46_w208_s16|UCRSEG_fixed64_b48_w208_s32|UCRSEG_fixed64_b59_w272_s24|UCRSEG_fixed64_b60_w272_s32|UCRSEG_fixed64_b61_w320_s12|UCRSEG_fixed64_b62_w320_s16,0.0928158057648946,0.25836383397354823,39.36894607543945,0.1314211653873809,0.09345108082721795,0.4160190938815478,0.22247053627525534,0.19715830466201778,0.485126330359413,0.08521695893727788,0.066454617267033,0.4160190938815478,0.1757430034961852,0.18426842373941493,0.485126330359413,0,2,2,2
UCR-SEG,EEGRat2_10_1000,1999,64,16,16,4,3,9,0,PEER,pid_weight,UCRSEG_fixed64_b26_w128_s16|UCRSEG_fixed64_b29_w144_s12|UCRSEG_fixed64_b30_w144_s16|UCRSEG_fixed64_b31_w144_s24|UCRSEG_fixed64_b34_w160_s16|UCRSEG_fixed64_b35_w160_s24|UCRSEG_fixed64_b37_w176_s12|UCRSEG_fixed64_b38_w176_s16|UCRSEG_fixed64_b39_w176_s24|UCRSEG_fixed64_b42_w192_s16|UCRSEG_fixed64_b43_w192_s24|UCRSEG_fixed64_b45_w208_s12|UCRSEG_fixed64_b47_w208_s24|UCRSEG_fixed64_b53_w240_s12|UCRSEG_fixed64_b54_w240_s16|UCRSEG_fixed64_b57_w272_s12,0.44293791144814454,0.48350457277128867,18.523959398269653,0.25948475988556785,0.310752323097684,0.41976954299250957,0.32518892144224953,0.3641283819695301,0.47255206639224573,0.25578666414408313,0.2605829520315615,0.5434314965372262,0.3045194485205023,0.32073947766939764,0.5523401372803726,3,3,2,2
UCR-SEG,EEGRat_10_1000,1999,64,16,16,3,3,4,0,PEER,pid_weight,UCRSEG_fixed64_b17_w96_s12|UCRSEG_fixed64_b21_w112_s12|UCRSEG_fixed64_b26_w128_s16|UCRSEG_fixed64_b29_w144_s12|UCRSEG_fixed64_b30_w144_s16|UCRSEG_fixed64_b38_w176_s16|UCRSEG_fixed64_b41_w192_s12|UCRSEG_fixed64_b44_w192_s32|UCRSEG_fixed64_b45_w208_s12|UCRSEG_fixed64_b46_w208_s16|UCRSEG_fixed64_b52_w224_s32|UCRSEG_fixed64_b54_w240_s16|UCRSEG_fixed64_b55_w240_s24|UCRSEG_fixed64_b57_w272_s12|UCRSEG_fixed64_b59_w272_s24|UCRSEG_fixed64_b61_w320_s12,0.8335957947681768,0.7653272789820472,17.68917727470398,0.5224544886847888,0.5188483617128781,0.7206215194603811,0.6163797345660947,0.6186319907714497,0.7375322069594268,0.5423425056202372,0.5634396852372037,0.9083157288441301,0.5723116801803259,0.6186319907714497,0.8450453531893093,3,3,2,2
UCR-SEG,Fetal2013_70_6000_12000,17999,64,16,16,5,4,6,0,PEER,pid_weight,UCRSEG_fixed64_b10_w64_s16|UCRSEG_fixed64_b13_w80_s12|UCRSEG_fixed64_b14_w80_s16|UCRSEG_fixed64_b17_w96_s12|UCRSEG_fixed64_b19_w96_s24|UCRSEG_fixed64_b23_w112_s24|UCRSEG_fixed64_b25_w128_s12|UCRSEG_fixed64_b37_w176_s12|UCRSEG_fixed64_b38_w176_s16|UCRSEG_fixed64_b41_w192_s12|UCRSEG_fixed64_b46_w208_s16|UCRSEG_fixed64_b50_w224_s16|UCRSEG_fixed64_b57_w272_s12|UCRSEG_fixed64_b58_w272_s16|UCRSEG_fixed64_b60_w272_s32|UCRSEG_fixed64_b63_w320_s24,0.948093085717567,0.9365649631066225,54.928470849990845,0.7006244002207693,0.7414254504363681,0.8908597825136617,0.7455684123399031,0.7797075399144284,0.8609857536167311,0.6726942085756623,0.7181914733744961,0.952336329655806,0.706567638399272,0.7516180152866596,0.9401151553045505,3,3,2,2
UCR-SEG,GrandMalSeizures2_10_4550,10432,64,16,16,3,3,6,0,PEER,pid_weight,UCRSEG_fixed64_b03_w32_s24|UCRSEG_fixed64_b14_w80_s16|UCRSEG_fixed64_b19_w96_s24|UCRSEG_fixed64_b20_w96_s32|UCRSEG_fixed64_b29_w144_s12|UCRSEG_fixed64_b30_w144_s16|UCRSEG_fixed64_b34_w160_s16|UCRSEG_fixed64_b41_w192_s12|UCRSEG_fixed64_b44_w192_s32|UCRSEG_fixed64_b50_w224_s16|UCRSEG_fixed64_b52_w224_s32|UCRSEG_fixed64_b53_w240_s12|UCRSEG_fixed64_b54_w240_s16|UCRSEG_fixed64_b60_w272_s32|UCRSEG_fixed64_b61_w320_s12|UCRSEG_fixed64_b62_w320_s16,0.9450480708100596,0.9152705652667934,37.700756549835205,0.7471473257271698,0.7381046002946956,0.9124515768129959,0.7314042758976746,0.7305735216170891,0.8457357615186359,0.7973388526310308,0.8097862275908323,0.9503940321773355,0.7672448745831133,0.7706732226117525,0.9108681954750134,3,3,2,3
UCR-SEG,GrandMalSeizures_10_8200,18431,64,16,16,6,3,6,0,PEER,pid_weight,UCRSEG_fixed64_b18_w96_s16|UCRSEG_fixed64_b19_w96_s24|UCRSEG_fixed64_b26_w128_s16|UCRSEG_fixed64_b28_w128_s32|UCRSEG_fixed64_b29_w144_s12|UCRSEG_fixed64_b34_w160_s16|UCRSEG_fixed64_b35_w160_s24|UCRSEG_fixed64_b37_w176_s12|UCRSEG_fixed64_b40_w176_s32|UCRSEG_fixed64_b42_w192_s16|UCRSEG_fixed64_b43_w192_s24|UCRSEG_fixed64_b45_w208_s12|UCRSEG_fixed64_b48_w208_s32|UCRSEG_fixed64_b49_w224_s12|UCRSEG_fixed64_b50_w224_s16|UCRSEG_fixed64_b51_w224_s24,0.32759011291029005,0.4337686512074524,52.198647260665894,0.2358023260250195,0.2386615815445594,0.27976372201164373,0.36281931513031823,0.36433493663502536,0.39896174085320163,0.22175132876199574,0.22800750376203083,0.30558287891601343,0.347082185578789,0.3518151275654994,0.41216638344274475,3,3,3,3
UCR-SEG,GreatBarbet1_50_1900_3700,4699,64,16,16,5,2,7,0,PEER,pid_weight,UCRSEG_fixed64_b10_w64_s16|UCRSEG_fixed64_b19_w96_s24|UCRSEG_fixed64_b20_w96_s32|UCRSEG_fixed64_b26_w128_s16|UCRSEG_fixed64_b29_w144_s12|UCRSEG_fixed64_b30_w144_s16|UCRSEG_fixed64_b39_w176_s24|UCRSEG_fixed64_b40_w176_s32|UCRSEG_fixed64_b41_w192_s12|UCRSEG_fixed64_b42_w192_s16|UCRSEG_fixed64_b43_w192_s24|UCRSEG_fixed64_b45_w208_s12|UCRSEG_fixed64_b47_w208_s24|UCRSEG_fixed64_b50_w224_s16|UCRSEG_fixed64_b51_w224_s24|UCRSEG_fixed64_b53_w240_s12,0.48030410183318967,0.48944273355011564,26.015950918197632,0.26727363277682353,0.3114616449434622,0.3932624275731352,0.35419495200823203,0.36999830221899377,0.49993073150930256,0.23061162966782606,0.20052452287560324,0.5938852729051558,0.31238965963437737,0.32915682599810503,0.6120983130800517,3,2,2,2
UCR-SEG,GreatBarbet2_50_1900_3700,4699,64,16,16,3,2,3,0,PEER,pid_weight,UCRSEG_fixed64_b19_w96_s24|UCRSEG_fixed64_b20_w96_s32|UCRSEG_fixed64_b28_w128_s32|UCRSEG_fixed64_b30_w144_s16|UCRSEG_fixed64_b32_w144_s32|UCRSEG_fixed64_b33_w160_s12|UCRSEG_fixed64_b34_w160_s16|UCRSEG_fixed64_b35_w160_s24|UCRSEG_fixed64_b36_w160_s32|UCRSEG_fixed64_b37_w176_s12|UCRSEG_fixed64_b41_w192_s12|UCRSEG_fixed64_b43_w192_s24|UCRSEG_fixed64_b47_w208_s24|UCRSEG_fixed64_b49_w224_s12|UCRSEG_fixed64_b51_w224_s24|UCRSEG_fixed64_b54_w240_s16,0.09702297380554081,0.21904473331160498,25.545159578323364,0.10862468099151071,0.10199940064460061,0.2053305534789909,0.17560543512009755,0.1855606111441309,0.2958949160761236,0.08621482584837314,0.07505778165758618,0.28671544050772857,0.14557301247027393,0.1459094856554189,0.38114188810633026,0,2,2,2
UCR-SEG,InsectEPG1_50_3802,17000,64,16,16,4,4,11,0,PEER,pid_weight,UCRSEG_fixed64_b17_w96_s12|UCRSEG_fixed64_b19_w96_s24|UCRSEG_fixed64_b21_w112_s12|UCRSEG_fixed64_b27_w128_s24|UCRSEG_fixed64_b33_w160_s12|UCRSEG_fixed64_b34_w160_s16|UCRSEG_fixed64_b37_w176_s12|UCRSEG_fixed64_b40_w176_s32|UCRSEG_fixed64_b41_w192_s12|UCRSEG_fixed64_b45_w208_s12|UCRSEG_fixed64_b46_w208_s16|UCRSEG_fixed64_b49_w224_s12|UCRSEG_fixed64_b50_w224_s16|UCRSEG_fixed64_b53_w240_s12|UCRSEG_fixed64_b55_w240_s24|UCRSEG_fixed64_b59_w272_s24,0.7403943088660646,0.7208415378275352,53.86600375175476,0.48168184538738457,0.48220110339144845,0.6532471900050778,0.54308829898329,0.5254970613195289,0.6421277761206229,0.5160870698023382,0.5393959463798201,0.748736686676574,0.5330695795240338,0.5439278134969687,0.7324610109392568,3,3,2,2
UCR-SEG,InsectEPG2_50_1800,10000,64,16,16,8,6,43,0,PEER,pid_weight,UCRSEG_fixed64_b18_w96_s16|UCRSEG_fixed64_b22_w112_s16|UCRSEG_fixed64_b25_w128_s12|UCRSEG_fixed64_b27_w128_s24|UCRSEG_fixed64_b28_w128_s32|UCRSEG_fixed64_b29_w144_s12|UCRSEG_fixed64_b30_w144_s16|UCRSEG_fixed64_b33_w160_s12|UCRSEG_fixed64_b34_w160_s16|UCRSEG_fixed64_b36_w160_s32|UCRSEG_fixed64_b39_w176_s24|UCRSEG_fixed64_b41_w192_s12|UCRSEG_fixed64_b49_w224_s12|UCRSEG_fixed64_b50_w224_s16|UCRSEG_fixed64_b59_w272_s24|UCRSEG_fixed64_b61_w320_s12,0.09648794119545337,0.2855536286432239,36.54488515853882,0.057717568981729986,0.061401820517812136,0.09762620171943302,0.2650886291578173,0.2753400186351682,0.3227772406201235,0.044106184463989076,0.05362467731610405,0.1688189861595755,0.23926659950019652,0.24554321653655975,0.3685700338363213,2,2,2,2
UCR-SEG,InsectEPG3_50_1710,7000,64,16,16,3,3,13,0,PEER,pid_weight,UCRSEG_fixed64_b17_w96_s12|UCRSEG_fixed64_b19_w96_s24|UCRSEG_fixed64_b21_w112_s12|UCRSEG_fixed64_b23_w112_s24|UCRSEG_fixed64_b25_w128_s12|UCRSEG_fixed64_b29_w144_s12|UCRSEG_fixed64_b31_w144_s24|UCRSEG_fixed64_b33_w160_s12|UCRSEG_fixed64_b34_w160_s16|UCRSEG_fixed64_b37_w176_s12|UCRSEG_fixed64_b38_w176_s16|UCRSEG_fixed64_b41_w192_s12|UCRSEG_fixed64_b42_w192_s16|UCRSEG_fixed64_b43_w192_s24|UCRSEG_fixed64_b49_w224_s12|UCRSEG_fixed64_b53_w240_s12,0.31855890511439144,0.32657202261992374,28.627867698669434,0.18758136778856668,0.2033862701995081,0.32554025894029387,0.3119089759744325,0.3517178060057145,0.43213468907275054,0.23401664616230042,0.22753147254187367,0.48009413109613625,0.3148585623589641,0.34674563280967474,0.5505033056178457,2,1,2,1
UCR-SEG,InsectEPG4_50_3160,19000,64,16,16,5,4,42,0,PEER,pid_weight,UCRSEG_fixed64_b27_w128_s24|UCRSEG_fixed64_b28_w128_s32|UCRSEG_fixed64_b30_w144_s16|UCRSEG_fixed64_b31_w144_s24|UCRSEG_fixed64_b32_w144_s32|UCRSEG_fixed64_b33_w160_s12|UCRSEG_fixed64_b34_w160_s16|UCRSEG_fixed64_b35_w160_s24|UCRSEG_fixed64_b37_w176_s12|UCRSEG_fixed64_b40_w176_s32|UCRSEG_fixed64_b41_w192_s12|UCRSEG_fixed64_b42_w192_s16|UCRSEG_fixed64_b43_w192_s24|UCRSEG_fixed64_b45_w208_s12|UCRSEG_fixed64_b47_w208_s24|UCRSEG_fixed64_b54_w240_s16,0.10703496162284165,0.2677182007279269,58.07309150695801,0.09404445717947726,0.09741051873196044,0.14730723094576625,0.2632338998267006,0.26316277565863955,0.32053880215581015,0.10163015105321412,0.09519024623833412,0.3096668324114053,0.25098076045286405,0.2516417970381176,0.3907846462547715,2,2,2,2
UCR-SEG,NogunGun_150_3000,7382,64,16,16,2,1,1,0,PEER,pid_weight,UCRSEG_fixed64_b20_w96_s32|UCRSEG_fixed64_b24_w112_s32|UCRSEG_fixed64_b28_w128_s32|UCRSEG_fixed64_b29_w144_s12|UCRSEG_fixed64_b30_w144_s16|UCRSEG_fixed64_b35_w160_s24|UCRSEG_fixed64_b37_w176_s12|UCRSEG_fixed64_b38_w176_s16|UCRSEG_fixed64_b42_w192_s16|UCRSEG_fixed64_b45_w208_s12|UCRSEG_fixed64_b49_w224_s12|UCRSEG_fixed64_b50_w224_s16|UCRSEG_fixed64_b53_w240_s12|UCRSEG_fixed64_b54_w240_s16|UCRSEG_fixed64_b59_w272_s24|UCRSEG_fixed64_b60_w272_s32,0.0,0.0,30.817530870437622,0.30109211157125015,0.29584116992624643,0.6337710182735029,0.35315167256833546,0.33758448725430024,0.6724087748820463,0.20201356550416755,0.1329408291543307,0.791491082668218,0.24501188531511203,0.19283060876818386,0.7602557396926681,0,0,0,0
UCR-SEG,PigInternalBleedingDatasetAirwayPressure_400_7501,14972,64,16,16,4,3,43,0,PEER,pid_weight,UCRSEG_fixed64_b17_w96_s12|UCRSEG_fixed64_b26_w128_s16|UCRSEG_fixed64_b30_w144_s16|UCRSEG_fixed64_b31_w144_s24|UCRSEG_fixed64_b32_w144_s32|UCRSEG_fixed64_b33_w160_s12|UCRSEG_fixed64_b34_w160_s16|UCRSEG_fixed64_b35_w160_s24|UCRSEG_fixed64_b38_w176_s16|UCRSEG_fixed64_b43_w192_s24|UCRSEG_fixed64_b45_w208_s12|UCRSEG_fixed64_b46_w208_s16|UCRSEG_fixed64_b48_w208_s32|UCRSEG_fixed64_b51_w224_s24|UCRSEG_fixed64_b52_w224_s32|UCRSEG_fixed64_b58_w272_s16,0.00022551524624055092,0.00023339645194421344,42.69675159454346,0.0015078407154933715,0.00048591851443289787,0.008321898409507911,0.003522422674615144,0.0018018494033788745,0.018954105558366227,0.001588180278794914,0.0009435571519297204,0.0140125546988418,0.004916652849622106,0.0025195441427217974,0.029129878856212738,0,0,0,0
UCR-SEG,PigInternalBleedingDatasetArtPressureFluidFilled_100_7501,14972,64,16,16,3,1,1,0,PEER,pid_weight,UCRSEG_fixed64_b25_w128_s12|UCRSEG_fixed64_b26_w128_s16|UCRSEG_fixed64_b27_w128_s24|UCRSEG_fixed64_b32_w144_s32|UCRSEG_fixed64_b34_w160_s16|UCRSEG_fixed64_b36_w160_s32|UCRSEG_fixed64_b45_w208_s12|UCRSEG_fixed64_b47_w208_s24|UCRSEG_fixed64_b50_w224_s16|UCRSEG_fixed64_b51_w224_s24|UCRSEG_fixed64_b54_w240_s16|UCRSEG_fixed64_b56_w240_s32|UCRSEG_fixed64_b57_w272_s12|UCRSEG_fixed64_b58_w272_s16|UCRSEG_fixed64_b60_w272_s32|UCRSEG_fixed64_b62_w320_s16,0.0,0.0,50.88031721115112,0.1421809565118597,0.14491918864281517,0.21795375716774,0.22347804679094774,0.229121720408623,0.3502805954010862,0.060527660751432344,0.021999793703025447,0.2467991549701222,0.09751010913171848,0.05438792690064605,0.3502805954010862,0,0,0,0
UCR-SEG,PigInternalBleedingDatasetCVP_100_7501,14972,64,16,16,5,5,56,0,PEER,pid_weight,UCRSEG_fixed64_b29_w144_s12|UCRSEG_fixed64_b30_w144_s16|UCRSEG_fixed64_b32_w144_s32|UCRSEG_fixed64_b35_w160_s24|UCRSEG_fixed64_b37_w176_s12|UCRSEG_fixed64_b38_w176_s16|UCRSEG_fixed64_b39_w176_s24|UCRSEG_fixed64_b40_w176_s32|UCRSEG_fixed64_b42_w192_s16|UCRSEG_fixed64_b45_w208_s12|UCRSEG_fixed64_b46_w208_s16|UCRSEG_fixed64_b49_w224_s12|UCRSEG_fixed64_b50_w224_s16|UCRSEG_fixed64_b51_w224_s24|UCRSEG_fixed64_b57_w272_s12|UCRSEG_fixed64_b59_w272_s24,0.11546175567911894,0.21190507931057276,51.668495416641235,0.14909621655927446,0.14825275607840077,0.22879223158768425,0.24749957113632293,0.24546781668969986,0.3512714128239931,0.11273234196218265,0.09397850492867205,0.3235044941383463,0.19083588812962693,0.17444651703901154,0.4363879563752779,0,0,2,2
UCR-SEG,Powerdemand_12_4500,7681,64,16,16,3,2,7,0,PEER,pid_weight,UCRSEG_fixed64_b21_w112_s12|UCRSEG_fixed64_b27_w128_s24|UCRSEG_fixed64_b28_w128_s32|UCRSEG_fixed64_b29_w144_s12|UCRSEG_fixed64_b30_w144_s16|UCRSEG_fixed64_b31_w144_s24|UCRSEG_fixed64_b37_w176_s12|UCRSEG_fixed64_b41_w192_s12|UCRSEG_fixed64_b42_w192_s16|UCRSEG_fixed64_b46_w208_s16|UCRSEG_fixed64_b47_w208_s24|UCRSEG_fixed64_b51_w224_s24|UCRSEG_fixed64_b54_w240_s16|UCRSEG_fixed64_b55_w240_s24|UCRSEG_fixed64_b59_w272_s24|UCRSEG_fixed64_b63_w320_s24,0.14578384347878498,0.10253093237600865,32.752182483673096,0.19620416941609975,0.18293918301868417,0.39450242983063805,0.2496234685275951,0.2451574193612943,0.38575524581877757,0.1489687864087759,0.13046398328419367,0.39450242983063805,0.1939689026803014,0.1744643589122027,0.4531750363373127,0,0,2,0
UCR-SEG,PulsusParadoxusECG1_30_10000,17520,64,16,16,6,3,22,0,PEER,pid_weight,UCRSEG_fixed64_b22_w112_s16|UCRSEG_fixed64_b29_w144_s12|UCRSEG_fixed64_b31_w144_s24|UCRSEG_fixed64_b32_w144_s32|UCRSEG_fixed64_b35_w160_s24|UCRSEG_fixed64_b36_w160_s32|UCRSEG_fixed64_b37_w176_s12|UCRSEG_fixed64_b39_w176_s24|UCRSEG_fixed64_b41_w192_s12|UCRSEG_fixed64_b48_w208_s32|UCRSEG_fixed64_b49_w224_s12|UCRSEG_fixed64_b51_w224_s24|UCRSEG_fixed64_b55_w240_s24|UCRSEG_fixed64_b56_w240_s32|UCRSEG_fixed64_b57_w272_s12|UCRSEG_fixed64_b61_w320_s12,0.8483472923575455,0.7733991359295419,64.79875445365906,0.3566653802543678,0.3852438368128005,0.5568508261212793,0.38529996951125256,0.3799009627313237,0.634637992936873,0.23911991509008185,0.2698470528345634,0.5568508261212793,0.27922514361833567,0.2907904470121673,0.634637992936873,3,3,3,3
UCR-SEG,PulsusParadoxusECG2_30_10000,17520,64,16,16,4,2,33,0,PEER,pid_weight,UCRSEG_fixed64_b19_w96_s24|UCRSEG_fixed64_b22_w112_s16|UCRSEG_fixed64_b28_w128_s32|UCRSEG_fixed64_b29_w144_s12|UCRSEG_fixed64_b30_w144_s16|UCRSEG_fixed64_b31_w144_s24|UCRSEG_fixed64_b33_w160_s12|UCRSEG_fixed64_b39_w176_s24|UCRSEG_fixed64_b42_w192_s16|UCRSEG_fixed64_b45_w208_s12|UCRSEG_fixed64_b46_w208_s16|UCRSEG_fixed64_b47_w208_s24|UCRSEG_fixed64_b48_w208_s32|UCRSEG_fixed64_b50_w224_s16|UCRSEG_fixed64_b57_w272_s12|UCRSEG_fixed64_b59_w272_s24,0.6218093394178659,0.6032697472071686,66.9695336818695,0.4277568037379085,0.4340934490102586,0.708422045323893,0.4658732583323505,0.4902295960626519,0.6977332468394091,0.30468017230629163,0.25924124162660656,0.9185389458479293,0.32662250268114174,0.285013683399823,0.8708070676636336,2,2,2,2
UCR-SEG,PulsusParadoxusSP02_30_10000,17520,64,16,16,2,1,1,0,PEER,pid_weight,UCRSEG_fixed64_b22_w112_s16|UCRSEG_fixed64_b25_w128_s12|UCRSEG_fixed64_b28_w128_s32|UCRSEG_fixed64_b36_w160_s32|UCRSEG_fixed64_b37_w176_s12|UCRSEG_fixed64_b38_w176_s16|UCRSEG_fixed64_b39_w176_s24|UCRSEG_fixed64_b41_w192_s12|UCRSEG_fixed64_b43_w192_s24|UCRSEG_fixed64_b45_w208_s12|UCRSEG_fixed64_b46_w208_s16|UCRSEG_fixed64_b50_w224_s16|UCRSEG_fixed64_b51_w224_s24|UCRSEG_fixed64_b52_w224_s32|UCRSEG_fixed64_b59_w272_s24|UCRSEG_fixed64_b63_w320_s24,0.0,0.0,67.82405686378479,0.1947261480231965,0.17718338685183205,0.513543935019667,0.2207285250483553,0.1795046122244896,0.5235587123550973,0.14288033881445597,0.10258269056550748,0.5950179250752541,0.16113815084471653,0.12133427348777895,0.5585287210926088,0,0,0,0
UCR-SEG,RoboticDogActivityX_60_8699,12698,64,16,16,4,3,19,0,PEER,pid_weight,UCRSEG_fixed64_b20_w96_s32|UCRSEG_fixed64_b26_w128_s16|UCRSEG_fixed64_b28_w128_s32|UCRSEG_fixed64_b29_w144_s12|UCRSEG_fixed64_b30_w144_s16|UCRSEG_fixed64_b31_w144_s24|UCRSEG_fixed64_b35_w160_s24|UCRSEG_fixed64_b36_w160_s32|UCRSEG_fixed64_b37_w176_s12|UCRSEG_fixed64_b40_w176_s32|UCRSEG_fixed64_b42_w192_s16|UCRSEG_fixed64_b43_w192_s24|UCRSEG_fixed64_b53_w240_s12|UCRSEG_fixed64_b54_w240_s16|UCRSEG_fixed64_b57_w272_s12|UCRSEG_fixed64_b59_w272_s24,0.7821812499200821,0.6743515290767178,47.93638014793396,0.2592544676468407,0.27231205528544034,0.3688592348833852,0.3868576820627755,0.39254471393054324,0.5037852626291168,0.19867389026854892,0.1883770501585183,0.6328451459805382,0.3029751648964556,0.31671338340483957,0.6049882114266033,3,3,3,3
UCR-SEG,RoboticDogActivityY_60_10699,14698,64,16,16,4,4,27,0,PEER,pid_weight,UCRSEG_fixed64_b20_w96_s32|UCRSEG_fixed64_b21_w112_s12|UCRSEG_fixed64_b29_w144_s12|UCRSEG_fixed64_b31_w144_s24|UCRSEG_fixed64_b32_w144_s32|UCRSEG_fixed64_b33_w160_s12|UCRSEG_fixed64_b34_w160_s16|UCRSEG_fixed64_b35_w160_s24|UCRSEG_fixed64_b39_w176_s24|UCRSEG_fixed64_b40_w176_s32|UCRSEG_fixed64_b45_w208_s12|UCRSEG_fixed64_b51_w224_s24|UCRSEG_fixed64_b53_w240_s12|UCRSEG_fixed64_b54_w240_s16|UCRSEG_fixed64_b57_w272_s12|UCRSEG_fixed64_b60_w272_s32,0.8014961526352828,0.6623935027368024,53.381500482559204,0.2014244201703426,0.17755790688047002,0.4239181999387016,0.31442935588065146,0.31187844022048417,0.5270888867521479,0.20268508976504127,0.1870729642167477,0.6080235917915865,0.28773508343542764,0.2848916383595872,0.564549452737713,3,3,3,3
UCR-SEG,RoboticDogActivityY_64_4000,10999,64,16,16,3,1,1,0,PEER,pid_weight,UCRSEG_fixed64_b26_w128_s16|UCRSEG_fixed64_b28_w128_s32|UCRSEG_fixed64_b30_w144_s16|UCRSEG_fixed64_b31_w144_s24|UCRSEG_fixed64_b34_w160_s16|UCRSEG_fixed64_b35_w160_s24|UCRSEG_fixed64_b37_w176_s12|UCRSEG_fixed64_b38_w176_s16|UCRSEG_fixed64_b40_w176_s32|UCRSEG_fixed64_b41_w192_s12|UCRSEG_fixed64_b45_w208_s12|UCRSEG_fixed64_b47_w208_s24|UCRSEG_fixed64_b49_w224_s12|UCRSEG_fixed64_b50_w224_s16|UCRSEG_fixed64_b56_w240_s32|UCRSEG_fixed64_b57_w272_s12,0.0,0.0,45.916351556777954,0.09294619281102658,0.07992796198192206,0.23632948826787775,0.12724646132266232,0.13757782496238105,0.3145256073785175,0.09722640892157453,0.06904984546802004,0.5404530359626454,0.10934399622996319,0.08867818178081588,0.4344936774885151,0,0,0,0
UCR-SEG,SimpleSynthetic_125_3000_5000,8000,64,16,16,3,2,3,0,PEER,pid_weight,UCRSEG_fixed64_b10_w64_s16|UCRSEG_fixed64_b13_w80_s12|UCRSEG_fixed64_b17_w96_s12|UCRSEG_fixed64_b31_w144_s24|UCRSEG_fixed64_b33_w160_s12|UCRSEG_fixed64_b37_w176_s12|UCRSEG_fixed64_b38_w176_s16|UCRSEG_fixed64_b40_w176_s32|UCRSEG_fixed64_b41_w192_s12|UCRSEG_fixed64_b43_w192_s24|UCRSEG_fixed64_b44_w192_s32|UCRSEG_fixed64_b45_w208_s12|UCRSEG_fixed64_b46_w208_s16|UCRSEG_fixed64_b51_w224_s24|UCRSEG_fixed64_b56_w240_s32|UCRSEG_fixed64_b63_w320_s24,0.4268916648031564,0.6337402742794908,29.514322519302368,0.33920997252373647,0.34847888385562686,0.3653940213329559,0.4582999745424813,0.46743848540795385,0.47902276368638813,0.3234946955640535,0.3506568609942212,0.450508500271618,0.44553234480836085,0.47194801633924277,0.6404164733327895,3,3,2,2
UCR-SEG,SuddenCardiacDeath1_25_6200_7600,11999,64,16,16,4,3,5,0,PEER,pid_weight,UCRSEG_fixed64_b18_w96_s16|UCRSEG_fixed64_b22_w112_s16|UCRSEG_fixed64_b24_w112_s32|UCRSEG_fixed64_b26_w128_s16|UCRSEG_fixed64_b28_w128_s32|UCRSEG_fixed64_b31_w144_s24|UCRSEG_fixed64_b32_w144_s32|UCRSEG_fixed64_b37_w176_s12|UCRSEG_fixed64_b41_w192_s12|UCRSEG_fixed64_b43_w192_s24|UCRSEG_fixed64_b45_w208_s12|UCRSEG_fixed64_b49_w224_s12|UCRSEG_fixed64_b57_w272_s12|UCRSEG_fixed64_b58_w272_s16|UCRSEG_fixed64_b60_w272_s32|UCRSEG_fixed64_b62_w320_s16,0.8169282013028306,0.7816918967538286,41.77462935447693,0.7243002759741888,0.7667353877296927,0.8602785780950355,0.6839415098474477,0.6894528507374216,0.7904593044800471,0.6282335925791352,0.7228754160926556,0.9119499211213552,0.6049376686871779,0.6678874277597593,0.8425492907946592,2,2,2,2
UCR-SEG,SuddenCardiacDeath2_25_3250,12000,64,16,16,4,3,36,0,PEER,pid_weight,UCRSEG_fixed64_b18_w96_s16|UCRSEG_fixed64_b20_w96_s32|UCRSEG_fixed64_b26_w128_s16|UCRSEG_fixed64_b28_w128_s32|UCRSEG_fixed64_b29_w144_s12|UCRSEG_fixed64_b31_w144_s24|UCRSEG_fixed64_b32_w144_s32|UCRSEG_fixed64_b34_w160_s16|UCRSEG_fixed64_b35_w160_s24|UCRSEG_fixed64_b38_w176_s16|UCRSEG_fixed64_b43_w192_s24|UCRSEG_fixed64_b44_w192_s32|UCRSEG_fixed64_b46_w208_s16|UCRSEG_fixed64_b49_w224_s12|UCRSEG_fixed64_b53_w240_s12|UCRSEG_fixed64_b57_w272_s12,0.24211444223607598,0.16580898214243783,46.5949969291687,0.18413680118547004,0.20175715038597902,0.29362262068143863,0.15692171649409264,0.1596097905578175,0.23638104809921634,0.17987816614448882,0.17852920455675086,0.3846016526353977,0.15018025427832365,0.146902834386964,0.29014665224813185,2,2,2,2
UCR-SEG,SuddenCardiacDeath3_25_3250,12000,64,16,16,4,3,26,0,PEER,pid_weight,UCRSEG_fixed64_b20_w96_s32|UCRSEG_fixed64_b28_w128_s32|UCRSEG_fixed64_b34_w160_s16|UCRSEG_fixed64_b35_w160_s24|UCRSEG_fixed64_b37_w176_s12|UCRSEG_fixed64_b40_w176_s32|UCRSEG_fixed64_b41_w192_s12|UCRSEG_fixed64_b42_w192_s16|UCRSEG_fixed64_b44_w192_s32|UCRSEG_fixed64_b45_w208_s12|UCRSEG_fixed64_b46_w208_s16|UCRSEG_fixed64_b48_w208_s32|UCRSEG_fixed64_b50_w224_s16|UCRSEG_fixed64_b51_w224_s24|UCRSEG_fixed64_b57_w272_s12|UCRSEG_fixed64_b58_w272_s16,0.1532890585314815,0.16120943244511687,48.9314386844635,0.12779711881411485,0.14045373765018287,0.18743621010125072,0.15354829400222408,0.13021075532011422,0.28044366002166105,0.1275796301650687,0.12586828882990836,0.24738288435485498,0.13485838312450943,0.12674221448676254,0.3147090721110817,2,2,2,2
UCR-SEG,TiltABP_210_25000,39999,64,16,16,5,2,3,0,PEER,pid_weight,UCRSEG_fixed64_b33_w160_s12|UCRSEG_fixed64_b37_w176_s12|UCRSEG_fixed64_b39_w176_s24|UCRSEG_fixed64_b40_w176_s32|UCRSEG_fixed64_b41_w192_s12|UCRSEG_fixed64_b44_w192_s32|UCRSEG_fixed64_b45_w208_s12|UCRSEG_fixed64_b46_w208_s16|UCRSEG_fixed64_b47_w208_s24|UCRSEG_fixed64_b48_w208_s32|UCRSEG_fixed64_b49_w224_s12|UCRSEG_fixed64_b50_w224_s16|UCRSEG_fixed64_b58_w272_s16|UCRSEG_fixed64_b61_w320_s12|UCRSEG_fixed64_b62_w320_s16|UCRSEG_fixed64_b63_w320_s24,0.9936854292167492,0.9831593154713055,111.6284556388855,0.49666870686876763,0.4975737368033082,0.8418752095152233,0.6504039448957929,0.6603434729109756,0.7908456427030615,0.3883372895970808,0.3658975198633806,0.8418752095152233,0.5555880754867654,0.5758010476370007,0.7908456427030615,3,3,3,3
UCR-SEG,TiltECG_200_25000,39999,64,16,16,10,5,40,0,PEER,pid_weight,UCRSEG_fixed64_b34_w160_s16|UCRSEG_fixed64_b36_w160_s32|UCRSEG_fixed64_b37_w176_s12|UCRSEG_fixed64_b38_w176_s16|UCRSEG_fixed64_b39_w176_s24|UCRSEG_fixed64_b40_w176_s32|UCRSEG_fixed64_b41_w192_s12|UCRSEG_fixed64_b44_w192_s32|UCRSEG_fixed64_b49_w224_s12|UCRSEG_fixed64_b50_w224_s16|UCRSEG_fixed64_b54_w240_s16|UCRSEG_fixed64_b59_w272_s24|UCRSEG_fixed64_b61_w320_s12|UCRSEG_fixed64_b62_w320_s16|UCRSEG_fixed64_b63_w320_s24|UCRSEG_fixed64_b64_w320_s32,0.7246153812753234,0.6048790811460247,116.17582392692566,0.40364784268945286,0.40790558108537955,0.5316269204528639,0.41472858117657607,0.42385079314566376,0.5301341208545782,0.22212760411422977,0.19458245154441628,0.6348683766612573,0.24534101746768341,0.23493058722929347,0.5367697797112164,3,3,3,3
UCR-SEG,WalkJogRun1_80_3800_6800,10000,64,16,16,5,5,15,0,PEER,pid_weight,UCRSEG_fixed64_b17_w96_s12|UCRSEG_fixed64_b18_w96_s16|UCRSEG_fixed64_b23_w112_s24|UCRSEG_fixed64_b25_w128_s12|UCRSEG_fixed64_b27_w128_s24|UCRSEG_fixed64_b29_w144_s12|UCRSEG_fixed64_b32_w144_s32|UCRSEG_fixed64_b33_w160_s12|UCRSEG_fixed64_b34_w160_s16|UCRSEG_fixed64_b36_w160_s32|UCRSEG_fixed64_b44_w192_s32|UCRSEG_fixed64_b47_w208_s24|UCRSEG_fixed64_b51_w224_s24|UCRSEG_fixed64_b53_w240_s12|UCRSEG_fixed64_b56_w240_s32|UCRSEG_fixed64_b61_w320_s12,0.7671839242624339,0.7277729050578949,37.78278136253357,0.5976470267827038,0.6229833754967248,0.7653293796216835,0.6132563057062019,0.6172837352589291,0.7518954067738313,0.477509688033028,0.5014691865414446,0.8573823625333669,0.5016948282525449,0.5285695144045437,0.8281628558960291,3,2,2,2
UCR-SEG,WalkJogRun2_80_3800_6800,10000,64,16,16,4,4,13,0,PEER,pid_weight,UCRSEG_fixed64_b14_w80_s16|UCRSEG_fixed64_b17_w96_s12|UCRSEG_fixed64_b18_w96_s16|UCRSEG_fixed64_b20_w96_s32|UCRSEG_fixed64_b27_w128_s24|UCRSEG_fixed64_b29_w144_s12|UCRSEG_fixed64_b30_w144_s16|UCRSEG_fixed64_b38_w176_s16|UCRSEG_fixed64_b39_w176_s24|UCRSEG_fixed64_b40_w176_s32|UCRSEG_fixed64_b41_w192_s12|UCRSEG_fixed64_b43_w192_s24|UCRSEG_fixed64_b44_w192_s32|UCRSEG_fixed64_b45_w208_s12|UCRSEG_fixed64_b50_w224_s16|UCRSEG_fixed64_b60_w272_s32,0.40206018207262595,0.43213246072945893,37.32188153266907,0.5295981656733809,0.5374945891537866,0.6663126395306589,0.5044074022348511,0.5101590552448279,0.6438654484697955,0.47763244324907944,0.45665751370141916,0.6663126395306589,0.4651514317251839,0.4714183293499098,0.6637989108939906,0,0,0,0
