true_label,meta_K6,meta_K9,meta_K7,meta_K8
0,0,0,0,0
0,0,0,0,0
0,0,0,0,0
0,0,0,0,0
0,0,0,0,0
0,0,0,0,0
0,0,0,0,0
0,0,0,0,0
0,0,0,0,0
0,0,0,0,0
0,0,0,0,0
0,0,0,0,0
0,0,0,0,0
0,0,0,0,0
0,0,0,0,0
0,0,0,0,0
0,0,0,0,0
0,0,0,0,0
0,0,0,0,0
0,0,0,0,0
0,0,0,0,0
0,0,0,0,0
0,0,0,0,0
0,0,0,0,0
0,0,0,0,0
0,0,0,0,0
0,0,0,0,0
0,0,0,0,0
0,0,0,0,0
0,0,0,0,0
0,0,0,0,0
0,0,0,0,0
0,0,0,0,0
0,0,0,0,0
0,0,0,0,0
0,0,0,0,0
0,0,0,0,0
0,0,0,0,0
0,0,0,0,0
0,0,0,0,0
0,0,0,0,0
0,0,0,0,0
0,0,0,0,0
0,0,0,0,0
0,0,0,0,0
0,0,0,0,0
0,0,0,0,0
0,0,0,0,0
0,0,0,0,0
0,0,0,0,0
0,0,0,0,0
0,0,0,0,0
0,0,0,0,0
0,0,0,0,0
0,0,0,0,0
0,0,0,0,0
0,0,0,0,0
0,0,0,0,0
0,0,0,0,0
0,0,0,0,0
0,0,0,0,0
0,0,0,0,0
0,0,0,0,0
0,0,0,0,0
0,0,0,0,0
0,0,0,0,0
0,0,0,0,0
0,0,0,0,0
0,0,0,0,0
0,0,0,0,0
0,0,0,0,0
0,0,0,0,0
0,0,0,0,0
0,0,0,0,0
0,0,0,0,0
0,0,0,0,0
0,0,0,0,0
0,0,0,0,0
0,0,0,0,0
0,0,0,0,0
0,0,0,0,0
0,0,0,0,0
0,0,0,0,0
0,0,0,0,0
0,0,0,0,0
0,0,0,0,0
0,0,0,0,0
0,0,0,0,0
0,0,0,0,0
0,0,0,0,0
0,0,0,0,0
0,0,0,0,0
0,0,0,0,0
0,0,0,0,0
0,0,0,0,0
0,0,0,0,0
0,0,0,0,0
0,0,0,0,0
0,0,0,0,0
0,0,0,0,0
0,0,0,0,0
0,0,0,0,0
0,0,0,0,0
0,0,0,0,0
0,0,0,0,0
0,0,0,0,0
0,0,0,0,0
0,0,0,0,0
0,0,0,0,0
0,0,0,0,0
0,0,0,0,0
0,0,0,0,0
0,0,0,0,0
0,0,0,0,0
0,0,0,0,0
0,0,0,0,0
0,0,0,0,0
0,0,0,0,0
0,0,0,0,0
0,0,0,0,0
0,0,0,0,0
0,0,0,0,0
0,0,0,0,0
0,0,0,0,0
0,0,0,0,0
0,0,0,0,0
0,0,0,0,0
0,0,0,0,0
0,0,0,0,0
0,0,0,0,0
0,0,0,0,0
0,0,0,0,0
0,0,0,0,0
0,0,0,0,0
0,0,0,0,0
0,0,0,0,0
0,0,0,0,0
0,0,0,0,0
0,0,0,0,0
0,0,0,0,0
0,0,0,0,0
0,0,0,0,0
0,0,0,0,0
0,0,0,0,0
0,0,0,0,0
0,0,0,0,0
0,0,0,0,0
0,0,0,0,0
0,0,0,0,0
0,0,0,0,0
0,0,0,0,0
0,0,0,0,0
0,0,0,0,0
0,0,0,0,0
0,0,0,0,0
0,0,0,0,0
0,0,0,0,0
0,0,0,0,0
0,0,0,0,0
0,0,0,0,0
0,0,0,0,0
0,0,0,0,0
0,0,0,0,0
0,0,0,0,0
0,0,0,0,0
0,0,0,0,0
0,0,0,0,0
0,0,0,0,0
0,0,0,0,0
0,0,0,0,0
0,0,0,0,0
0,0,0,0,0
0,0,0,0,0
0,0,0,0,0
0,0,0,0,0
0,0,0,0,0
0,0,0,0,0
0,0,0,0,0
0,0,0,0,0
0,0,0,0,0
0,0,0,0,0
0,0,0,0,0
0,0,0,0,0
0,0,0,0,0
0,0,0,0,0
0,0,0,0,0
0,0,0,0,0
0,0,0,0,0
0,0,0,0,0
0,0,0,0,0
0,0,0,0,0
0,0,0,0,0
0,0,0,0,0
0,0,0,0,0
0,0,0,0,0
0,0,0,0,0
0,0,0,0,0
0,0,0,0,0
0,0,0,0,0
0,0,0,0,0
0,0,0,0,0
0,0,0,0,0
0,0,0,0,0
0,0,0,0,0
0,0,0,0,0
0,0,0,0,0
0,0,0,0,0
0,0,0,0,0
0,0,0,0,0
0,0,0,0,0
0,0,0,0,0
0,0,0,0,0
0,0,0,0,0
0,0,0,0,0
0,0,0,0,0
0,0,0,0,0
0,0,0,0,0
0,0,0,0,0
0,0,0,0,0
0,0,0,0,0
0,0,0,0,0
0,0,0,0,0
0,0,0,0,0
0,0,0,0,0
0,0,0,0,0
0,0,0,0,0
0,0,0,0,0
0,0,0,0,0
0,0,0,0,0
0,0,0,0,0
0,0,0,0,0
0,0,0,0,0
0,0,0,0,0
0,0,0,0,0
0,0,0,0,0
0,0,0,0,0
0,0,0,0,0
0,0,0,0,0
0,0,0,0,0
0,0,0,0,0
0,0,0,0,0
0,0,0,0,0
0,0,0,0,0
0,0,0,0,0
0,0,0,0,0
0,0,0,0,0
0,0,0,0,0
0,0,0,0,0
0,0,0,0,0
0,0,0,0,0
0,0,0,0,0
0,0,0,0,0
0,0,0,0,0
0,0,0,0,0
0,0,0,0,0
0,0,0,0,0
0,0,0,0,0
0,0,0,0,0
0,0,0,0,0
0,0,0,0,0
0,0,0,0,0
0,0,0,0,0
0,0,0,0,0
0,0,0,0,0
0,0,0,0,0
0,0,0,0,0
0,0,0,0,0
0,0,0,0,0
0,0,0,0,0
0,0,0,0,0
0,0,0,0,0
0,0,0,0,0
0,0,0,0,0
0,0,0,0,0
0,0,0,0,0
0,0,0,0,0
0,0,0,0,0
0,0,0,0,0
0,0,0,0,0
0,0,0,0,0
0,0,0,0,0
0,0,0,0,0
0,0,0,0,0
0,0,0,0,0
0,0,0,0,0
0,0,0,0,0
0,0,0,0,0
0,0,0,0,0
0,0,0,0,0
0,0,0,0,0
0,0,0,0,0
0,0,0,0,0
0,0,0,0,0
0,0,0,0,0
0,0,0,0,0
0,0,0,0,0
0,0,0,0,0
0,0,0,0,0
0,0,0,0,0
0,0,0,0,0
0,0,0,0,0
0,0,0,0,0
0,0,0,0,0
0,0,0,0,0
0,0,0,0,0
0,0,0,0,0
0,0,0,0,0
0,0,0,0,0
0,0,0,0,0
0,0,0,0,0
0,0,0,0,0
0,0,0,0,0
0,0,0,0,0
0,0,0,0,0
0,0,0,0,0
0,0,0,0,0
0,0,0,0,0
0,0,0,0,0
0,0,0,0,0
0,0,0,0,0
0,0,0,0,0
0,0,0,0,0
0,0,0,0,0
0,0,0,0,0
0,0,0,0,0
0,0,0,0,0
0,0,0,0,0
0,0,0,0,0
0,0,0,0,0
0,0,0,0,0
0,0,0,0,0
0,0,0,0,0
0,0,0,0,0
0,0,0,0,0
0,0,0,0,0
0,0,0,0,0
0,0,0,0,0
0,0,0,0,0
0,0,0,0,0
0,0,0,0,0
0,0,0,0,0
0,0,0,0,0
0,0,0,0,0
0,0,0,0,0
0,0,0,0,0
0,0,0,0,0
0,0,0,0,0
0,0,0,0,0
0,0,0,0,0
0,0,0,0,0
0,0,0,0,0
0,0,0,0,0
0,0,0,0,0
0,0,0,0,0
0,0,0,0,0
0,0,0,0,0
0,0,0,0,0
0,0,0,0,0
0,0,0,0,0
0,0,0,0,0
0,0,0,0,0
0,0,0,0,0
0,0,0,0,0
0,0,0,0,0
0,0,0,0,0
0,0,0,0,0
0,0,0,0,0
0,0,0,0,0
0,0,0,0,0
0,0,0,0,0
0,0,0,0,0
0,0,0,0,0
0,0,0,0,0
0,0,0,0,0
0,0,0,0,0
0,0,0,0,0
0,0,0,0,0
0,0,0,0,0
0,0,0,0,0
0,0,0,0,0
0,0,0,0,0
0,0,0,0,0
0,0,0,0,0
0,0,0,0,0
0,0,0,0,0
0,0,0,0,0
0,0,0,0,0
0,0,0,0,0
0,0,0,0,0
0,0,0,0,0
0,0,0,0,0
0,0,0,0,0
0,0,0,0,0
0,0,0,0,0
0,0,0,0,0
0,0,0,0,0
0,0,0,0,0
0,0,0,0,0
0,0,0,0,0
0,0,0,0,0
0,0,0,0,0
0,0,0,0,0
0,0,0,0,0
0,0,0,0,0
0,0,0,0,0
0,0,0,0,0
0,0,0,0,0
0,0,0,0,0
0,0,0,0,0
0,0,0,0,0
0,0,0,0,0
0,0,0,0,0
0,0,0,0,0
0,0,0,0,0
0,0,0,0,0
0,0,0,0,0
0,0,0,0,0
0,0,0,0,0
0,0,0,0,0
0,0,0,0,0
0,0,0,0,0
0,0,0,0,0
0,0,0,0,0
0,0,0,0,0
0,0,0,0,0
0,0,0,0,0
0,0,0,0,0
0,0,0,0,0
0,0,0,0,0
0,0,0,0,0
0,0,0,0,0
0,0,0,0,0
0,0,0,0,0
0,0,0,0,0
0,0,0,0,0
0,0,0,0,0
0,0,0,0,0
0,0,0,0,0
0,0,0,0,0
0,0,0,0,0
0,0,0,0,0
0,0,0,0,0
0,0,0,0,0
0,0,0,0,0
0,0,0,0,0
0,0,0,0,0
0,0,0,0,0
0,0,0,0,0
0,0,0,0,0
0,0,0,0,0
0,0,0,0,0
0,0,0,0,0
0,0,0,0,0
0,0,0,0,0
0,0,0,0,0
0,0,0,0,0
0,0,0,0,0
0,0,0,0,0
0,0,0,0,0
0,0,0,0,0
0,0,0,0,0
0,0,0,0,0
0,0,0,0,0
0,0,0,0,0
0,0,0,0,0
0,0,0,0,0
0,0,0,0,0
0,0,0,0,0
0,0,0,0,0
0,0,0,0,0
0,0,0,0,0
0,0,0,0,0
0,0,0,0,0
0,0,0,0,0
0,0,0,0,0
0,0,0,0,0
0,0,0,0,0
0,0,0,0,0
0,0,0,0,0
0,0,0,0,0
0,0,0,0,0
0,0,0,0,0
0,0,0,0,0
0,0,0,0,0
0,0,0,0,0
0,0,0,0,0
0,0,0,0,0
0,0,0,0,0
0,0,0,0,0
0,0,0,0,0
0,0,0,0,0
0,0,0,0,0
0,0,0,0,0
0,0,0,0,0
0,0,0,0,0
0,0,0,0,0
0,0,0,0,0
0,0,0,0,0
0,0,0,0,0
0,0,0,0,0
0,0,0,0,0
0,0,0,0,0
0,0,0,0,0
0,0,0,0,0
0,0,0,0,0
0,0,0,0,0
0,0,0,0,0
0,0,0,0,0
0,0,0,0,0
0,0,0,0,0
0,0,0,0,0
0,0,0,0,0
0,0,0,0,0
0,0,0,0,0
0,0,0,0,0
0,0,0,0,0
0,0,0,0,0
0,0,0,0,0
0,0,0,0,0
0,0,0,0,0
0,0,0,0,0
0,0,0,0,0
0,0,0,0,0
0,0,0,0,0
0,0,0,0,0
0,0,0,0,0
0,0,0,0,0
0,0,0,0,0
0,0,0,0,0
0,0,0,0,0
0,0,0,0,0
0,0,0,0,0
0,0,0,0,0
0,0,0,0,0
0,0,0,0,0
0,0,0,0,0
0,0,0,0,0
0,0,0,0,0
0,0,0,0,0
0,0,0,0,0
0,0,0,0,0
0,0,0,0,0
0,0,0,0,0
0,0,0,0,0
0,0,0,0,0
0,0,0,0,0
0,0,0,0,0
0,0,0,0,0
0,0,0,0,0
0,0,0,0,0
0,0,0,0,0
0,0,0,0,0
0,0,0,0,0
0,0,0,0,0
0,0,0,0,0
0,0,0,0,0
0,0,0,0,0
0,0,0,0,0
0,0,0,0,0
0,0,0,0,0
0,0,0,0,0
0,0,0,0,0
0,0,0,0,0
0,0,0,0,0
0,0,0,0,0
0,0,0,0,0
0,0,0,0,0
0,0,0,0,0
0,0,0,0,0
0,0,0,0,0
0,0,0,0,0
0,0,0,0,0
0,0,0,0,0
0,0,0,0,0
0,0,0,0,0
0,0,0,0,0
0,0,0,0,0
0,0,0,0,0
0,0,0,0,0
0,0,0,0,0
0,0,0,0,0
0,0,0,0,0
0,0,0,0,0
0,0,0,0,0
0,0,0,0,0
0,0,0,0,0
0,0,0,0,0
0,0,0,0,0
0,0,0,0,0
0,0,0,0,0
0,0,0,0,0
0,0,0,0,0
0,0,0,0,0
0,0,0,0,0
0,0,0,0,0
0,0,0,0,0
0,0,0,0,0
0,0,0,0,0
0,0,0,0,0
0,0,0,0,0
0,0,0,0,0
0,0,0,0,0
0,0,0,0,0
0,0,0,0,0
0,0,0,0,0
0,0,0,0,0
0,0,0,0,0
0,0,0,0,0
0,0,0,0,0
0,0,0,0,0
0,0,0,0,0
0,0,0,0,0
0,0,0,0,0
0,0,0,0,0
0,0,0,0,0
0,0,0,0,0
0,0,0,0,0
0,0,0,0,0
0,0,0,0,0
0,0,0,0,0
0,0,0,0,0
0,0,0,0,0
0,0,0,0,0
0,0,0,0,0
0,0,0,0,0
0,0,0,0,0
0,0,0,0,0
0,0,0,0,0
0,0,0,0,0
0,0,0,0,0
0,0,0,0,0
0,0,0,0,0
0,0,0,0,0
0,0,0,0,0
0,0,0,0,0
0,0,0,0,0
0,0,0,0,0
0,0,0,0,0
0,0,0,0,0
0,0,0,0,0
0,0,0,0,0
0,0,0,0,0
0,0,0,0,0
0,0,0,0,0
0,0,0,0,0
0,0,0,0,0
0,0,0,0,0
0,0,0,0,0
0,0,0,0,0
0,0,0,0,0
0,0,0,0,0
0,0,0,0,0
0,0,0,0,0
0,0,0,0,0
0,0,0,0,0
0,0,0,0,0
0,0,0,0,0
0,0,0,0,0
0,0,0,0,0
0,0,0,0,0
0,0,0,0,0
0,0,0,0,0
0,0,0,0,0
0,0,0,0,0
0,0,0,0,0
0,0,0,0,0
0,0,0,0,0
0,0,0,0,0
0,0,0,0,0
0,0,0,0,0
0,0,0,0,0
0,0,0,0,0
0,0,0,0,0
0,0,0,0,0
0,0,0,0,0
0,0,0,0,0
0,0,0,0,0
0,0,0,0,0
0,0,0,0,0
0,0,0,0,0
0,0,0,0,0
0,0,0,0,0
0,0,0,0,0
0,0,0,0,0
0,0,0,0,0
0,0,0,0,0
0,0,0,0,0
0,0,0,0,0
0,0,0,0,0
0,0,0,0,0
0,0,0,0,0
0,0,0,0,0
0,0,0,0,0
0,0,0,0,0
0,0,0,0,0
0,0,0,0,0
0,0,0,0,0
0,0,0,0,0
0,0,0,0,0
0,0,0,0,0
0,0,0,0,0
0,0,0,0,0
0,0,0,0,0
0,0,0,0,0
0,0,0,0,0
0,0,0,0,0
0,0,0,0,0
0,0,0,0,0
0,0,0,0,0
0,0,0,0,0
0,0,0,0,0
0,0,0,0,0
0,0,0,0,0
0,0,0,0,0
0,0,0,0,0
0,0,0,0,0
0,0,0,0,0
0,0,0,0,0
0,0,0,0,0
0,0,0,0,0
0,0,0,0,0
0,0,0,0,0
0,0,0,0,0
0,0,0,0,0
0,0,0,0,0
0,0,0,0,0
0,0,0,0,0
0,0,0,0,0
0,0,0,0,0
0,0,0,0,0
0,0,0,0,0
0,0,0,0,0
0,0,0,0,0
0,0,0,0,0
0,0,0,0,0
0,0,0,0,0
0,0,0,0,0
0,0,0,0,0
0,0,0,0,0
0,0,0,0,0
0,0,0,0,0
0,0,0,0,0
0,0,0,0,0
0,0,0,0,0
0,0,0,0,0
0,0,0,0,0
0,0,0,0,0
0,0,0,0,0
0,0,0,0,0
0,0,0,0,0
0,0,0,0,0
0,0,0,0,0
0,0,0,0,0
0,0,0,0,0
0,0,0,0,0
0,0,0,0,0
0,0,0,0,0
0,0,0,0,0
0,0,0,0,0
0,0,0,0,0
0,0,0,0,0
0,0,0,0,0
0,0,0,0,0
0,0,0,0,0
0,0,0,0,0
0,0,0,0,0
0,0,0,0,0
0,0,0,0,0
0,0,0,0,0
0,0,0,0,0
0,0,0,0,0
0,0,0,0,0
0,0,0,0,0
0,0,0,0,0
0,0,0,0,0
0,0,0,0,0
0,0,0,0,0
0,0,0,0,0
0,0,0,0,0
0,0,0,0,0
0,0,0,0,0
0,0,0,0,0
0,0,0,0,0
0,0,0,0,0
0,0,0,0,0
0,0,0,0,0
0,0,0,0,0
0,0,0,0,0
0,0,0,0,0
0,0,0,0,0
0,0,0,0,0
0,0,0,0,0
0,0,0,0,0
0,0,0,0,0
0,0,0,0,0
0,0,0,0,0
0,0,0,0,0
0,0,0,0,0
0,0,0,0,0
0,0,0,0,0
0,0,0,0,0
0,0,0,0,0
0,0,0,0,0
0,0,0,0,0
0,0,0,0,0
0,0,0,0,0
0,0,0,0,0
0,0,0,0,0
0,0,0,0,0
0,0,0,0,0
0,0,0,0,0
0,0,0,0,0
0,0,0,0,0
0,0,0,0,0
0,0,0,0,0
0,0,0,0,0
0,0,0,0,0
0,0,0,0,0
0,0,0,0,0
0,0,0,0,0
0,0,0,0,0
0,0,0,0,0
0,0,0,0,0
0,0,0,0,0
0,0,0,0,0
0,0,0,0,0
0,0,0,0,0
0,0,0,0,0
0,0,0,0,0
0,0,0,0,0
0,0,0,0,0
0,0,0,0,0
0,0,0,0,0
0,0,0,0,0
0,0,0,0,0
0,0,0,0,0
0,0,0,0,0
0,0,0,0,0
0,0,0,0,0
0,0,0,0,0
0,0,0,0,0
0,0,0,0,0
0,0,0,0,0
0,0,0,0,0
0,0,0,0,0
0,0,0,0,0
0,0,0,0,0
0,0,0,0,0
0,0,0,0,0
0,0,0,0,0
0,0,0,0,0
0,0,0,0,0
0,0,0,0,0
0,0,0,0,0
0,0,0,0,0
0,0,0,0,0
0,0,0,0,0
0,0,0,0,0
0,0,0,0,0
0,0,0,0,0
0,0,0,0,0
0,0,0,0,0
0,0,0,0,0
0,0,0,0,0
0,0,0,0,0
0,0,0,0,0
0,0,0,0,0
0,0,0,0,0
0,0,0,0,0
0,0,0,0,0
0,0,0,0,0
0,0,0,0,0
1,0,0,0,0
1,0,0,0,0
1,0,0,0,0
1,0,0,0,0
1,0,0,0,0
1,0,0,0,0
1,0,0,0,0
1,0,0,0,0
1,1,1,1,1
1,1,1,1,1
1,1,1,1,1
1,1,1,1,1
1,1,1,1,1
1,1,1,1,1
1,1,1,1,1
1,1,1,1,1
1,1,1,1,1
1,1,1,1,1
1,1,1,1,1
1,1,1,1,1
1,1,1,1,1
1,1,1,1,1
1,1,1,1,1
1,1,1,1,1
1,1,1,1,1
1,1,1,1,1
1,1,1,1,1
1,1,1,1,1
1,1,1,1,1
1,1,1,1,1
1,1,1,1,1
1,1,1,1,1
1,1,1,1,1
1,1,1,1,1
1,1,1,1,1
1,1,1,1,1
1,1,1,1,1
1,1,1,1,1
1,1,1,1,1
1,1,1,1,1
1,1,1,1,1
1,1,1,1,1
1,1,1,1,1
1,1,1,1,1
1,1,1,1,1
1,1,1,1,1
1,1,1,1,1
1,1,1,1,1
1,1,1,1,1
1,1,1,1,1
1,1,1,1,1
1,1,1,1,1
1,1,1,1,1
1,1,1,1,1
1,1,1,1,1
1,1,1,1,1
1,1,1,1,1
1,1,1,1,1
1,1,1,1,1
1,1,1,1,1
1,1,1,1,1
1,1,1,1,1
1,1,1,1,1
1,1,1,1,1
1,1,1,1,1
1,1,1,1,1
1,1,1,1,1
1,1,1,1,1
1,1,1,1,1
1,1,1,1,1
1,1,1,1,1
1,1,1,1,1
1,1,1,1,1
1,1,1,1,1
1,1,1,1,1
1,1,1,1,1
1,1,1,1,1
1,1,1,1,1
1,1,1,1,1
1,1,1,1,1
1,1,1,1,1
1,1,1,1,1
1,1,1,1,1
1,1,1,1,1
1,1,1,1,1
1,1,1,1,1
1,1,1,1,1
1,1,1,1,1
1,1,1,1,1
1,1,1,1,1
1,1,1,1,1
1,1,1,1,1
1,1,1,1,1
1,1,1,1,1
1,1,1,1,1
1,1,1,1,1
1,1,1,1,1
1,1,1,1,1
1,1,1,1,1
1,1,1,1,1
1,1,1,1,1
1,1,1,1,1
1,1,1,1,1
1,1,1,1,1
1,1,1,1,1
1,1,1,1,1
1,1,1,1,1
1,1,1,1,1
1,1,1,1,1
1,1,1,1,1
1,1,1,1,1
1,1,1,1,1
1,1,1,1,1
1,1,1,1,1
1,1,1,1,1
1,1,1,1,1
1,1,1,1,1
1,1,1,1,1
1,1,1,1,1
1,1,1,1,1
1,1,1,1,1
1,1,1,1,1
1,1,1,1,1
1,1,1,1,1
1,1,1,1,1
1,1,1,1,1
1,1,1,1,1
1,1,1,1,1
1,1,1,1,1
1,1,1,1,1
1,1,1,1,1
1,1,1,1,1
1,1,1,1,1
1,1,1,1,1
1,1,1,1,1
1,1,1,1,1
1,1,1,1,1
1,1,1,1,1
1,1,1,1,1
1,1,1,1,1
1,1,1,1,1
1,1,1,1,1
1,1,1,1,1
1,1,1,1,1
1,1,1,1,1
1,1,1,1,1
1,1,1,1,1
1,1,1,1,1
1,1,1,1,1
1,1,1,1,1
1,1,1,1,1
1,1,1,1,1
1,1,1,1,1
1,1,1,1,1
1,1,1,1,1
1,1,1,1,1
1,1,1,1,1
1,1,1,1,1
1,1,1,1,1
1,1,1,1,1
1,1,1,1,1
1,1,1,1,1
1,1,1,1,1
1,1,1,1,1
1,1,1,1,1
1,1,1,1,1
1,1,1,1,1
1,1,1,1,1
1,1,1,1,1
1,1,1,1,1
1,1,1,1,1
1,1,1,1,1
1,1,1,1,1
1,1,1,1,1
1,1,1,1,1
1,1,1,1,1
1,1,1,1,1
1,1,1,1,1
1,1,1,1,1
1,1,1,1,1
1,1,1,1,1
1,1,1,1,1
1,1,1,1,1
1,1,1,1,1
1,1,1,1,1
1,1,1,1,1
1,1,1,1,1
1,1,1,1,1
1,1,1,1,1
1,1,1,1,1
1,1,1,1,1
1,1,1,1,1
1,1,1,1,1
1,1,1,1,1
1,1,1,1,1
1,1,1,1,1
1,1,1,1,1
1,1,1,1,1
1,1,1,1,1
1,1,1,1,1
1,1,1,1,1
1,1,1,1,1
1,1,1,1,1
1,1,1,1,1
1,1,1,1,1
1,1,1,1,1
1,1,1,1,1
1,1,1,1,1
1,1,1,1,1
1,1,1,1,1
1,1,1,1,1
1,1,1,1,1
1,1,1,1,1
1,1,1,1,1
1,1,1,1,1
1,1,1,1,1
1,1,1,1,1
1,1,1,1,1
1,1,1,1,1
1,1,1,1,1
1,1,1,1,1
1,1,1,1,1
1,1,1,1,1
1,1,1,1,1
1,1,1,1,1
1,1,1,1,1
1,1,1,1,1
1,1,1,1,1
1,1,1,1,1
1,1,1,1,1
1,1,1,1,1
1,1,1,1,1
1,1,1,1,1
1,1,1,1,1
1,1,1,1,1
1,1,1,1,1
1,1,1,1,1
1,1,1,1,1
1,1,1,1,1
1,1,1,1,1
1,1,1,1,1
1,1,1,1,1
1,1,1,1,1
1,1,1,1,1
1,1,1,1,1
1,1,1,1,1
1,1,1,1,1
1,1,1,1,1
1,1,1,1,1
1,1,1,1,1
1,1,1,1,1
1,1,1,1,1
1,1,1,1,1
1,1,1,1,1
1,1,1,1,1
1,1,1,1,1
1,1,1,1,1
1,1,1,1,1
1,1,1,1,1
1,1,1,1,1
1,1,1,1,1
1,1,1,1,1
1,1,1,1,1
1,1,1,1,1
1,1,1,1,1
1,1,1,1,1
1,1,1,1,1
1,1,1,1,1
1,1,1,1,1
1,1,1,1,1
1,1,1,1,1
1,1,1,1,1
1,1,1,1,1
1,1,1,1,1
1,1,1,1,1
1,1,1,1,1
1,1,1,1,1
1,1,1,1,1
1,1,1,1,1
1,1,1,1,1
1,1,1,1,1
1,1,1,1,1
1,1,1,1,1
1,1,1,1,1
1,1,1,1,1
1,1,1,1,1
1,1,1,1,1
1,1,1,1,1
1,1,1,1,1
1,1,1,1,1
1,1,1,1,1
1,1,1,1,1
1,1,1,1,1
1,1,1,1,1
1,1,1,1,1
1,1,1,1,1
1,1,1,1,1
1,1,1,1,1
1,1,1,1,1
1,1,1,1,1
1,1,1,1,1
1,1,1,1,1
1,1,1,1,1
1,1,1,1,1
1,1,1,1,1
1,1,1,1,1
1,1,1,1,1
1,1,1,1,1
1,1,1,1,1
1,1,1,1,1
1,1,1,1,1
1,1,1,1,1
1,1,1,1,1
1,1,1,1,1
1,1,1,1,1
1,1,1,1,1
1,1,1,1,1
1,1,1,1,1
1,1,1,1,1
1,1,1,1,1
1,1,1,1,1
1,1,1,1,1
1,1,1,1,1
1,1,1,1,1
1,1,1,1,1
1,1,1,1,1
1,1,1,1,1
1,1,1,1,1
1,1,1,1,1
1,1,1,1,1
1,1,1,1,1
1,1,1,1,1
1,1,1,1,1
1,1,1,1,1
1,1,1,1,1
1,1,1,1,1
1,1,1,1,1
1,1,1,1,1
1,1,1,1,1
1,1,1,1,1
1,1,1,1,1
1,1,1,1,1
1,1,1,1,1
1,1,1,1,1
1,1,1,1,1
1,1,1,1,1
1,1,1,1,1
1,1,1,1,1
1,1,1,1,1
1,1,1,1,1
1,1,1,1,1
1,1,1,1,1
1,1,1,1,1
1,1,1,1,1
1,1,1,1,1
1,1,1,1,1
1,1,1,1,1
1,1,1,1,1
1,1,1,1,1
1,1,1,1,1
1,1,1,1,1
1,1,1,1,1
1,1,1,1,1
1,1,1,1,1
1,1,1,1,1
1,1,1,1,1
1,1,1,1,1
1,1,1,1,1
1,1,1,1,1
1,1,1,1,1
1,1,1,1,1
1,1,1,1,1
1,1,1,1,1
1,1,1,1,1
1,1,1,1,1
1,1,1,1,1
1,1,1,1,1
1,1,1,1,1
1,1,1,1,1
1,1,1,1,1
1,1,1,1,1
1,1,1,1,1
1,1,1,1,1
1,1,1,1,1
1,1,1,1,1
1,1,1,1,1
1,1,1,1,1
1,1,1,1,1
1,1,1,1,1
1,1,1,1,1
1,1,1,1,1
1,1,1,1,1
1,1,1,1,1
1,1,1,1,1
1,1,1,1,1
1,1,1,1,1
1,1,1,1,1
1,1,1,1,1
1,1,1,1,1
1,1,1,1,1
1,1,1,1,1
1,1,1,1,1
1,1,1,1,1
1,1,1,1,1
1,1,1,1,1
1,1,1,1,1
1,1,1,1,1
1,1,1,1,1
1,1,1,1,1
1,1,1,1,1
1,1,1,1,1
1,1,1,1,1
1,1,1,1,1
1,1,1,1,1
1,1,1,1,1
1,1,1,1,1
1,1,1,1,1
1,1,1,1,1
1,1,1,1,1
1,1,1,1,1
1,1,1,1,1
1,1,1,1,1
1,1,1,1,1
1,1,1,1,1
1,1,1,1,1
1,1,1,1,1
1,1,1,1,1
1,1,1,1,1
1,1,1,1,1
1,1,1,1,1
1,1,1,1,1
1,1,1,1,1
1,1,1,1,1
1,1,1,1,1
1,1,1,1,1
1,1,1,1,1
1,1,1,1,1
1,1,1,1,1
1,1,1,1,1
1,1,1,1,1
1,1,1,1,1
1,1,1,1,1
1,1,1,1,1
1,1,1,1,1
1,1,1,1,1
1,1,1,1,1
1,1,1,1,1
1,1,1,1,1
1,1,1,1,1
1,1,1,1,1
1,1,1,1,1
1,1,1,1,1
1,1,1,1,1
1,1,1,1,1
1,1,1,1,1
1,1,1,1,1
1,1,1,1,1
1,1,1,1,1
1,1,1,1,1
1,1,1,1,1
1,1,1,1,1
1,1,1,1,1
1,1,1,1,1
1,1,1,1,1
1,1,1,1,1
1,1,1,1,1
1,1,1,1,1
1,1,1,1,1
1,1,1,1,1
1,1,1,1,1
1,1,1,1,1
1,1,1,1,1
1,1,1,1,1
1,1,1,1,1
1,1,1,1,1
1,1,1,1,1
1,1,1,1,1
1,1,1,1,1
1,1,1,1,1
1,1,1,1,1
1,1,1,1,1
1,1,1,1,1
1,1,1,1,1
1,1,1,1,1
1,1,1,1,1
1,1,1,1,1
1,1,1,1,1
1,1,1,1,1
1,1,1,1,1
1,1,1,1,1
1,1,1,1,1
1,1,1,1,1
1,1,1,1,1
1,1,1,1,1
1,1,1,1,1
1,1,1,1,1
1,1,1,1,1
1,1,1,1,1
1,1,1,1,1
1,1,1,1,1
1,1,1,1,1
1,1,1,1,1
1,1,1,1,1
1,1,1,1,1
1,1,1,1,1
1,1,1,1,1
1,1,1,1,1
1,1,1,1,1
1,1,1,1,1
1,1,1,1,1
1,1,1,1,1
1,1,1,1,1
1,1,1,1,1
1,1,1,1,1
1,1,1,1,1
1,1,1,1,1
1,1,1,1,1
1,1,1,1,1
1,1,1,1,1
1,1,1,1,1
1,1,1,1,1
1,1,1,1,1
1,1,1,1,1
1,1,1,1,1
1,1,1,1,1
1,1,1,1,1
1,1,1,1,1
1,1,1,1,1
1,1,1,1,1
1,1,1,1,1
1,1,1,1,1
1,1,1,1,1
1,1,1,1,1
1,1,1,1,1
1,1,1,1,1
1,1,1,1,1
1,1,1,1,1
1,1,1,1,1
1,1,1,1,1
1,1,1,1,1
1,1,1,1,1
1,1,1,1,1
1,1,1,1,1
1,1,1,1,1
1,1,1,1,1
1,1,1,1,1
1,1,1,1,1
1,1,1,1,1
1,1,1,1,1
1,1,1,1,1
1,1,1,1,1
1,1,1,1,1
1,1,1,1,1
1,1,1,1,1
1,1,1,1,1
1,1,1,1,1
1,1,1,1,1
1,1,1,1,1
1,1,1,1,1
1,1,1,1,1
1,1,1,1,1
1,1,1,1,1
1,1,1,1,1
1,1,1,1,1
1,1,1,1,1
1,1,1,1,1
1,1,1,1,1
1,1,1,1,1
1,1,1,1,1
1,1,1,1,1
1,1,1,1,1
1,1,1,1,1
1,1,1,1,1
1,1,1,1,1
1,1,1,1,1
1,1,1,1,1
1,1,1,1,1
1,1,1,1,1
1,1,1,1,1
1,1,1,1,1
1,1,1,1,1
1,1,1,1,1
1,1,1,1,1
1,1,1,1,1
1,1,1,1,1
1,1,1,1,1
1,1,1,1,1
1,1,1,1,1
1,1,1,1,1
1,1,1,1,1
1,1,1,1,1
1,1,1,1,1
1,1,1,1,1
1,1,1,1,1
1,1,1,1,1
1,1,1,1,1
1,1,1,1,1
1,1,1,1,1
1,1,1,1,1
1,1,1,1,1
1,1,1,1,1
1,1,1,1,1
1,1,1,1,1
1,1,1,1,1
1,1,1,1,1
1,1,1,1,1
1,1,1,1,1
1,1,1,1,1
1,1,1,1,1
1,1,1,1,1
1,1,1,1,1
1,1,1,1,1
1,1,1,1,1
1,1,1,1,1
1,1,1,1,1
1,1,1,1,1
1,1,1,1,1
1,1,1,1,1
1,1,1,1,1
1,1,1,1,1
1,1,1,1,1
1,1,1,1,1
1,1,1,1,1
1,1,1,1,1
1,1,1,1,1
1,1,1,1,1
1,1,1,1,1
1,1,1,1,1
1,1,1,1,1
1,1,1,1,1
1,1,1,1,1
1,1,1,1,1
1,1,1,1,1
1,1,1,1,1
1,1,1,1,1
1,1,1,1,1
1,1,1,1,1
1,1,1,1,1
1,1,1,1,1
1,1,1,1,1
1,1,1,1,1
1,1,1,1,1
1,1,1,1,1
1,1,1,1,1
1,1,1,1,1
1,1,1,1,1
1,1,1,1,1
1,1,1,1,1
1,1,1,1,1
1,1,1,1,1
1,1,1,1,1
1,1,1,1,1
1,1,1,1,1
1,1,1,1,1
1,1,1,1,1
1,1,1,1,1
1,1,1,1,1
1,1,1,1,1
1,1,1,1,1
1,1,1,1,1
1,1,1,1,1
1,1,1,1,1
1,1,1,1,1
1,1,1,1,1
1,1,1,1,1
1,1,1,1,1
1,1,1,1,1
1,1,1,1,1
1,1,1,1,1
1,1,1,1,1
1,1,1,1,1
1,1,1,1,1
1,1,1,1,1
1,1,1,1,1
1,1,1,1,1
1,1,1,1,1
1,1,1,1,1
1,1,1,1,1
1,1,1,1,1
1,1,1,1,1
1,1,1,1,1
1,1,1,1,1
1,1,1,1,1
1,1,1,1,1
1,1,1,1,1
1,1,1,1,1
1,1,1,1,1
1,1,1,1,1
1,1,1,1,1
1,1,1,1,1
1,1,1,1,1
1,1,1,1,1
1,1,1,1,1
1,1,1,1,1
1,1,1,1,1
1,1,1,1,1
1,1,1,1,1
1,1,1,1,1
1,1,1,1,1
1,1,1,1,1
1,1,1,1,1
1,1,1,1,1
1,1,1,1,1
1,1,1,1,1
1,1,1,1,1
1,1,1,1,1
1,1,1,1,1
1,1,1,1,1
1,1,1,1,1
1,1,1,1,1
1,1,1,1,1
1,1,1,1,1
1,1,1,1,1
1,1,1,1,1
1,1,1,1,1
1,1,1,1,1
1,1,1,1,1
1,1,1,1,1
1,1,1,1,1
1,1,1,1,1
1,1,1,1,1
1,1,1,1,1
1,1,1,1,1
1,1,1,1,1
1,1,1,1,1
1,1,1,1,1
1,1,1,1,1
1,1,1,1,1
1,1,1,1,1
1,1,1,1,1
1,1,1,1,1
1,1,1,1,1
1,1,1,1,1
1,1,1,1,1
1,1,1,1,1
1,1,1,1,1
1,1,1,1,1
1,1,1,1,1
1,1,1,1,1
1,1,1,1,1
1,1,1,1,1
1,1,1,1,1
1,1,1,1,1
1,1,1,1,1
1,1,1,1,1
1,1,1,1,1
1,1,1,1,1
1,1,1,1,1
1,1,1,1,1
1,1,1,1,1
1,1,1,1,1
1,1,1,1,1
1,1,1,1,1
1,1,1,1,1
1,1,1,1,1
1,1,1,1,1
1,1,1,1,1
1,1,1,1,1
1,1,1,1,1
1,1,1,1,1
1,1,1,1,1
1,1,1,1,1
1,1,1,1,1
1,1,1,1,1
1,1,1,1,1
1,1,1,1,1
1,1,1,1,1
1,1,1,1,1
1,1,1,1,1
1,1,1,1,1
1,1,1,1,1
1,1,1,1,1
1,1,1,1,1
1,1,1,1,1
1,1,1,1,1
1,1,1,1,1
1,1,1,1,1
1,1,1,1,1
1,1,1,1,1
1,1,1,1,1
1,1,1,1,1
1,1,1,1,1
1,1,1,1,1
1,1,1,1,1
1,1,1,1,1
1,1,1,1,1
1,1,1,1,1
1,1,1,1,1
1,1,1,1,1
1,1,1,1,1
1,1,1,1,1
1,1,1,1,1
1,1,1,1,1
1,1,1,1,1
1,1,1,1,1
1,1,1,1,1
1,1,1,1,1
1,1,1,1,1
1,1,1,1,1
1,1,1,1,1
1,1,1,1,1
1,1,1,1,1
1,1,1,1,1
1,1,1,1,1
1,1,1,1,1
1,1,1,1,1
1,1,1,1,1
1,1,1,1,1
1,1,1,1,1
1,1,1,1,1
1,1,1,1,1
1,1,1,1,1
1,1,1,1,1
1,1,1,1,1
1,1,1,1,1
1,1,1,1,1
1,1,1,1,1
1,1,1,1,1
1,1,1,1,1
1,1,1,1,1
1,1,1,1,1
1,1,1,1,1
1,1,1,1,1
1,1,1,1,1
1,1,1,1,1
1,1,1,1,1
1,1,1,1,1
1,1,1,1,1
1,1,1,1,1
1,1,1,1,1
1,1,1,1,1
1,1,1,1,1
1,1,1,1,1
1,1,1,1,1
1,1,1,1,1
1,1,1,1,1
1,1,1,1,1
1,1,1,1,1
1,1,1,1,1
1,1,1,1,1
1,1,1,1,1
1,1,1,1,1
1,1,1,1,1
1,1,1,1,1
1,1,1,1,1
1,1,1,1,1
1,1,1,1,1
1,1,1,1,1
1,1,1,1,1
1,1,1,1,1
1,1,1,1,1
1,1,1,1,1
1,1,1,1,1
1,1,1,1,1
1,1,1,1,1
1,1,1,1,1
1,1,1,1,1
1,1,1,1,1
1,1,1,1,1
1,1,1,1,1
1,1,1,1,1
1,1,1,1,1
1,1,1,1,1
1,1,1,1,1
1,1,1,1,1
1,1,1,1,1
1,1,1,1,1
1,1,1,1,1
1,1,1,1,1
1,1,1,1,1
1,1,1,1,1
1,1,1,1,1
1,1,1,1,1
1,1,1,1,1
1,1,1,1,1
1,1,1,1,1
1,1,1,1,1
1,1,1,1,1
1,1,1,1,1
1,1,1,1,1
1,1,1,1,1
1,1,1,1,1
1,1,1,1,1
1,1,1,1,1
1,1,1,1,1
1,1,1,1,1
1,1,1,1,1
1,1,1,1,1
1,1,1,1,1
1,1,1,1,1
1,1,1,1,1
1,1,1,1,1
1,1,1,1,1
1,1,1,1,1
1,1,1,1,1
1,1,1,1,1
1,1,1,1,1
1,1,1,1,1
1,1,1,1,1
1,1,1,1,1
1,1,1,1,1
1,1,1,1,1
1,1,1,1,1
1,1,1,1,1
1,1,1,1,1
1,1,1,1,1
1,1,1,1,1
1,1,1,1,1
1,1,1,1,1
1,1,1,1,1
1,1,1,1,1
1,1,1,1,1
1,1,1,1,1
1,1,1,1,1
1,1,1,1,1
1,1,1,1,1
1,1,1,1,1
1,1,1,1,1
1,1,1,1,1
1,1,1,1,1
1,1,1,1,1
1,1,1,1,1
1,1,1,1,1
1,1,1,1,1
1,1,1,1,1
1,1,1,1,1
1,1,1,1,1
1,1,1,1,1
1,1,1,1,1
1,1,1,1,1
1,1,1,1,1
1,1,1,1,1
1,1,1,1,1
1,1,1,1,1
1,1,1,1,1
1,1,1,1,1
1,1,1,1,1
1,1,1,1,1
1,1,1,1,1
1,1,1,1,1
1,1,1,1,1
1,1,1,1,1
1,1,1,1,1
1,1,1,1,1
1,1,1,1,1
1,1,1,1,1
1,1,1,1,1
1,1,1,1,1
1,1,1,1,1
1,1,1,1,1
1,1,1,1,1
1,1,1,1,1
1,1,1,1,1
1,1,1,1,1
1,1,1,1,1
1,1,1,1,1
1,1,1,1,1
1,1,1,1,1
1,1,1,1,1
1,1,1,1,1
1,1,1,1,1
1,1,1,1,1
1,1,1,1,1
1,1,1,1,1
1,1,1,1,1
1,1,1,1,1
1,1,1,1,1
1,1,1,1,1
1,1,1,1,1
1,1,1,1,1
1,1,1,1,1
1,1,1,1,1
1,1,1,1,1
1,1,1,1,1
1,1,1,1,1
1,1,1,1,1
1,1,1,1,1
1,1,1,1,1
1,1,1,1,1
1,1,1,1,1
1,1,1,1,1
1,1,1,1,1
1,1,1,1,1
1,1,1,1,1
1,1,1,1,1
1,1,1,1,1
1,1,1,1,1
1,1,1,1,1
1,1,1,1,1
1,1,1,1,1
1,1,1,1,1
1,1,1,1,1
1,1,1,1,1
1,1,1,1,1
1,1,1,1,1
1,1,1,1,1
1,1,1,1,1
1,1,1,1,1
1,1,1,1,1
1,1,1,1,1
1,1,1,1,1
1,1,1,1,1
1,1,1,1,1
1,1,1,1,1
1,1,1,1,1
1,1,1,1,1
1,1,1,1,1
1,1,1,1,1
1,1,1,1,1
1,1,1,1,1
1,1,1,1,1
1,1,1,1,1
1,1,1,1,1
1,1,1,1,1
1,1,1,1,1
1,1,1,1,1
1,1,1,1,1
1,1,1,1,1
1,1,1,1,1
1,1,1,1,1
1,1,1,1,1
1,1,1,1,1
1,1,1,1,1
1,1,1,1,1
1,1,1,1,1
1,1,1,1,1
1,1,1,1,1
1,1,1,1,1
1,2,1,1,1
1,2,1,1,1
1,2,1,1,1
1,2,1,1,1
1,2,2,2,2
1,2,2,2,2
1,2,2,2,2
1,2,2,2,2
1,2,2,2,2
1,2,2,2,2
1,2,2,2,2
1,2,2,2,2
1,2,2,2,2
1,2,2,2,2
1,2,2,2,2
1,2,2,2,2
1,2,2,2,2
1,2,2,2,2
1,2,2,2,2
1,2,2,2,2
1,2,2,2,2
1,2,2,2,2
1,2,2,2,2
1,2,2,2,2
1,2,2,2,2
1,2,2,2,2
1,2,2,2,2
1,2,2,2,2
1,2,2,2,2
1,2,2,2,2
1,2,2,2,2
1,2,2,2,2
1,2,2,2,2
1,2,2,2,2
1,2,2,2,2
1,2,2,2,2
1,2,2,2,2
1,2,2,2,2
2,2,2,2,2
2,2,2,2,2
2,2,2,2,2
2,2,2,2,2
2,2,2,2,2
2,2,2,2,2
2,2,2,2,2
2,2,2,2,2
2,2,2,2,2
2,2,2,2,2
2,2,2,2,2
2,2,2,2,2
2,2,2,2,2
2,2,2,2,2
2,2,2,2,2
2,2,2,2,2
2,2,2,2,2
2,2,2,2,2
2,2,2,2,2
2,2,2,2,2
2,2,2,2,2
2,2,2,2,2
2,2,2,2,2
2,2,2,2,2
2,2,2,2,2
2,2,2,2,2
2,2,2,2,2
2,2,2,2,2
2,2,2,2,2
2,2,2,2,2
2,2,2,2,2
2,2,2,2,2
2,2,2,2,2
2,2,2,2,2
2,2,2,2,2
2,2,2,2,2
2,2,2,2,2
2,2,2,2,2
2,2,2,2,2
2,2,2,2,2
2,2,2,2,2
2,2,2,2,2
2,2,2,2,2
2,2,2,2,2
2,2,2,2,2
2,2,2,2,2
2,2,2,2,2
2,2,2,2,2
2,2,2,2,2
2,2,2,2,2
2,2,2,2,2
2,2,2,2,2
2,2,2,2,2
2,2,2,2,2
2,2,2,2,2
2,2,2,2,2
2,2,2,2,2
2,2,2,2,2
2,2,2,2,2
2,2,2,2,2
2,2,2,2,2
2,2,2,2,2
2,2,2,2,2
2,2,2,2,2
2,2,2,2,2
2,2,2,2,2
2,2,2,2,2
2,2,2,2,2
2,2,2,2,2
2,2,2,2,2
2,2,2,2,2
2,2,2,2,2
2,2,2,2,2
2,2,2,2,2
2,2,2,2,2
2,2,2,2,2
2,2,2,2,2
2,2,2,2,2
2,2,2,2,2
2,2,2,2,2
2,2,2,2,2
2,2,2,2,2
2,2,2,2,2
2,2,2,2,2
2,2,2,2,2
2,2,2,2,2
2,2,2,2,2
2,2,2,2,2
2,2,2,2,2
2,2,2,2,2
2,2,2,2,2
2,2,2,2,2
2,2,2,2,2
2,2,2,2,2
2,2,2,2,2
2,2,2,2,2
2,2,2,2,2
2,2,2,2,2
2,2,2,2,2
2,2,2,2,2
2,2,2,2,2
2,2,2,2,2
2,2,2,2,2
2,2,2,2,2
2,2,2,2,2
2,2,2,2,2
2,2,2,2,2
2,2,2,2,2
2,2,2,2,2
2,2,2,2,2
2,2,2,2,2
2,2,2,2,2
2,2,2,2,2
2,2,2,2,2
2,2,2,2,2
2,2,2,2,2
2,2,2,2,2
2,2,2,2,2
2,2,2,2,2
2,2,2,2,2
2,2,2,2,2
2,2,2,2,2
2,2,2,2,2
2,2,2,2,2
2,2,2,2,2
2,2,2,2,2
2,2,2,2,2
2,2,2,2,2
2,2,2,2,2
2,2,2,2,2
2,2,2,2,2
2,2,2,2,2
2,2,2,2,2
2,2,2,2,2
2,2,2,2,2
2,2,2,2,2
2,2,2,2,2
2,2,2,2,2
2,2,2,2,2
2,2,2,2,2
2,2,2,2,2
2,2,2,2,2
2,2,2,2,2
2,2,2,2,2
2,2,2,2,2
2,2,2,2,2
2,2,2,2,2
2,2,2,2,2
2,2,2,2,2
2,2,2,2,2
2,2,2,2,2
2,2,2,2,2
2,2,2,2,2
2,2,2,2,2
2,2,2,2,2
2,2,2,2,2
2,2,2,2,2
2,2,2,2,2
2,2,2,2,2
2,2,2,2,2
2,2,2,2,2
2,2,2,2,2
2,2,2,2,2
2,2,2,2,2
2,2,2,2,2
2,2,2,2,2
2,2,2,2,2
2,2,2,2,2
2,2,2,2,2
2,2,2,2,2
2,2,2,2,2
2,2,2,2,2
2,2,2,2,2
2,2,2,2,2
2,2,2,2,2
2,2,2,2,2
2,2,2,2,2
2,2,2,2,2
2,2,2,2,2
2,2,2,2,2
2,2,2,2,2
2,2,2,2,2
2,2,2,2,2
2,2,2,2,2
2,2,2,2,2
2,2,2,2,2
2,2,2,2,2
2,2,2,2,2
2,2,2,2,2
2,2,2,2,2
2,2,2,2,2
2,2,2,2,2
2,2,2,2,2
2,2,2,2,2
2,2,2,2,2
2,2,2,2,2
2,2,2,2,2
2,2,2,2,2
2,2,2,2,2
2,2,2,2,2
2,2,2,2,2
2,2,2,2,2
2,2,2,2,2
2,2,2,2,2
2,2,2,2,2
2,2,2,2,2
2,2,2,2,2
2,2,2,2,2
2,2,2,2,2
2,2,2,2,2
2,2,2,2,2
2,2,2,2,2
2,2,2,2,2
2,2,2,2,2
2,2,2,2,2
2,2,2,2,2
2,2,2,2,2
2,2,2,2,2
2,2,2,2,2
2,2,2,2,2
2,2,2,2,2
2,2,2,2,2
2,2,2,2,2
2,2,2,2,2
2,2,2,2,2
2,2,2,2,2
2,2,2,2,2
2,2,2,2,2
2,2,2,2,2
2,2,2,2,2
2,2,2,2,2
2,2,2,2,2
2,2,2,2,2
2,2,2,2,2
2,2,2,2,2
2,2,2,2,2
2,2,2,2,2
2,2,2,2,2
2,2,2,2,2
2,2,2,2,2
2,2,2,2,2
2,2,2,2,2
2,2,2,2,2
2,2,2,2,2
2,2,2,2,2
2,2,2,2,2
2,2,2,2,2
2,2,2,2,2
2,2,2,2,2
2,2,2,2,2
2,2,2,2,2
2,2,2,2,2
2,2,2,2,2
2,2,2,2,2
2,2,2,2,2
2,2,2,2,2
2,2,2,2,2
2,2,2,2,2
2,2,2,2,2
2,2,2,2,2
2,2,2,2,2
2,2,2,2,2
2,2,2,2,2
2,2,2,2,2
2,2,2,2,2
2,2,2,2,2
2,2,2,2,2
2,2,2,2,2
2,2,2,2,2
2,2,2,2,2
2,2,2,2,2
2,2,2,2,2
2,2,2,2,2
2,2,2,2,2
2,2,2,2,2
2,2,2,2,2
2,2,2,2,2
2,2,2,2,2
2,2,2,2,2
2,2,2,2,2
2,2,2,2,2
2,2,2,2,2
2,2,2,2,2
2,2,2,2,2
2,2,2,2,2
2,2,2,2,2
2,2,2,2,2
2,2,2,2,2
2,2,2,2,2
2,2,2,2,2
2,2,2,2,2
2,2,2,2,2
2,2,2,2,2
2,2,2,2,2
2,2,2,2,2
2,2,2,2,2
2,2,2,2,2
2,2,2,2,2
2,2,2,2,2
2,2,2,2,2
2,2,2,2,2
2,2,2,2,2
2,2,2,2,2
2,2,2,2,2
2,2,2,2,2
2,2,2,2,2
2,2,2,2,2
2,2,2,2,2
2,2,2,2,2
2,2,2,2,2
2,2,2,2,2
2,2,2,2,2
2,2,2,2,2
2,2,2,2,2
2,2,2,2,2
2,2,2,2,2
2,2,2,2,2
2,2,2,2,2
2,2,2,2,2
2,2,2,2,2
2,2,2,2,2
2,2,2,2,2
2,2,2,2,2
2,2,2,2,2
2,2,2,2,2
2,2,2,2,2
2,2,2,2,2
2,2,2,2,2
2,2,2,2,2
2,2,2,2,2
2,2,2,2,2
2,2,2,2,2
2,2,2,2,2
2,2,2,2,2
2,2,2,2,2
2,2,2,2,2
2,2,2,2,2
2,2,2,2,2
2,2,2,2,2
2,2,2,2,2
2,2,2,2,2
2,2,2,2,2
2,2,2,2,2
2,2,2,2,2
2,2,2,2,2
2,2,2,2,2
2,2,2,2,2
2,2,2,2,2
2,2,2,2,2
2,2,2,2,2
2,2,2,2,2
2,2,2,2,2
2,2,2,2,2
2,2,2,2,2
2,2,2,2,2
2,2,2,2,2
2,2,2,2,2
2,2,2,2,2
2,2,2,2,2
2,2,2,2,2
2,2,2,2,2
2,2,2,2,2
2,2,2,2,2
2,2,2,2,2
2,2,2,2,2
2,2,2,2,2
2,2,2,2,2
2,2,2,2,2
2,2,2,2,2
2,2,2,2,2
2,2,2,2,2
2,2,2,2,2
2,2,2,2,2
2,2,2,2,2
2,2,2,2,2
2,2,2,2,2
2,2,2,2,2
2,2,2,2,2
2,2,2,2,2
2,2,2,2,2
2,2,2,2,2
2,2,2,2,2
2,2,2,2,2
2,2,2,2,2
2,2,2,2,2
2,2,2,2,2
2,2,2,2,2
2,2,2,2,2
2,2,2,2,2
2,2,2,2,2
2,2,2,2,2
2,2,2,2,2
2,2,2,2,2
2,2,2,2,2
2,2,2,2,2
2,2,2,2,2
2,2,2,2,2
2,2,2,2,2
2,2,2,2,2
2,2,2,2,2
2,2,2,2,2
2,2,2,2,2
2,2,2,2,2
2,2,2,2,2
2,2,2,2,2
2,2,2,2,2
2,2,2,2,2
2,2,2,2,2
2,2,2,2,2
2,2,2,2,2
2,2,2,2,2
2,2,2,2,2
2,2,2,2,2
2,2,2,2,2
2,2,2,2,2
2,2,2,2,2
2,2,2,2,2
2,2,2,2,2
2,2,2,2,2
2,2,2,2,2
2,2,2,2,2
2,2,2,2,2
2,2,2,2,2
2,2,2,2,2
2,2,2,2,2
2,2,2,2,2
2,2,2,2,2
2,2,2,2,2
2,2,2,2,2
2,2,2,2,2
2,2,2,2,2
2,2,2,2,2
2,2,2,2,2
2,2,2,2,2
2,2,2,2,2
2,2,2,2,2
2,2,2,2,2
2,2,2,2,2
2,2,2,2,2
2,2,2,2,2
2,2,2,2,2
2,2,2,2,2
2,2,2,2,2
2,2,2,2,2
2,2,2,2,2
2,2,2,2,2
2,2,2,2,2
2,2,2,2,2
2,2,2,2,2
2,2,2,2,2
2,2,2,2,2
2,2,2,2,2
2,2,2,2,2
2,2,2,2,2
2,2,2,2,2
2,2,2,2,2
2,2,2,2,2
2,2,2,2,2
2,2,2,2,2
2,2,2,2,2
2,2,2,2,2
2,2,2,2,2
2,2,2,2,2
2,2,2,2,2
2,2,2,2,2
2,2,2,2,2
2,2,2,2,2
2,2,2,2,2
2,2,2,2,2
2,2,2,2,2
2,2,2,2,2
2,2,2,2,2
2,2,2,2,2
2,2,2,2,2
2,2,2,2,2
2,2,2,2,2
2,2,2,2,2
2,2,2,2,2
2,2,2,2,2
2,2,2,2,2
2,2,2,2,2
2,2,2,2,2
2,2,2,2,2
2,2,2,2,2
2,2,2,2,2
2,2,2,2,2
2,2,2,2,2
2,2,2,2,2
2,2,2,2,2
2,2,2,2,2
2,2,2,2,2
2,2,2,2,2
2,2,2,2,2
2,2,2,2,2
2,2,2,2,2
2,2,2,2,2
2,2,2,2,2
2,2,2,2,2
2,2,2,2,2
2,2,2,2,2
2,2,2,2,2
2,2,2,2,2
2,2,2,2,2
2,2,2,2,2
2,2,2,2,2
2,2,2,2,2
2,2,2,2,2
2,2,2,2,2
2,2,2,2,2
2,2,2,2,2
0,2,2,2,2
0,2,2,2,2
0,2,2,2,2
0,2,2,2,2
0,2,2,2,2
0,2,2,2,2
0,2,2,2,2
0,2,2,2,2
0,2,2,2,2
0,2,2,2,2
0,2,2,2,2
0,2,2,2,2
0,2,2,2,2
0,2,2,2,2
0,2,2,2,2
0,2,2,2,2
0,2,2,2,2
0,2,2,2,2
0,2,3,2,3
0,2,3,2,3
0,2,3,2,3
0,2,3,2,3
0,2,3,2,3
0,2,3,2,3
0,2,3,2,3
0,2,3,2,3
0,2,3,2,3
0,2,3,2,3
0,2,3,2,3
0,2,3,2,3
0,2,3,2,3
0,2,3,2,3
0,2,3,2,3
0,2,3,2,3
0,2,3,2,3
0,2,3,2,3
0,2,3,2,3
0,2,3,2,3
0,2,3,2,3
0,2,3,2,3
0,2,3,2,3
0,2,3,2,3
0,2,3,2,3
0,2,3,2,3
0,2,3,2,3
0,2,3,2,3
0,2,3,2,3
0,2,3,2,3
0,2,3,2,3
0,2,3,2,3
0,2,3,2,3
0,2,3,2,3
0,2,3,2,3
0,2,3,2,3
0,2,3,2,3
0,2,3,2,3
0,2,3,2,3
0,2,3,2,3
0,2,3,2,3
0,2,3,2,3
0,2,3,2,3
0,2,3,2,3
0,2,0,0,0
0,2,0,0,0
0,2,0,0,0
0,2,0,0,0
0,2,0,0,0
0,2,0,0,0
0,0,0,0,0
0,0,0,0,0
0,0,0,0,0
0,0,0,0,0
0,0,0,0,0
0,0,0,0,0
0,0,0,0,0
0,0,0,0,0
0,0,0,0,0
0,0,0,0,0
0,0,0,0,0
0,0,0,0,0
0,0,0,0,0
0,0,0,0,0
0,0,0,0,0
0,0,0,0,0
0,0,0,0,0
0,0,0,0,0
0,0,0,0,0
0,0,0,0,0
0,0,0,0,0
0,0,0,0,0
0,0,0,0,0
0,0,0,0,0
0,0,0,0,0
0,0,0,0,0
0,0,0,0,0
0,0,0,0,0
0,0,0,0,0
0,0,0,0,0
0,0,0,0,0
0,0,0,0,0
0,0,0,0,0
0,0,0,0,0
0,0,0,0,0
0,0,0,0,0
0,0,0,0,0
0,0,0,0,0
0,0,0,0,0
0,0,0,0,0
0,0,0,0,0
0,0,0,0,0
0,0,0,0,0
0,0,0,0,0
0,0,0,0,0
0,0,0,0,0
0,0,0,0,0
0,0,0,0,0
0,0,0,0,0
0,0,0,0,0
0,0,0,0,0
0,0,0,0,0
0,0,0,0,0
0,0,0,0,0
0,0,0,0,0
0,0,0,0,0
0,0,0,0,0
0,0,0,0,0
0,0,0,0,0
0,0,0,0,0
0,0,0,0,0
0,0,0,0,0
0,0,0,0,0
0,0,0,0,0
0,0,0,0,0
0,0,0,0,0
0,0,0,0,0
0,0,0,0,0
0,0,0,0,0
0,0,0,0,0
0,0,0,0,0
0,0,0,0,0
0,0,0,0,0
0,0,0,0,0
0,0,0,0,0
0,0,0,0,0
0,0,0,0,0
0,0,0,0,0
0,0,0,0,0
0,0,0,0,0
0,0,0,0,0
0,0,0,0,0
0,0,0,0,0
0,0,0,0,0
0,0,0,0,0
0,0,0,0,0
0,0,0,0,0
0,0,0,0,0
0,0,0,0,0
0,0,0,0,0
0,0,0,0,0
0,0,0,0,0
0,0,0,0,0
0,0,0,0,0
0,0,0,0,0
0,0,0,0,0
0,0,0,0,0
0,0,0,0,0
0,0,0,0,0
0,0,0,0,0
0,0,0,0,0
0,0,0,0,0
0,0,0,0,0
0,0,0,0,0
0,0,0,0,0
0,0,0,0,0
0,0,0,0,0
0,0,0,0,0
0,0,0,0,0
0,0,0,0,0
0,0,0,0,0
0,0,0,0,0
0,0,0,0,0
0,0,0,0,0
0,0,0,0,0
0,0,0,0,0
0,0,0,0,0
0,0,0,0,0
0,0,0,0,0
0,0,0,0,0
0,0,0,0,0
0,0,0,0,0
0,0,0,0,0
0,0,0,0,0
0,0,0,0,0
0,0,0,0,0
0,0,0,0,0
0,0,0,0,0
0,0,0,0,0
0,0,0,0,0
0,0,0,0,0
0,0,0,0,0
0,0,0,0,0
0,0,0,0,0
0,0,0,0,0
0,0,0,0,0
0,0,0,0,0
0,0,0,0,0
0,0,0,0,0
0,0,0,0,0
0,0,0,0,0
0,0,0,0,0
0,0,0,0,0
0,0,0,0,0
0,0,0,0,0
0,0,0,0,0
0,0,0,0,0
0,0,0,0,0
0,0,0,0,0
0,0,0,0,0
0,0,0,0,0
0,0,0,0,0
0,0,0,0,0
0,0,0,0,0
0,0,0,0,0
0,0,0,0,0
0,0,0,0,0
0,0,0,0,0
0,0,0,0,0
0,0,0,0,0
0,0,0,0,0
0,0,0,0,0
0,0,0,0,0
0,0,0,0,0
0,0,0,0,0
0,0,0,0,0
0,0,0,0,0
0,0,0,0,0
0,0,0,0,0
0,0,0,0,0
0,0,0,0,0
0,0,0,0,0
0,0,0,0,0
0,0,0,0,0
0,0,0,0,0
0,0,0,0,0
0,0,0,0,0
0,0,0,0,0
0,0,0,0,0
0,0,0,0,0
0,0,0,0,0
0,0,0,0,0
0,0,0,0,0
0,0,0,0,0
0,0,0,0,0
0,0,0,0,0
0,0,0,0,0
0,0,0,0,0
0,0,0,0,0
0,0,0,0,0
0,0,0,0,0
0,0,0,0,0
0,0,0,0,0
0,0,0,0,0
0,0,0,0,0
0,0,0,0,0
0,0,0,0,0
0,0,0,0,0
0,0,0,0,0
0,0,0,0,0
0,0,0,0,0
0,0,0,0,0
0,0,0,0,0
0,0,0,0,0
0,0,0,0,0
0,0,0,0,0
0,0,0,0,0
0,0,0,0,0
0,0,0,0,0
0,0,0,0,0
0,0,0,0,0
0,0,0,0,0
0,0,0,0,0
0,0,0,0,0
0,0,0,0,0
0,0,0,0,0
0,0,0,0,0
0,0,0,0,0
0,0,0,0,0
0,0,0,0,0
0,0,0,0,0
0,0,0,0,0
0,0,0,0,0
0,0,0,0,0
0,0,0,0,0
0,0,0,0,0
0,0,0,0,0
0,0,0,0,0
0,0,0,0,0
0,0,0,0,0
0,0,0,0,0
0,0,0,0,0
0,0,0,0,0
0,0,0,0,0
0,0,0,0,0
0,0,0,0,0
0,0,0,0,0
0,0,0,0,0
0,0,0,0,0
0,0,0,0,0
0,0,0,0,0
0,0,0,0,0
0,0,0,0,0
0,0,0,0,0
0,0,0,0,0
0,0,0,0,0
0,0,0,0,0
0,0,0,0,0
0,0,0,0,0
0,0,0,0,0
0,0,0,0,0
0,0,0,0,0
0,0,0,0,0
0,0,0,0,0
0,0,0,0,0
0,0,0,0,0
0,0,0,0,0
0,0,0,0,0
0,0,0,0,0
0,0,0,0,0
0,0,0,0,0
0,0,0,0,0
0,0,0,0,0
0,0,0,0,0
0,0,0,0,0
0,0,0,0,0
0,0,0,0,0
0,0,0,0,0
0,0,0,0,0
0,0,0,0,0
0,0,0,0,0
0,0,0,0,0
0,0,0,0,0
0,0,0,0,0
0,0,0,0,0
0,0,0,0,0
0,0,0,0,0
0,0,0,0,0
0,0,0,0,0
0,0,0,0,0
0,0,0,0,0
0,0,0,0,0
0,0,0,0,0
0,0,0,0,0
0,0,0,0,0
0,0,0,0,0
0,0,0,0,0
0,0,0,0,0
0,0,0,0,0
0,0,0,0,0
0,0,0,0,0
0,0,0,0,0
0,0,0,0,0
0,0,0,0,0
0,0,0,0,0
0,0,0,0,0
0,0,0,0,0
0,0,0,0,0
0,0,0,0,0
0,0,0,0,0
0,0,0,0,0
0,0,0,0,0
0,0,0,0,0
0,0,0,0,0
0,0,0,0,0
0,0,0,0,0
0,0,0,0,0
0,0,0,0,0
0,0,0,0,0
0,0,0,0,0
0,0,0,0,0
0,0,0,0,0
0,0,0,0,0
0,0,0,0,0
0,0,0,0,0
0,0,0,0,0
0,0,0,0,0
0,0,0,0,0
0,0,0,0,0
0,0,0,0,0
0,0,0,0,0
0,0,0,0,0
0,0,0,0,0
0,0,0,0,0
0,0,0,0,0
0,0,0,0,0
0,0,0,0,0
0,0,0,0,0
0,0,0,0,0
0,0,0,0,0
0,0,0,0,0
0,0,0,0,0
0,0,0,0,0
0,0,0,0,0
0,0,0,0,0
0,0,0,0,0
0,0,0,0,0
0,0,0,0,0
0,0,0,0,0
0,0,0,0,0
0,0,0,0,0
0,0,0,0,0
0,0,0,0,0
0,0,0,0,0
0,0,0,0,0
0,0,0,0,0
0,0,0,0,0
0,0,0,0,0
0,0,0,0,0
0,0,0,0,0
0,0,0,0,0
0,0,0,0,0
0,0,0,0,0
0,0,0,0,0
0,0,0,0,0
0,0,0,0,0
0,0,0,0,0
0,0,0,0,0
0,0,0,0,0
0,0,0,0,0
0,0,0,0,0
0,0,0,0,0
0,0,0,0,0
0,0,0,0,0
0,0,0,0,0
0,0,0,0,0
0,0,0,0,0
0,0,0,0,0
0,0,0,0,0
0,0,0,0,0
0,0,0,0,0
0,0,0,0,0
0,0,0,0,0
0,0,0,0,0
0,0,0,0,0
0,0,0,0,0
0,0,0,0,0
0,0,0,0,0
0,0,0,0,0
0,0,0,0,0
0,0,0,0,0
0,0,0,0,0
0,0,0,0,0
0,0,0,0,0
0,0,0,0,0
0,0,0,0,0
0,0,0,0,0
0,0,0,0,0
0,0,0,0,0
0,0,0,0,0
0,0,0,0,0
0,0,0,0,0
0,0,0,0,0
0,0,0,0,0
0,0,0,0,0
0,0,0,0,0
0,0,0,0,0
0,0,0,0,0
0,0,0,0,0
0,0,0,0,0
0,0,0,0,0
0,0,0,0,0
0,0,0,0,0
0,0,0,0,0
0,0,0,0,0
0,0,0,0,0
0,0,0,0,0
0,0,0,0,0
0,0,0,0,0
0,0,0,0,0
0,0,0,0,0
0,0,0,0,0
0,0,0,0,0
0,0,0,0,0
0,0,0,0,0
0,0,0,0,0
0,0,0,0,0
0,0,0,0,0
0,0,0,0,0
0,0,0,0,0
0,0,0,0,0
0,0,0,0,0
0,0,0,0,0
0,0,0,0,0
0,0,0,0,0
0,0,0,0,0
0,0,0,0,0
0,0,0,0,0
0,0,0,0,0
0,0,0,0,0
0,0,0,0,0
0,0,0,0,0
0,0,0,0,0
0,0,0,0,0
0,0,0,0,0
0,0,0,0,0
0,0,0,0,0
0,0,0,0,0
0,0,0,0,0
0,0,0,0,0
0,0,0,0,0
0,0,0,0,0
0,0,0,0,0
0,0,0,0,0
0,0,0,0,0
0,0,0,0,0
0,0,0,0,0
0,0,0,0,0
0,0,0,0,0
0,0,0,0,0
0,0,0,0,0
0,0,0,0,0
0,0,0,0,0
0,0,0,0,0
0,0,0,0,0
0,0,0,0,0
0,0,0,0,0
0,0,0,0,0
0,0,0,0,0
0,0,0,0,0
0,0,0,0,0
0,0,0,0,0
0,0,0,0,0
0,0,0,0,0
0,0,0,0,0
0,0,0,0,0
0,0,0,0,0
0,0,0,0,0
0,0,0,0,0
0,0,0,0,0
0,0,0,0,0
0,0,0,0,0
0,0,0,0,0
0,0,0,0,0
0,0,0,0,0
0,0,0,0,0
0,0,0,0,0
0,0,0,0,0
0,0,0,0,0
0,0,0,0,0
0,0,0,0,0
0,0,0,0,0
0,0,0,0,0
0,0,0,0,0
0,0,0,0,0
0,0,0,0,0
0,0,0,0,0
0,0,0,0,0
0,0,0,0,0
0,0,0,0,0
0,0,0,0,0
0,0,0,0,0
0,0,0,0,0
0,0,0,0,0
0,0,0,0,0
0,0,0,0,0
0,0,0,0,0
0,0,0,0,0
0,0,0,0,0
0,0,0,0,0
0,0,0,0,0
0,0,0,0,0
0,0,0,0,0
0,0,0,0,0
0,0,0,0,0
0,0,0,0,0
0,0,0,0,0
0,0,0,0,0
0,0,0,0,0
0,0,0,0,0
0,0,0,0,0
0,0,0,0,0
0,0,0,0,0
0,0,0,0,0
0,0,0,0,0
0,0,0,0,0
0,0,0,0,0
0,0,0,0,0
0,0,0,0,0
0,0,0,0,0
0,0,0,0,0
0,0,0,0,0
0,0,0,0,0
0,0,0,0,0
0,0,0,0,0
0,0,0,0,0
0,0,0,0,0
0,0,0,0,0
0,0,0,0,0
0,0,0,0,0
0,0,0,0,0
0,0,0,0,0
0,0,0,0,0
0,0,0,0,0
0,0,0,0,0
0,0,0,0,0
0,0,0,0,0
0,0,0,0,0
0,0,0,0,0
0,0,0,0,0
0,0,0,0,0
0,0,0,0,0
0,0,0,0,0
0,0,0,0,0
0,0,0,0,0
0,0,0,0,0
0,0,0,0,0
0,0,0,0,0
0,0,0,0,0
0,0,0,0,0
0,0,0,0,0
0,0,0,0,0
0,0,0,0,0
0,0,0,0,0
0,0,0,0,0
0,0,0,0,0
0,0,0,0,0
0,0,0,0,0
0,0,0,0,0
0,0,0,0,0
0,0,0,0,0
0,0,0,0,0
0,0,0,0,0
0,0,0,0,0
0,0,0,0,0
0,0,0,0,0
0,0,0,0,0
0,0,0,0,0
0,0,0,0,0
0,0,0,0,0
0,0,0,0,0
0,0,0,0,0
0,0,0,0,0
0,0,0,0,0
0,0,0,0,0
0,0,0,0,0
0,0,0,0,0
0,0,0,0,0
0,0,0,0,0
0,0,0,0,0
0,0,0,0,0
0,0,0,0,0
0,0,0,0,0
0,0,0,0,0
0,0,0,0,0
0,0,0,0,0
0,0,0,0,0
0,0,0,0,0
0,0,0,0,0
0,0,0,0,0
0,0,0,0,0
0,0,0,0,0
0,0,0,0,0
0,0,0,0,0
0,0,0,0,0
0,0,0,0,0
0,0,0,0,0
0,0,0,0,0
0,0,0,0,0
0,0,0,0,0
0,0,0,0,0
0,0,0,0,0
0,0,0,0,0
0,0,0,0,0
0,0,0,0,0
0,0,0,0,0
0,0,0,0,0
0,0,0,0,0
0,0,0,0,0
0,0,0,0,0
0,0,0,0,0
0,0,0,0,0
0,0,0,0,0
0,0,0,0,0
0,0,0,0,0
0,0,0,0,0
0,0,0,0,0
0,0,0,0,0
0,0,0,0,0
0,0,0,0,0
0,0,0,0,0
0,0,0,0,0
0,0,0,0,0
0,0,0,0,0
0,0,0,0,0
0,0,0,0,0
0,0,0,0,0
0,0,0,0,0
0,0,0,0,0
0,0,0,0,0
0,0,0,0,0
0,0,0,0,0
0,0,0,0,0
0,0,0,0,0
0,0,0,0,0
0,0,0,0,0
0,0,0,0,0
0,0,0,0,0
0,0,0,0,0
0,0,0,0,0
0,0,0,0,0
0,0,0,0,0
0,0,0,0,0
0,0,0,0,0
0,0,0,0,0
0,0,0,0,0
0,0,0,0,0
0,0,0,0,0
0,0,0,0,0
0,0,0,0,0
0,0,0,0,0
0,0,0,0,0
0,0,0,0,0
0,0,0,0,0
0,0,0,0,0
0,0,0,0,0
0,0,0,0,0
0,0,0,0,0
0,0,0,0,0
0,0,0,0,0
0,0,0,0,0
0,0,0,0,0
0,0,0,0,0
0,0,0,0,0
0,0,0,0,0
0,0,0,0,0
0,0,0,0,0
0,0,0,0,0
0,0,0,0,0
0,0,0,0,0
0,0,0,0,0
0,0,0,0,0
0,0,0,0,0
0,0,0,0,0
0,0,0,0,0
0,0,0,0,0
0,0,0,0,0
0,0,0,0,0
0,0,0,0,0
0,0,0,0,0
0,0,0,0,0
0,0,0,0,0
0,0,0,0,0
0,0,0,0,0
0,0,0,0,0
0,0,0,0,0
0,0,0,0,0
0,0,0,0,0
0,0,0,0,0
0,0,0,0,0
0,0,0,0,0
0,0,0,0,0
0,0,0,0,0
0,0,0,0,0
0,0,0,0,0
0,0,0,0,0
0,0,0,0,0
0,0,0,0,0
0,0,0,0,0
0,0,0,0,0
0,0,0,0,0
0,0,0,0,0
0,0,0,0,0
0,0,0,0,0
0,0,0,0,0
0,0,0,0,0
0,0,0,0,0
0,0,0,0,0
0,0,0,0,0
0,0,0,0,0
0,0,0,0,0
0,0,0,0,0
0,0,0,0,0
0,0,0,0,0
0,0,0,0,0
0,0,0,0,0
0,0,0,0,0
0,0,0,0,0
0,0,0,0,0
0,0,0,0,0
0,0,0,0,0
0,0,0,0,0
0,0,0,0,0
0,0,0,0,0
0,0,0,0,0
0,0,0,0,0
0,0,0,0,0
0,0,0,0,0
0,0,0,0,0
0,0,0,0,0
0,0,0,0,0
0,0,0,0,0
0,0,0,0,0
0,0,0,0,0
0,0,0,0,0
0,0,0,0,0
0,0,0,0,0
0,0,0,0,0
0,0,0,0,0
0,0,0,0,0
0,0,0,0,0
0,0,0,0,0
0,0,0,0,0
0,0,0,0,0
0,0,0,0,0
0,0,0,0,0
0,0,0,0,0
0,0,0,0,0
0,0,0,0,0
0,0,0,0,0
0,0,0,0,0
0,0,0,0,0
0,0,0,0,0
0,0,0,0,0
0,0,0,0,0
0,0,0,0,0
0,0,0,0,0
0,0,0,0,0
0,0,0,0,0
0,0,0,0,0
0,0,0,0,0
0,0,0,0,0
0,0,0,0,0
0,0,0,0,0
0,0,0,0,0
0,0,0,0,0
0,0,0,0,0
0,0,0,0,0
0,0,0,0,0
0,0,0,0,0
0,0,0,0,0
0,0,0,0,0
0,0,0,0,0
0,0,0,0,0
0,0,0,0,0
0,0,0,0,0
0,0,0,0,0
0,0,0,0,0
0,0,0,0,0
0,0,0,0,0
0,0,0,0,0
0,0,0,0,0
0,0,0,0,0
0,0,0,0,0
0,0,0,0,0
0,0,0,0,0
0,0,0,0,0
0,0,0,0,0
0,0,0,0,0
0,0,0,0,0
0,0,0,0,0
0,0,0,0,0
0,0,0,0,0
0,0,0,0,0
0,0,0,0,0
0,0,0,0,0
0,0,0,0,0
0,0,0,0,0
0,0,0,0,0
0,0,0,0,0
0,0,0,0,0
0,0,0,0,0
0,0,0,0,0
0,0,0,0,0
0,0,0,0,0
0,0,0,0,0
0,0,0,0,0
0,0,0,0,0
0,0,0,0,0
0,0,0,0,0
0,0,0,0,0
0,0,0,0,0
0,0,0,0,0
0,0,0,0,0
0,0,0,0,0
0,0,0,0,0
0,0,0,0,0
0,0,0,0,0
0,0,0,0,0
0,0,0,0,0
0,0,0,0,0
0,0,0,0,0
0,0,0,0,0
0,0,0,0,0
0,0,0,0,0
0,0,0,0,0
0,0,0,0,0
0,0,0,0,0
0,0,0,0,0
0,0,0,0,0
0,0,0,0,0
0,0,0,0,0
0,0,0,0,0
0,0,0,0,0
0,0,0,0,0
0,0,0,0,0
0,0,0,0,0
0,0,0,0,0
0,0,0,0,0
0,0,0,0,0
0,0,0,0,0
0,0,0,0,0
0,0,0,0,0
0,0,0,0,0
0,0,0,0,0
0,0,0,0,0
0,0,0,0,0
0,0,0,0,0
0,0,0,0,0
0,0,0,0,0
0,0,0,0,0
0,0,0,0,0
0,0,0,0,0
0,0,0,0,0
0,0,0,0,0
0,0,0,0,0
0,0,0,0,0
0,0,0,0,0
0,0,0,0,0
0,0,0,0,0
0,0,0,0,0
0,0,0,0,0
0,0,0,0,0
0,0,0,0,0
0,0,0,0,0
0,0,0,0,0
0,0,0,0,0
0,0,0,0,0
0,0,0,0,0
0,0,0,0,0
0,0,0,0,0
0,0,0,0,0
0,0,0,0,0
0,0,0,0,0
0,0,0,0,0
0,0,0,0,0
0,0,0,0,0
0,0,0,0,0
0,0,0,0,0
0,0,0,0,0
0,0,0,0,0
0,0,0,0,0
0,0,0,0,0
0,0,0,0,0
0,0,0,0,0
0,0,0,0,0
0,0,0,0,0
0,0,0,0,0
0,0,0,0,0
0,0,0,0,0
0,0,0,0,0
0,0,0,0,0
0,0,0,0,0
0,0,0,0,0
0,0,0,0,0
0,0,0,0,0
0,0,0,0,0
0,0,0,0,0
0,0,0,0,0
0,0,0,0,0
0,0,0,0,0
0,0,0,0,0
0,0,0,0,0
0,0,0,0,0
0,0,0,0,0
0,0,0,0,0
0,0,0,0,0
0,0,0,0,0
0,0,0,0,0
0,0,0,0,0
0,0,0,0,0
0,0,0,0,0
0,0,0,0,0
0,0,0,0,0
0,0,0,0,0
0,0,0,0,0
0,0,0,0,0
0,0,0,0,0
0,0,0,0,0
0,0,0,0,0
0,0,0,0,0
0,0,0,0,0
0,0,0,0,0
0,0,0,0,0
0,0,0,0,0
0,0,0,0,0
0,0,0,0,0
0,0,0,0,0
0,0,0,0,0
0,0,0,0,0
0,0,0,0,0
0,0,0,0,0
0,0,0,0,0
0,0,0,0,0
0,0,0,0,0
0,0,0,0,0
0,0,0,0,0
0,0,0,0,0
0,0,0,0,0
0,0,0,0,0
0,3,4,3,4
0,3,4,3,4
0,3,4,3,4
0,3,4,3,4
0,3,4,3,4
0,3,4,3,4
0,3,4,3,4
0,3,4,3,4
0,3,4,3,4
0,3,4,3,4
0,3,4,3,4
0,3,4,3,4
0,3,4,3,4
0,3,4,3,4
3,3,4,3,4
3,3,4,3,4
3,3,4,3,4
3,3,4,3,4
3,3,4,3,4
3,3,4,3,4
3,3,4,3,4
3,3,4,3,4
3,3,4,3,4
3,3,4,3,4
3,3,4,3,4
3,3,4,3,4
3,3,4,3,4
3,3,4,3,4
3,3,4,3,4
3,3,4,3,4
3,3,4,3,4
3,3,4,3,4
3,3,4,3,4
3,3,4,3,4
3,3,4,3,4
3,3,4,3,4
3,3,4,3,4
3,3,4,3,4
3,3,4,3,4
3,3,4,3,4
3,3,4,3,4
3,3,4,3,4
3,3,4,3,4
3,3,4,3,4
3,3,4,3,4
3,3,4,3,4
3,3,4,3,4
3,3,4,3,4
3,3,4,3,4
3,3,4,3,4
3,3,4,3,4
3,3,4,3,4
3,3,4,3,4
3,3,4,3,4
3,3,4,3,4
3,3,4,3,4
3,3,4,3,4
3,3,4,3,4
3,3,4,3,4
3,3,4,3,4
3,3,4,3,4
3,3,4,3,4
3,3,4,3,4
3,3,4,3,4
3,3,4,3,4
3,3,4,3,4
3,3,4,3,4
3,3,4,3,4
3,3,4,3,4
3,3,4,3,4
3,3,4,3,4
3,3,4,3,4
3,3,4,3,4
3,3,4,3,4
3,3,4,3,4
3,3,4,3,4
3,3,4,3,4
3,3,4,3,4
3,3,4,3,4
3,3,4,3,4
3,3,4,3,4
3,3,4,3,4
3,3,4,3,4
3,3,4,3,4
3,3,4,3,4
3,3,4,3,4
3,3,4,3,4
3,3,4,3,4
3,3,4,3,4
3,3,4,3,4
3,3,4,3,4
3,3,4,3,4
3,3,4,3,4
3,3,4,3,4
3,3,4,3,4
3,3,4,3,4
3,3,4,3,4
3,3,4,3,4
3,3,4,3,4
3,3,4,3,4
3,3,4,3,4
3,3,4,3,4
3,3,4,3,4
3,3,4,3,4
3,3,4,3,4
3,3,4,3,4
3,3,4,3,4
3,3,4,3,4
3,3,4,3,4
3,3,4,3,4
3,3,4,3,4
3,3,4,3,4
3,3,4,3,4
3,3,4,3,4
3,3,4,3,4
3,3,4,3,4
3,3,4,3,4
3,3,4,3,4
3,3,4,3,4
3,3,4,3,4
3,3,4,3,4
3,3,4,3,4
3,3,4,3,4
3,3,4,3,4
3,3,4,3,4
3,3,4,3,4
3,3,4,3,4
3,3,4,3,4
3,3,4,3,4
3,3,4,3,4
3,3,4,3,4
3,3,4,3,4
3,3,4,3,4
3,3,4,3,4
3,3,4,3,4
3,3,4,3,4
3,3,4,3,4
3,3,4,3,4
3,3,4,3,4
3,3,4,3,4
3,3,4,3,4
3,3,4,3,4
3,3,4,3,4
3,3,4,3,4
3,3,4,3,4
3,3,4,3,4
3,3,4,3,4
3,3,4,3,4
3,3,4,3,4
3,3,4,3,4
3,3,4,3,4
3,3,4,3,4
3,3,4,3,4
3,3,4,3,4
3,3,4,3,4
3,3,4,3,4
3,3,4,3,4
3,3,4,3,4
3,3,4,3,4
3,3,4,3,4
3,3,4,3,4
3,3,4,3,4
3,3,4,3,4
3,3,4,3,4
3,3,4,3,4
3,3,4,3,4
3,3,4,3,4
3,3,4,3,4
3,3,4,3,4
3,3,4,3,4
3,3,4,3,4
3,3,4,3,4
3,3,4,3,4
3,3,4,3,4
3,3,4,3,4
3,3,4,3,4
3,3,4,3,4
3,3,4,3,4
3,3,4,3,4
3,3,4,3,4
3,3,4,3,4
3,3,4,3,4
3,3,4,3,4
3,3,4,3,4
3,3,4,3,4
3,3,4,3,4
3,3,4,3,4
3,3,4,3,4
3,3,4,3,4
3,3,4,3,4
3,3,4,3,4
3,3,4,3,4
3,3,4,3,4
3,3,4,3,4
3,3,4,3,4
3,3,4,3,4
3,3,4,3,4
3,3,4,3,4
3,3,4,3,4
3,3,4,3,4
3,3,4,3,4
3,3,4,3,4
3,3,4,3,4
3,3,4,3,4
3,3,4,3,4
3,3,4,3,4
3,3,4,3,4
3,3,4,3,4
3,3,4,3,4
3,3,4,3,4
3,3,4,3,4
3,3,4,3,4
3,3,4,3,4
3,3,4,3,4
3,3,4,3,4
3,3,4,3,4
3,3,4,3,4
3,3,4,3,4
3,3,4,3,4
3,3,4,3,4
3,3,4,3,4
3,3,4,3,4
3,3,4,3,4
3,3,4,3,4
3,3,4,3,4
3,3,4,3,4
3,3,4,3,4
3,3,4,3,4
3,3,4,3,4
3,3,4,3,4
3,3,4,3,4
3,3,4,3,4
3,3,4,3,4
3,3,4,3,4
3,3,4,3,4
3,3,4,3,4
3,3,4,3,4
3,3,4,3,4
3,3,4,3,4
3,3,4,3,4
3,3,4,3,4
3,3,4,3,4
3,3,4,3,4
3,3,4,3,4
3,3,4,3,4
3,3,4,3,4
3,3,4,3,4
3,3,4,3,4
3,3,4,3,4
3,3,4,3,4
3,3,4,3,4
3,3,4,3,4
3,3,4,3,4
3,3,4,3,4
3,3,4,3,4
3,3,4,3,4
3,3,4,3,4
3,3,4,3,4
3,3,4,3,4
3,3,4,3,4
3,3,4,3,4
3,3,4,3,4
3,3,4,3,4
3,3,4,3,4
3,3,4,3,4
3,3,4,3,4
3,3,4,3,4
3,3,4,3,4
3,3,4,3,4
3,3,4,3,4
3,3,4,3,4
3,3,4,3,4
3,3,4,3,4
3,3,4,3,4
3,3,4,3,4
3,3,4,3,4
3,3,4,3,4
3,3,4,3,4
3,3,4,3,4
3,3,4,3,4
3,3,4,3,4
3,3,4,3,4
3,3,4,3,4
3,3,4,3,4
3,3,4,3,4
3,3,4,3,4
3,3,4,3,4
3,3,4,3,4
3,3,4,3,4
3,3,4,3,4
3,3,4,3,4
3,3,4,3,4
3,3,4,3,4
3,3,4,3,4
3,3,4,3,4
3,3,4,3,4
3,3,4,3,4
3,3,4,3,4
3,3,4,3,4
3,3,4,3,4
3,3,4,3,4
3,3,4,3,4
3,3,4,3,4
3,3,4,3,4
3,3,4,3,4
3,3,4,3,4
3,3,4,3,4
3,3,4,3,4
3,3,4,3,4
3,3,4,3,4
3,3,4,3,4
3,3,4,3,4
3,3,4,3,4
3,3,4,3,4
3,3,4,3,4
3,3,4,3,4
3,3,4,3,4
3,3,4,3,4
3,3,4,3,4
3,3,4,3,4
3,3,4,3,4
3,3,4,3,4
3,3,4,3,4
3,3,4,3,4
3,3,4,3,4
3,3,4,3,4
3,3,4,3,4
3,3,4,3,4
3,3,4,3,4
3,3,4,3,4
3,3,4,3,4
3,3,4,3,4
3,3,4,3,4
3,3,4,3,4
3,3,4,3,4
3,3,4,3,4
3,3,4,3,4
3,3,4,3,4
3,3,4,3,4
3,3,4,3,4
3,3,4,3,4
3,3,4,3,4
3,3,4,3,4
3,3,4,3,4
3,3,4,3,4
3,3,4,3,4
3,3,4,3,4
3,3,4,3,4
3,3,4,3,4
3,3,4,3,4
3,3,4,3,4
3,3,4,3,4
3,3,4,3,4
3,3,4,3,4
3,3,4,3,4
3,3,4,3,4
3,3,4,3,4
3,3,4,3,4
3,3,4,3,4
3,3,4,3,4
3,3,4,3,4
3,3,4,3,4
3,3,4,3,4
3,3,4,3,4
3,3,4,3,4
3,3,4,3,4
3,3,4,3,4
3,3,4,3,4
3,3,4,3,4
3,3,4,3,4
3,3,4,3,4
3,3,4,3,4
3,3,4,3,4
3,3,4,3,4
3,3,4,3,4
3,3,4,3,4
3,3,4,3,4
3,3,4,3,4
3,3,4,3,4
3,3,4,3,4
3,3,4,3,4
3,3,4,3,4
3,3,4,3,4
3,3,4,3,4
3,3,4,3,4
3,3,4,3,4
3,3,4,3,4
3,3,4,3,4
3,3,4,3,4
3,3,4,3,4
3,3,4,3,4
3,3,4,3,4
3,3,4,3,4
3,3,4,3,4
3,3,4,3,4
3,3,4,3,4
3,3,4,3,4
3,3,4,3,4
3,3,4,3,4
3,3,4,3,4
3,3,4,3,4
3,3,4,3,4
3,3,4,3,4
3,3,4,3,4
3,3,4,3,4
3,3,4,3,4
3,3,4,3,4
3,3,4,3,4
3,3,4,3,4
3,3,4,3,4
3,3,4,3,4
3,3,4,3,4
3,3,4,3,4
3,3,4,3,4
3,3,4,3,4
3,3,4,3,4
3,3,4,3,4
3,3,4,3,4
3,3,4,3,4
3,3,4,3,4
3,3,4,3,4
3,3,4,3,4
3,3,4,3,4
3,3,4,3,4
3,3,4,3,4
3,3,4,3,4
3,3,4,3,4
3,3,4,3,4
3,3,4,3,4
3,3,4,3,4
3,3,4,3,4
3,3,4,3,4
3,3,4,3,4
3,3,4,3,4
3,3,4,3,4
3,3,4,3,4
3,3,4,3,4
3,3,4,3,4
3,3,4,3,4
3,3,4,3,4
3,3,4,3,4
3,3,4,3,4
3,3,4,3,4
3,3,4,3,4
3,3,4,3,4
3,3,4,3,4
3,3,4,3,4
3,3,4,3,4
3,3,4,3,4
3,3,4,3,4
3,3,4,3,4
3,3,4,3,4
3,3,4,3,4
3,3,4,3,4
3,3,4,3,4
3,3,4,3,4
3,3,4,3,4
3,3,4,3,4
3,3,4,3,4
3,3,4,3,4
3,3,4,3,4
3,3,4,3,4
3,3,4,3,4
3,3,4,3,4
3,3,4,3,4
3,3,4,3,4
3,3,4,3,4
3,3,4,3,4
3,3,4,3,4
3,3,4,3,4
3,3,4,3,4
3,3,4,3,4
3,3,4,3,4
3,3,4,3,4
3,3,4,3,4
3,3,4,3,4
3,3,4,3,4
3,3,4,3,4
3,3,4,3,4
3,3,4,3,4
3,3,4,3,4
3,3,4,3,4
3,3,4,3,4
3,3,4,3,4
3,3,4,3,4
3,3,4,3,4
3,3,4,3,4
3,3,4,3,4
3,3,4,3,4
3,3,4,3,4
3,3,4,3,4
3,3,4,3,4
3,3,4,3,4
3,3,4,3,4
3,3,4,3,4
3,3,4,3,4
3,3,4,3,4
3,3,4,3,4
3,3,4,3,4
3,3,4,3,4
3,3,4,3,4
3,3,4,3,4
3,3,4,3,4
3,3,4,3,4
3,3,4,3,4
3,3,4,3,4
3,3,4,3,4
3,3,4,3,4
3,3,4,3,4
3,3,4,3,4
3,3,4,3,4
3,3,4,3,4
3,3,4,3,4
3,3,4,3,4
3,3,4,3,4
3,3,4,3,4
3,3,4,3,4
3,3,4,3,4
3,3,4,3,4
3,3,4,3,4
3,3,4,3,4
3,3,4,3,4
3,3,4,3,4
3,3,4,3,4
3,3,4,3,4
3,3,4,3,4
3,3,4,3,4
3,3,4,3,4
3,3,4,3,4
3,3,4,3,4
3,3,4,3,4
3,3,4,3,4
3,3,4,3,4
3,3,4,3,4
3,3,4,3,4
3,3,4,3,4
3,3,4,3,4
3,3,4,3,4
3,3,4,3,4
3,3,4,3,4
3,3,4,3,4
3,3,4,3,4
3,3,4,3,4
3,3,4,3,4
3,3,4,3,4
3,3,4,3,4
3,3,4,3,4
3,3,4,3,4
3,3,4,3,4
3,3,4,3,4
3,3,4,3,4
3,3,4,3,4
3,3,4,3,4
3,3,4,3,4
3,3,4,3,4
3,3,4,3,4
3,3,4,3,4
3,3,4,3,4
3,3,4,3,4
3,3,4,3,4
3,3,4,3,4
3,3,4,3,4
3,3,4,3,4
3,3,4,3,4
3,3,4,3,4
3,3,4,3,4
3,3,4,3,4
3,3,4,3,4
3,3,4,3,4
3,3,4,3,4
3,3,4,3,4
3,3,4,3,4
3,3,4,3,4
3,3,4,3,4
3,3,4,3,4
3,3,4,3,4
3,3,4,3,4
3,3,4,3,4
3,3,4,3,4
3,3,4,3,4
3,3,4,3,4
3,3,4,3,4
3,3,4,3,4
3,3,4,3,4
3,3,4,3,4
3,3,4,3,4
3,3,4,3,4
3,3,4,3,4
3,3,4,3,4
3,3,4,3,4
3,3,4,3,4
3,3,4,3,4
3,3,4,3,4
3,3,4,3,4
3,3,4,3,4
3,3,4,3,4
3,3,4,3,4
3,3,4,3,4
3,3,4,3,4
3,3,4,3,4
3,3,4,3,4
3,3,4,3,4
3,3,4,3,4
3,3,4,3,4
3,3,4,3,4
3,3,4,3,4
3,3,4,3,4
3,3,4,3,4
3,3,4,3,4
3,3,4,3,4
3,3,4,3,4
3,3,4,3,4
3,3,4,3,4
3,3,4,3,4
3,3,4,3,4
3,3,4,3,4
3,3,4,3,4
3,3,4,3,4
3,3,4,3,4
3,3,4,3,4
3,3,4,3,4
3,3,4,3,4
3,3,4,3,4
3,3,4,3,4
3,3,4,3,4
3,3,4,3,4
3,3,4,3,4
3,3,4,3,4
3,3,4,3,4
3,3,4,3,4
3,3,4,3,4
3,3,4,3,4
3,3,4,3,4
3,3,4,3,4
3,3,4,3,4
3,3,4,3,4
3,3,4,3,4
3,3,4,3,4
3,3,4,3,4
3,3,4,3,4
3,3,4,3,4
3,3,4,3,4
3,3,4,3,4
3,3,4,3,4
3,3,4,3,4
3,3,4,3,4
3,3,4,3,4
3,3,4,3,4
3,3,4,3,4
3,3,4,3,4
3,3,4,3,4
3,3,4,3,4
3,3,4,3,4
3,3,4,3,4
3,3,4,3,4
3,3,4,3,4
3,3,4,3,4
3,3,4,3,4
3,3,4,3,4
3,3,4,3,4
3,3,4,3,4
3,3,4,3,4
3,3,4,3,4
3,3,4,3,4
3,3,4,3,4
3,3,4,3,4
3,3,4,3,4
3,3,4,3,4
3,3,4,3,4
3,3,4,3,4
3,3,4,3,4
3,3,4,3,4
3,3,4,3,4
3,3,4,3,4
3,3,4,3,4
3,3,4,3,4
3,3,4,3,4
3,3,4,3,4
3,3,4,3,4
3,3,4,3,4
3,3,4,3,4
3,3,4,3,4
3,3,4,3,4
3,3,4,3,4
3,3,4,3,4
3,3,4,3,4
3,3,4,3,4
3,3,4,3,4
3,3,4,3,4
3,3,4,3,4
3,3,4,3,4
3,3,4,3,4
3,3,4,3,4
3,3,4,3,4
3,3,4,3,4
3,3,4,3,4
3,3,4,3,4
3,3,4,3,4
3,3,4,3,4
3,3,4,3,4
3,3,4,3,4
3,3,4,3,4
3,3,4,3,4
3,3,4,3,4
3,3,4,3,4
3,3,4,3,4
3,3,4,3,4
3,3,4,3,4
3,3,4,3,4
3,3,4,3,4
3,3,4,3,4
3,3,4,3,4
3,3,4,3,4
3,3,4,3,4
3,3,4,3,4
3,3,4,3,4
3,3,4,3,4
3,3,4,3,4
3,3,4,3,4
3,3,4,3,4
3,3,4,3,4
3,3,4,3,4
3,3,4,3,4
3,3,4,3,4
3,3,4,3,4
3,3,4,3,4
3,3,4,3,4
3,3,4,3,4
3,3,4,3,4
3,3,4,3,4
3,3,4,3,4
3,3,4,3,4
3,3,4,3,4
3,3,4,3,4
3,3,4,3,4
3,3,4,3,4
3,3,4,3,4
3,3,4,3,4
3,3,4,3,4
3,3,4,3,4
3,3,4,3,4
3,3,4,3,4
3,3,4,3,4
3,3,4,3,4
3,3,4,3,4
3,3,4,3,4
3,3,4,3,4
3,3,4,3,4
3,3,4,3,4
3,3,4,3,4
3,3,4,3,4
3,3,4,3,4
3,3,4,3,4
3,3,4,3,4
3,3,4,3,4
3,3,4,3,4
3,3,4,3,4
3,3,4,3,4
3,3,4,3,4
3,3,4,3,4
3,3,4,3,4
3,3,4,3,4
3,3,4,3,4
3,3,4,3,4
3,3,4,3,4
3,3,4,3,4
3,3,4,3,4
3,3,4,3,4
3,3,4,3,4
3,3,4,3,4
3,3,4,3,4
3,3,4,3,4
3,3,4,3,4
3,3,4,3,4
3,3,4,3,4
3,3,4,3,4
3,3,4,3,4
3,3,4,3,4
3,3,4,3,4
3,3,4,3,4
3,3,4,3,4
3,3,4,3,4
3,3,4,3,4
3,3,4,3,4
3,3,4,3,4
3,3,4,3,4
3,3,4,3,4
3,3,4,3,4
3,3,4,3,4
3,3,4,3,4
3,3,4,3,4
3,3,4,3,4
3,3,4,3,4
3,3,4,3,4
3,3,4,3,4
3,3,4,3,4
3,3,4,3,4
3,3,4,3,4
3,3,4,3,4
3,3,4,3,4
3,3,4,3,4
3,3,4,3,4
3,3,4,3,4
3,3,4,3,4
3,3,4,3,4
3,3,4,3,4
3,3,4,3,4
3,3,4,3,4
3,3,4,3,4
3,3,4,3,4
3,3,4,3,4
3,3,4,3,4
3,3,4,3,4
3,3,4,3,4
3,3,4,3,4
3,3,4,3,4
3,3,4,3,4
3,3,4,3,4
3,3,4,3,4
3,3,4,3,4
3,3,4,3,4
3,3,4,3,4
3,3,4,3,4
3,3,4,3,4
3,3,4,3,4
3,3,4,3,4
3,3,4,3,4
3,3,4,3,4
3,3,4,3,4
3,3,4,3,4
3,3,4,3,4
3,3,4,3,4
3,3,4,3,4
3,3,4,3,4
3,3,4,3,4
3,3,4,3,4
3,3,4,3,4
3,3,4,3,4
3,3,4,3,4
3,3,4,3,4
3,3,4,3,4
3,3,4,3,4
3,3,4,3,4
3,3,4,3,4
3,3,4,3,4
3,3,4,3,4
3,3,4,3,4
3,3,4,3,4
3,3,4,3,4
3,3,4,3,4
3,3,4,3,4
3,3,4,3,4
3,3,4,3,4
3,3,4,3,4
3,3,4,3,4
3,3,4,3,4
3,3,4,3,4
3,3,4,3,4
3,3,4,3,4
3,3,4,3,4
3,3,4,3,4
3,3,4,3,4
3,3,4,3,4
3,3,4,3,4
3,3,4,3,4
3,3,4,3,4
3,3,4,3,4
3,3,4,3,4
3,3,4,3,4
3,3,4,3,4
3,3,4,3,4
3,3,4,3,4
3,3,4,3,4
3,3,4,3,4
3,3,4,3,4
3,3,4,3,4
3,3,4,3,4
3,3,4,3,4
3,3,4,3,4
3,3,4,3,4
3,3,4,3,4
3,3,4,3,4
3,3,4,3,4
3,3,4,3,4
3,3,4,3,4
3,3,4,3,4
3,3,4,3,4
3,3,4,3,4
3,3,4,3,4
3,3,4,3,4
3,3,4,3,4
3,3,4,3,4
3,3,4,3,4
3,3,4,3,4
3,3,4,3,4
3,3,4,3,4
3,3,4,3,4
3,3,4,3,4
3,3,4,3,4
3,3,4,3,4
3,3,4,3,4
3,3,4,3,4
3,3,4,3,4
3,3,4,3,4
3,3,4,3,4
3,3,4,3,4
3,3,4,3,4
3,3,4,3,4
3,3,4,3,4
3,3,4,3,4
3,3,4,3,4
3,3,4,3,4
3,3,4,3,4
3,3,4,3,4
3,3,4,3,4
3,3,4,3,4
3,3,4,3,4
3,3,4,3,4
3,3,4,3,4
3,3,4,3,4
3,3,4,3,4
3,3,4,3,4
3,3,4,3,4
3,3,4,3,4
3,3,4,3,4
3,3,4,3,4
3,3,4,3,4
3,3,4,3,4
3,3,4,3,4
3,3,4,3,4
3,3,4,3,4
3,3,4,3,4
3,3,4,3,4
3,3,4,3,4
3,3,4,3,4
3,3,4,3,4
3,3,4,3,4
3,3,4,3,4
3,3,4,3,4
3,3,4,3,4
3,3,4,3,4
3,3,4,3,4
3,3,4,3,4
3,3,4,3,4
3,3,4,3,4
3,3,4,3,4
3,3,4,3,4
3,3,4,3,4
3,3,4,3,4
3,3,4,3,4
3,3,4,3,4
3,3,4,3,4
3,3,4,3,4
3,3,4,3,4
3,3,4,3,4
3,3,4,3,4
3,3,4,3,4
3,3,4,3,4
3,3,4,3,4
3,3,4,3,4
3,3,4,3,4
3,3,4,3,4
3,3,4,3,4
3,3,4,3,4
3,3,4,3,4
3,3,4,3,4
3,3,4,3,4
3,3,4,3,4
3,3,4,3,4
3,3,4,3,4
3,3,4,3,4
3,3,4,3,4
3,3,4,3,4
3,3,4,3,4
3,3,4,3,4
3,3,4,3,4
3,3,4,3,4
3,3,4,3,4
3,3,4,3,4
3,3,4,3,4
3,3,4,3,4
3,3,4,3,4
3,3,4,3,4
3,3,4,3,4
3,3,4,3,4
3,3,4,3,4
3,3,4,3,4
3,3,4,3,4
3,3,4,3,4
3,3,4,3,4
3,3,4,3,4
3,3,4,3,4
3,3,4,3,4
3,3,4,3,4
3,3,4,3,4
3,3,4,3,4
3,3,4,3,4
3,3,4,3,4
3,3,4,3,4
3,3,4,3,4
3,3,4,3,4
3,3,4,3,4
3,3,4,3,4
3,3,4,3,4
3,3,4,3,4
3,3,4,3,4
3,3,4,3,4
3,3,4,3,4
3,3,4,3,4
3,3,4,3,4
3,3,4,3,4
3,3,4,3,4
3,3,4,3,4
3,3,4,3,4
3,3,4,3,4
3,3,4,3,4
3,3,4,3,4
3,3,4,3,4
3,3,4,3,4
3,3,4,3,4
3,3,4,3,4
3,3,4,3,4
3,3,4,3,4
3,3,4,3,4
3,3,4,3,4
3,3,4,3,4
3,3,4,3,4
3,3,4,3,4
3,3,4,3,4
3,3,4,3,4
3,3,4,3,4
3,3,4,3,4
3,3,4,3,4
3,3,4,3,4
3,3,4,3,4
3,3,4,3,4
3,3,4,3,4
3,3,4,3,4
3,3,4,3,4
3,3,4,3,4
3,3,4,3,4
3,3,4,3,4
3,3,4,3,4
3,3,4,3,4
3,3,4,3,4
3,3,4,3,4
3,3,4,3,4
3,3,4,3,4
3,3,4,3,4
3,3,4,3,4
3,3,4,3,4
3,3,4,3,4
3,3,4,3,4
3,3,4,3,4
3,3,4,3,4
3,3,4,3,4
3,3,4,3,4
3,3,4,3,4
3,3,4,3,4
3,3,4,3,4
3,3,4,3,4
3,3,4,3,4
3,3,4,3,4
3,3,4,3,4
3,3,4,3,4
3,3,4,3,4
3,3,4,3,4
3,3,4,3,4
3,3,4,3,4
3,3,4,3,4
3,3,4,3,4
3,3,4,3,4
3,3,4,3,4
3,3,4,3,4
3,3,4,3,4
3,3,4,3,4
3,3,4,3,4
3,3,4,3,4
3,3,4,3,4
3,3,4,3,4
3,3,4,3,4
3,3,4,3,4
3,3,4,3,4
3,3,4,3,4
3,3,4,3,4
3,3,4,3,4
3,3,4,3,4
3,3,4,3,4
3,3,4,3,4
3,3,4,3,4
3,3,4,3,4
3,3,4,3,4
3,3,4,3,4
3,3,4,3,4
3,3,4,3,4
3,3,4,3,4
3,3,4,3,4
3,3,4,3,4
3,3,4,3,4
3,3,4,3,4
3,3,4,3,4
3,3,4,3,4
3,3,4,3,4
3,3,4,3,4
3,3,4,3,4
3,3,4,3,4
3,3,4,3,4
3,3,4,3,4
3,3,4,3,4
3,3,4,3,4
3,3,4,3,4
3,3,4,3,4
3,3,4,3,4
3,3,4,3,4
3,3,4,3,4
3,3,4,3,4
3,3,4,3,4
3,3,4,3,4
3,3,4,3,4
3,3,4,3,4
3,3,4,3,4
3,3,4,3,4
3,3,4,3,4
3,3,4,3,4
3,3,4,3,4
3,3,4,3,4
3,3,4,3,4
3,3,4,3,4
3,3,4,3,4
3,3,4,3,4
3,3,4,3,4
3,3,4,3,4
3,3,4,3,4
3,3,4,3,4
3,3,4,3,4
3,3,4,3,4
3,3,4,3,4
3,3,4,3,4
3,3,4,3,4
3,3,4,3,4
3,3,4,3,4
3,3,4,3,4
3,3,4,3,4
3,3,4,3,4
3,3,4,3,4
3,3,4,3,4
3,3,4,3,4
3,3,4,3,4
3,3,4,3,4
3,3,4,3,4
3,3,4,3,4
3,3,4,3,4
3,3,4,3,4
3,3,4,3,4
3,3,4,3,4
3,3,4,3,4
3,3,4,3,4
3,3,4,3,4
3,3,4,3,4
3,3,4,3,4
3,3,4,3,4
3,3,4,3,4
3,3,4,3,4
3,3,4,3,4
3,3,4,3,4
3,3,4,3,4
3,3,4,3,4
3,3,4,3,4
3,3,4,3,4
3,3,4,3,4
3,3,4,3,4
3,3,4,3,4
3,3,4,3,4
3,3,4,3,4
3,3,4,3,4
3,3,4,3,4
4,3,4,3,4
4,3,4,3,4
4,3,4,3,4
4,3,4,3,4
4,4,5,4,5
4,4,5,4,5
4,4,5,4,5
4,4,5,4,5
4,4,5,4,5
4,4,5,4,5
4,4,5,4,5
4,4,5,4,5
4,4,5,4,5
4,4,5,4,5
4,4,5,4,5
4,4,5,4,5
4,4,5,4,5
4,4,5,4,5
4,4,5,4,5
4,4,5,4,5
4,4,5,4,5
4,4,5,4,5
4,4,5,4,5
4,4,5,4,5
4,4,5,4,5
4,4,5,4,5
4,4,5,4,5
4,4,5,4,5
4,4,5,4,5
4,4,5,4,5
4,4,5,4,5
4,4,5,4,5
4,4,5,4,5
4,4,5,4,5
4,4,5,4,5
4,4,5,4,5
4,4,5,4,5
4,4,5,4,5
4,4,5,4,5
4,4,5,4,5
4,4,5,4,5
4,4,5,4,5
4,4,5,4,5
4,4,5,4,5
4,4,5,4,5
4,4,5,4,5
4,4,5,4,5
4,4,5,4,5
4,4,5,4,5
4,4,5,4,5
4,4,5,4,5
4,4,5,4,5
4,4,5,4,5
4,4,5,4,5
4,4,5,4,5
4,4,5,4,5
4,4,5,4,5
4,4,5,4,5
4,4,5,4,5
4,4,5,4,5
4,4,5,4,5
4,4,5,4,5
4,4,5,4,5
4,4,5,4,5
4,4,5,4,5
4,4,5,4,5
4,4,5,4,5
4,4,5,4,5
4,4,5,4,5
4,4,5,4,5
4,4,5,4,5
4,4,5,4,5
4,4,5,4,5
4,4,5,4,5
4,4,5,4,5
4,4,5,4,5
4,4,5,4,5
4,4,5,4,5
4,4,5,4,5
4,4,5,4,5
4,4,5,4,5
4,4,5,4,5
4,4,5,4,5
4,4,5,4,5
4,4,5,4,5
4,4,5,4,5
4,4,5,4,5
4,4,5,4,5
4,4,5,4,5
4,4,5,4,5
4,4,5,4,5
4,4,5,4,5
4,4,5,4,5
4,4,5,4,5
4,4,5,4,5
4,4,5,4,5
4,4,5,4,5
4,4,5,4,5
4,4,5,4,5
4,4,5,4,5
4,4,5,4,5
4,4,5,4,5
4,4,5,4,5
4,4,5,4,5
4,4,5,4,5
4,4,5,4,5
4,4,5,4,5
4,4,5,4,5
4,4,5,4,5
4,4,5,4,5
4,4,5,4,5
4,4,5,4,5
4,4,5,4,5
4,4,5,4,5
4,4,5,4,5
4,4,5,4,5
4,4,5,4,5
4,4,5,4,5
4,4,5,4,5
4,4,5,4,5
4,4,5,4,5
4,4,5,4,5
4,4,5,4,5
4,4,5,4,5
4,4,5,4,5
4,4,5,4,5
4,4,5,4,5
4,4,5,4,5
4,4,5,4,5
4,4,5,4,5
4,4,5,4,5
4,4,5,4,5
4,4,5,4,5
4,4,5,4,5
4,4,5,4,5
4,4,5,4,5
4,4,5,4,5
4,4,5,4,5
4,4,5,4,5
4,4,5,4,5
4,4,5,4,5
4,4,5,4,5
4,4,5,4,5
4,4,5,4,5
4,4,5,4,5
4,4,5,4,5
4,4,5,4,5
4,4,5,4,5
4,4,5,4,5
4,4,5,4,5
4,4,5,4,5
4,4,5,4,5
4,4,5,4,5
4,4,5,4,5
4,4,5,4,5
4,4,5,4,5
4,4,5,4,5
4,4,5,4,5
4,4,5,4,5
4,4,5,4,5
4,4,5,4,5
4,4,5,4,5
4,4,5,4,5
4,4,5,4,5
4,4,5,4,5
4,4,5,4,5
4,4,5,4,5
4,4,5,4,5
4,4,5,4,5
4,4,5,4,5
4,4,5,4,5
4,4,5,4,5
4,4,5,4,5
4,4,5,4,5
4,4,5,4,5
4,4,5,4,5
4,4,5,4,5
4,4,5,4,5
4,4,5,4,5
4,4,5,4,5
4,4,5,4,5
4,4,5,4,5
4,4,5,4,5
4,4,5,4,5
4,4,5,4,5
4,4,5,4,5
4,4,5,4,5
4,4,5,4,5
4,4,5,4,5
4,4,5,4,5
4,4,5,4,5
4,4,5,4,5
4,4,5,4,5
4,4,5,4,5
4,4,5,4,5
4,4,5,4,5
4,4,5,4,5
4,4,5,4,5
4,4,5,4,5
4,4,5,4,5
4,4,5,4,5
4,4,5,4,5
4,4,5,4,5
4,4,5,4,5
4,4,5,4,5
4,4,5,4,5
4,4,5,4,5
4,4,5,4,5
4,4,5,4,5
4,4,5,4,5
4,4,5,4,5
4,4,5,4,5
4,4,5,4,5
4,4,5,4,5
4,4,5,4,5
4,4,5,4,5
4,4,5,4,5
4,4,5,4,5
4,4,5,4,5
4,4,5,4,5
4,4,5,4,5
4,4,5,4,5
4,4,5,4,5
4,4,5,4,5
4,4,5,4,5
4,4,5,4,5
4,4,5,4,5
4,4,5,4,5
4,4,5,4,5
4,4,5,4,5
4,4,5,4,5
4,4,5,4,5
4,4,5,4,5
4,4,5,4,5
4,4,5,4,5
4,4,5,4,5
4,4,5,4,5
4,4,5,4,5
4,4,5,4,5
4,4,5,4,5
4,4,5,4,5
4,4,5,4,5
4,4,5,4,5
4,4,5,4,5
4,4,5,4,5
4,4,5,4,5
4,4,5,4,5
4,4,5,4,5
4,4,5,4,5
4,4,5,4,5
4,4,5,4,5
4,4,5,4,5
4,4,5,4,5
4,4,5,4,5
4,4,5,4,5
4,4,5,4,5
4,4,5,4,5
4,4,5,4,5
4,4,5,4,5
4,4,5,4,5
4,4,5,4,5
4,4,5,4,5
4,4,5,4,5
4,4,5,4,5
4,4,5,4,5
4,4,5,4,5
4,4,5,4,5
4,4,5,4,5
4,4,5,4,5
4,4,5,4,5
4,4,5,4,5
4,4,5,4,5
4,4,5,4,5
4,4,5,4,5
4,4,5,4,5
4,4,5,4,5
4,4,5,4,5
4,4,5,4,5
4,4,5,4,5
4,4,5,4,5
4,4,5,4,5
4,4,5,4,5
4,4,5,4,5
4,4,5,4,5
4,4,5,4,5
4,4,5,4,5
4,4,5,4,5
4,4,5,4,5
4,4,5,4,5
4,4,5,4,5
4,4,5,4,5
4,4,5,4,5
4,4,5,4,5
4,4,5,4,5
4,4,5,4,5
4,4,5,4,5
4,4,5,4,5
4,4,5,4,5
4,4,5,4,5
4,4,5,4,5
4,4,5,4,5
4,4,5,4,5
4,4,5,4,5
4,4,5,4,5
4,4,5,4,5
4,4,5,4,5
4,4,5,4,5
4,4,5,4,5
4,4,5,4,5
4,4,5,4,5
4,4,5,4,5
4,4,5,4,5
4,4,5,4,5
4,4,5,4,5
4,4,5,4,5
4,4,5,4,5
4,4,5,4,5
4,4,5,4,5
4,4,5,4,5
4,4,5,4,5
4,4,5,4,5
4,4,5,4,5
4,4,5,4,5
4,4,5,4,5
4,4,5,4,5
4,4,5,4,5
4,4,5,4,5
4,4,5,4,5
4,4,5,4,5
4,4,5,4,5
4,4,5,4,5
4,4,5,4,5
4,4,5,4,5
4,4,5,4,5
4,4,5,4,5
4,4,5,4,5
4,4,5,4,5
4,4,5,4,5
4,4,5,4,5
4,4,5,4,5
4,4,5,4,5
4,4,5,4,5
4,4,5,4,5
4,4,5,4,5
4,4,5,4,5
4,4,5,4,5
4,4,5,4,5
4,4,5,4,5
4,4,5,4,5
4,4,5,4,5
4,4,5,4,5
4,4,5,4,5
4,4,5,4,5
4,4,5,4,5
4,4,5,4,5
4,4,5,4,5
4,4,5,4,5
4,4,5,4,5
4,4,5,4,5
4,4,5,4,5
4,4,5,4,5
4,4,5,4,5
4,4,5,4,5
4,4,5,4,5
4,4,5,4,5
4,4,5,4,5
4,4,5,4,5
4,4,5,4,5
4,4,5,4,5
4,4,5,4,5
4,4,5,4,5
4,4,5,4,5
4,4,5,4,5
4,4,5,4,5
4,4,5,4,5
4,4,5,4,5
4,4,5,4,5
4,4,5,4,5
4,4,5,4,5
4,4,5,4,5
4,4,5,4,5
4,4,5,4,5
4,4,5,4,5
4,4,5,4,5
4,4,5,4,5
4,4,5,4,5
4,4,5,4,5
4,4,5,4,5
4,4,5,4,5
4,4,5,4,5
4,4,5,4,5
4,4,5,4,5
4,4,5,4,5
4,4,5,4,5
4,4,5,4,5
4,4,5,4,5
4,4,5,4,5
4,4,5,4,5
4,4,5,4,5
4,4,5,4,5
4,4,5,4,5
4,4,5,4,5
4,4,5,4,5
4,4,5,4,5
4,4,5,4,5
4,4,5,4,5
4,4,5,4,5
4,4,5,4,5
4,4,5,4,5
4,4,5,4,5
4,4,5,4,5
4,4,5,4,5
4,4,5,4,5
4,4,5,4,5
4,4,5,4,5
4,4,5,4,5
4,4,5,4,5
4,4,5,4,5
4,4,5,4,5
4,4,5,4,5
4,4,5,4,5
4,4,5,4,5
4,4,5,4,5
4,4,5,4,5
4,4,5,4,5
4,4,5,4,5
4,4,5,4,5
4,4,5,4,5
4,4,5,4,5
4,4,5,4,5
4,4,5,4,5
4,4,5,4,5
4,4,5,4,5
4,4,5,4,5
4,4,5,4,5
4,4,5,4,5
4,4,5,4,5
4,4,5,4,5
4,4,5,4,5
4,4,5,4,5
4,4,5,4,5
4,4,5,4,5
4,4,5,4,5
4,4,5,4,5
4,4,5,4,5
4,4,5,4,5
4,4,5,4,5
4,4,5,4,5
4,4,5,4,5
4,4,5,4,5
4,4,5,4,5
4,4,5,4,5
4,4,5,4,5
4,4,5,4,5
4,4,5,4,5
4,4,5,4,5
4,4,5,4,5
4,4,5,4,5
4,4,5,4,5
4,4,5,4,5
4,4,5,4,5
4,4,5,4,5
4,4,5,4,5
4,4,5,4,5
4,4,5,4,5
4,4,5,4,5
4,4,5,4,5
4,4,5,4,5
4,4,5,4,5
4,4,5,4,5
4,4,5,4,5
4,4,5,4,5
4,4,5,4,5
4,4,5,4,5
4,4,5,4,5
4,4,5,4,5
4,4,5,4,5
4,4,5,4,5
4,4,5,4,5
4,4,5,4,5
4,4,5,4,5
4,4,5,4,5
4,4,5,4,5
4,4,5,4,5
4,4,5,4,5
4,4,5,4,5
4,4,5,4,5
4,4,5,4,5
4,4,5,4,5
4,4,5,4,5
4,4,5,4,5
4,4,5,4,5
4,4,5,4,5
4,4,5,4,5
4,4,5,4,5
4,4,5,4,5
4,4,5,4,5
4,4,5,4,5
4,4,5,4,5
4,4,5,4,5
4,4,5,4,5
4,4,5,4,5
4,4,5,4,5
4,4,5,4,5
4,4,5,4,5
4,4,5,4,5
4,4,5,4,5
4,4,5,4,5
4,4,5,4,5
4,4,5,4,5
4,4,5,4,5
4,4,5,4,5
4,4,5,4,5
4,4,5,4,5
4,4,5,4,5
4,4,5,4,5
4,4,5,4,5
4,4,5,4,5
4,4,5,4,5
4,4,5,4,5
4,4,5,4,5
4,4,5,4,5
4,4,5,4,5
4,4,5,4,5
4,4,5,4,5
4,4,5,4,5
4,4,5,4,5
4,4,5,4,5
4,4,5,4,5
4,4,5,4,5
4,4,5,4,5
4,4,5,4,5
4,4,5,4,5
4,4,5,4,5
4,4,5,4,5
4,4,5,4,5
4,4,5,4,5
4,4,5,4,5
4,4,5,4,5
4,4,5,4,5
4,4,5,4,5
4,4,5,4,5
4,4,5,4,5
4,4,5,4,5
4,4,5,4,5
4,4,5,4,5
4,4,5,4,5
4,4,5,4,5
4,4,5,4,5
4,4,5,4,5
4,4,5,4,5
4,4,5,4,5
4,4,5,4,5
4,4,5,4,5
4,4,5,4,5
4,4,5,4,5
4,4,5,4,5
4,4,5,4,5
4,4,5,4,5
4,4,5,4,5
4,4,5,4,5
4,4,5,4,5
4,4,5,4,5
4,4,5,4,5
4,4,5,4,5
4,4,5,4,5
4,4,5,4,5
4,4,5,4,5
4,4,5,4,5
4,4,5,4,5
4,4,5,4,5
4,4,5,4,5
4,4,5,4,5
4,4,5,4,5
4,4,5,4,5
4,4,5,4,5
4,4,5,4,5
4,4,5,4,5
4,4,5,4,5
4,4,5,4,5
4,4,5,4,5
4,4,5,4,5
4,4,5,4,5
4,4,5,4,5
4,4,5,4,5
4,4,5,4,5
4,4,5,4,5
4,4,5,4,5
4,4,5,4,5
4,4,5,4,5
4,4,5,4,5
4,4,5,4,5
4,4,5,4,5
4,4,5,4,5
4,4,5,4,5
4,4,5,4,5
4,4,5,4,5
4,4,5,4,5
4,4,5,4,5
4,4,5,4,5
4,4,5,4,5
4,4,5,4,5
4,4,5,4,5
4,4,5,4,5
4,4,5,4,5
4,4,5,4,5
4,4,5,4,5
4,4,5,4,5
4,4,5,4,5
4,4,5,4,5
4,4,5,4,5
4,4,5,4,5
4,4,5,4,5
4,4,5,4,5
4,4,5,4,5
4,4,5,4,5
4,4,5,4,5
4,4,5,4,5
4,4,5,4,5
4,4,5,4,5
4,4,5,4,5
4,4,5,4,5
4,4,5,4,5
4,4,5,4,5
4,4,5,4,5
4,4,5,4,5
4,4,5,4,5
4,4,5,4,5
4,4,5,4,5
4,4,5,4,5
4,4,5,4,5
4,4,5,4,5
4,4,5,4,5
4,4,5,4,5
4,4,5,4,5
4,4,5,4,5
4,4,5,4,5
4,4,5,4,5
4,4,5,4,5
4,4,5,4,5
4,4,5,4,5
4,4,5,4,5
4,4,5,4,5
4,4,5,4,5
4,4,5,4,5
4,4,5,4,5
4,4,5,4,5
4,4,5,4,5
4,4,5,4,5
4,4,5,4,5
4,4,5,4,5
4,4,5,4,5
4,4,5,4,5
4,4,5,4,5
4,4,5,4,5
4,4,5,4,5
4,4,5,4,5
4,4,5,4,5
4,4,5,4,5
4,4,5,4,5
4,4,5,4,5
4,4,5,4,5
4,4,5,4,5
4,4,5,4,5
4,4,5,4,5
4,4,5,4,5
4,4,5,4,5
4,4,5,4,5
4,4,5,4,5
4,4,5,4,5
4,4,5,4,5
4,4,5,4,5
4,4,5,4,5
4,4,5,4,5
4,4,5,4,5
4,4,5,4,5
4,4,5,4,5
4,4,5,4,5
4,4,5,4,5
4,4,5,4,5
4,4,5,4,5
4,4,5,4,5
4,4,5,4,5
4,4,5,4,5
4,4,5,4,5
4,4,5,4,5
4,4,5,4,5
4,4,5,4,5
4,4,5,4,5
4,4,5,4,5
4,4,5,4,5
4,4,5,4,5
4,4,5,4,5
4,4,5,4,5
4,4,5,4,5
4,4,5,4,5
4,4,5,4,5
4,4,5,4,5
4,4,5,4,5
4,4,5,4,5
4,4,5,4,5
4,4,5,4,5
4,4,5,4,5
4,4,5,4,5
4,4,5,4,5
4,4,5,4,5
4,4,5,4,5
4,4,5,4,5
4,4,5,4,5
4,4,5,4,5
4,4,5,4,5
4,4,5,4,5
4,4,5,4,5
4,4,5,4,5
4,4,5,4,5
4,4,5,4,5
4,4,5,4,5
4,4,5,4,5
4,4,5,4,5
4,4,5,4,5
4,4,5,4,5
4,4,5,4,5
4,4,5,4,5
4,4,5,4,5
4,4,5,4,5
4,4,5,4,5
4,4,5,4,5
4,4,5,4,5
4,4,5,4,5
4,4,5,4,5
4,4,5,4,5
4,4,5,4,5
4,4,5,4,5
4,4,5,4,5
4,4,5,4,5
4,4,5,4,5
4,4,5,4,5
4,4,5,4,5
4,4,5,4,5
4,4,5,4,5
5,4,5,4,5
5,4,5,4,5
5,4,5,4,5
5,4,5,4,5
5,2,5,4,5
5,2,5,4,5
5,2,5,4,5
5,2,5,4,5
5,2,5,4,5
5,2,5,4,5
5,2,5,4,5
5,2,5,4,5
5,2,5,4,5
5,2,5,4,5
5,2,5,4,5
5,2,5,4,5
5,2,5,4,5
5,2,5,4,5
5,2,5,4,5
5,2,5,4,5
5,2,5,4,5
5,2,5,4,5
5,2,5,4,5
5,2,5,4,5
5,2,5,4,5
5,2,5,4,5
5,2,5,4,5
5,2,5,4,5
5,2,5,4,5
5,2,5,4,5
5,2,5,4,5
5,2,5,4,5
5,2,5,4,5
5,2,5,4,5
5,2,5,4,5
5,2,5,4,5
5,2,5,4,5
5,2,5,4,5
5,2,5,4,5
5,2,5,4,5
5,2,5,4,5
5,2,5,4,5
5,2,5,4,5
5,2,5,4,5
5,2,5,4,5
5,2,5,4,5
5,2,5,4,5
5,2,5,4,5
5,2,5,4,5
5,2,5,4,5
5,2,5,4,5
5,2,5,4,5
5,2,5,4,5
5,2,5,4,5
5,2,5,4,5
5,2,5,4,5
5,2,5,4,5
5,2,5,4,5
5,2,5,4,5
5,2,5,4,5
5,2,5,4,5
5,2,5,4,5
5,2,5,4,5
5,2,5,4,5
5,2,5,4,5
5,2,5,4,5
5,2,5,4,5
5,2,5,4,5
5,2,5,4,5
5,2,5,4,5
5,2,5,4,5
5,2,5,4,5
5,2,5,4,5
5,2,5,4,5
5,2,5,4,5
5,2,5,4,5
5,2,5,4,5
5,2,5,4,5
5,2,5,4,5
5,2,5,4,5
5,2,5,4,5
5,2,5,4,5
5,2,5,4,5
5,2,5,4,5
5,2,6,5,6
5,2,6,5,6
5,2,6,5,6
5,2,6,5,6
5,2,6,5,6
5,2,6,5,6
5,2,6,5,6
5,2,6,5,6
5,2,6,5,6
5,2,6,5,6
5,2,6,5,6
5,2,6,5,6
5,2,6,5,6
5,2,6,5,6
5,2,6,5,6
5,2,6,5,6
5,2,6,5,6
5,2,6,5,6
5,2,6,5,6
5,2,6,5,6
5,2,6,5,6
5,2,6,5,6
5,2,6,5,6
5,2,6,5,6
5,2,6,5,6
5,2,6,5,6
5,2,6,5,6
5,2,6,5,6
5,2,6,5,6
5,2,6,5,6
5,2,6,5,6
5,2,6,5,6
5,2,6,5,6
5,2,6,5,6
5,2,6,5,6
5,2,6,5,6
5,2,6,5,6
5,2,6,5,6
5,2,6,5,6
5,2,6,5,6
5,2,6,5,6
5,2,6,5,6
5,2,6,5,6
5,2,6,5,6
5,2,6,5,6
5,2,6,5,6
5,2,6,5,6
5,2,6,5,6
5,2,6,5,6
5,2,6,5,6
5,2,6,5,6
5,2,6,5,6
5,2,6,5,6
5,2,6,5,6
5,2,6,5,6
5,2,6,5,6
5,2,6,5,6
5,2,6,5,6
5,2,6,5,6
5,2,6,5,6
5,2,6,5,6
5,2,6,5,6
5,2,6,5,6
5,2,6,5,6
5,2,6,5,6
5,2,6,5,6
5,2,6,5,6
5,2,6,5,6
5,2,6,5,6
5,2,6,5,6
5,2,6,5,6
5,2,6,5,6
5,2,6,5,6
5,2,6,5,6
5,2,6,5,6
5,2,6,5,6
5,2,6,5,6
5,2,6,5,6
5,2,6,5,6
5,2,6,5,6
5,2,6,5,6
5,2,6,5,6
5,2,6,5,6
5,2,6,5,6
5,2,6,5,6
5,2,6,5,6
5,2,6,5,6
5,2,6,5,6
5,2,6,5,6
5,2,6,5,6
5,2,6,5,6
5,2,6,5,6
5,2,6,5,6
5,2,6,5,6
5,2,6,5,6
5,2,6,5,6
5,2,6,5,6
5,2,6,5,6
5,2,6,5,6
5,2,6,5,6
5,2,6,5,6
5,2,6,5,6
5,2,6,5,6
5,2,6,5,6
5,2,6,5,6
5,2,6,5,6
5,2,6,5,6
5,2,6,5,6
5,2,6,5,6
5,2,6,5,6
5,2,6,5,6
5,2,6,5,6
5,2,6,5,6
5,2,6,5,6
5,2,6,5,6
5,2,6,5,6
5,2,6,5,6
5,2,6,5,6
5,2,6,5,6
5,2,6,5,6
5,2,6,5,6
5,2,6,5,6
5,2,6,5,6
5,2,6,5,6
5,2,6,5,6
5,2,6,5,6
5,2,6,5,6
5,2,6,5,6
5,2,6,5,6
5,2,6,5,6
5,2,6,5,6
5,2,6,5,6
5,2,6,5,6
5,2,6,5,6
5,2,6,5,6
5,2,6,5,6
5,2,6,5,6
5,2,6,5,6
5,2,6,5,6
5,2,6,5,6
5,2,6,5,6
5,2,6,5,6
5,2,6,5,6
5,2,6,5,6
5,2,6,5,6
5,2,6,5,6
5,2,6,5,6
5,2,6,5,6
5,2,6,5,6
5,2,6,5,6
5,2,6,5,6
5,2,6,5,6
5,2,6,5,6
5,2,6,5,6
5,2,6,5,6
5,2,6,5,6
5,2,6,5,6
5,2,6,5,6
5,2,6,5,6
5,2,6,5,6
5,2,6,5,6
5,2,6,5,6
5,2,6,5,6
5,2,6,5,6
5,2,6,5,6
5,2,6,5,6
5,2,6,5,6
5,2,6,5,6
5,2,6,5,6
5,2,6,5,6
5,2,6,5,6
5,2,6,5,6
5,2,6,5,6
5,2,6,5,6
5,2,6,5,6
5,2,6,5,6
5,2,6,5,6
5,2,6,5,6
5,2,6,5,6
5,2,6,5,6
5,2,6,5,6
5,2,6,5,6
5,2,6,5,6
5,2,6,5,6
5,2,6,5,6
5,2,6,5,6
5,2,6,5,6
5,2,6,5,6
5,2,6,5,6
5,2,6,5,6
5,2,6,5,6
5,2,6,5,6
5,2,6,5,6
5,2,6,5,6
5,2,6,5,6
5,2,6,5,6
5,2,6,5,6
5,2,6,5,6
5,2,6,5,6
5,2,6,5,6
5,2,6,5,6
5,2,6,5,6
5,2,6,5,6
5,2,6,5,6
5,2,6,5,6
5,2,6,5,6
5,2,6,5,6
5,2,6,5,6
5,2,6,5,6
5,2,6,5,6
5,2,6,5,6
5,2,6,5,6
5,2,6,5,6
5,2,6,5,6
5,2,6,5,6
5,2,6,5,6
5,2,6,5,6
5,2,6,5,6
5,2,6,5,6
5,2,6,5,6
5,2,6,5,6
5,2,6,5,6
5,2,6,5,6
5,2,6,5,6
5,2,6,5,6
5,2,6,5,6
5,2,6,5,6
5,2,6,5,6
5,2,6,5,6
5,2,6,5,6
5,2,6,5,6
5,2,6,5,6
5,2,6,5,6
5,2,6,5,6
5,2,6,5,6
5,2,6,5,6
5,2,6,5,6
5,2,6,5,6
5,2,6,5,6
5,2,6,5,6
5,2,6,5,6
5,2,6,5,6
5,2,6,5,6
5,2,6,5,6
5,2,6,5,6
5,2,6,5,6
5,2,6,5,6
5,2,6,5,6
5,2,6,5,6
5,2,6,5,6
5,2,6,5,6
5,2,6,5,6
5,2,6,5,6
5,2,6,5,6
5,2,6,5,6
5,2,6,5,6
5,2,6,5,6
5,2,6,5,6
5,2,6,5,6
5,2,6,5,6
5,2,6,5,6
5,2,6,5,6
5,2,6,5,6
5,2,6,5,6
5,2,6,5,6
5,2,6,5,6
5,2,6,5,6
5,2,6,5,6
5,2,6,5,6
5,2,6,5,6
5,2,6,5,6
5,2,6,5,6
5,2,6,5,6
5,2,6,5,6
5,2,6,5,6
5,2,6,5,6
5,2,6,5,6
5,2,6,5,6
5,2,6,5,6
5,2,6,5,6
5,2,6,5,6
5,2,6,5,6
5,2,6,5,6
5,2,6,5,6
5,2,6,5,6
5,2,6,5,6
5,2,6,5,6
5,2,6,5,6
5,2,6,5,6
5,2,6,5,6
5,2,6,5,6
5,2,6,5,6
5,2,6,5,6
5,2,6,5,6
5,2,6,5,6
5,2,6,5,6
5,2,6,5,6
5,2,6,5,6
5,2,6,5,6
5,2,6,5,6
5,2,6,5,6
5,2,6,5,6
5,2,6,5,6
5,2,6,5,6
5,2,6,5,6
5,2,6,5,6
5,2,6,5,6
5,2,6,5,6
5,2,6,5,6
5,2,6,5,6
5,2,6,5,6
5,2,6,5,6
5,2,6,5,6
5,2,6,5,6
5,2,6,5,6
5,2,6,5,6
5,2,6,5,6
5,2,6,5,6
5,2,6,5,6
5,2,6,5,6
5,2,6,5,6
5,2,6,5,6
5,2,6,5,6
5,2,6,5,6
5,2,6,5,6
5,2,6,5,6
5,2,6,5,6
5,2,6,5,6
5,2,6,5,6
5,2,6,5,6
5,2,6,5,6
5,2,6,5,6
5,2,6,5,6
5,2,6,5,6
5,2,6,5,6
5,2,6,5,6
5,2,6,5,6
5,2,6,5,6
5,2,6,5,6
5,2,6,5,6
5,2,6,5,6
5,2,6,5,6
5,2,6,5,6
5,2,6,5,6
5,2,6,5,6
5,2,6,5,6
5,2,6,5,6
5,2,6,5,6
5,2,6,5,6
5,2,6,5,6
5,2,6,5,6
5,2,6,5,6
5,2,6,5,6
5,2,6,5,6
5,2,6,5,6
5,2,6,5,6
5,2,6,5,6
5,2,6,5,6
5,2,6,5,6
5,2,6,5,6
5,2,6,5,6
5,2,6,5,6
5,2,6,5,6
5,2,6,5,6
5,2,6,5,6
5,2,6,5,6
5,2,6,5,6
5,2,6,5,6
5,2,6,5,6
5,2,6,5,6
5,2,6,5,6
5,2,6,5,6
5,2,6,5,6
5,2,6,5,6
5,2,6,5,6
5,2,6,5,6
5,2,6,5,6
5,2,6,5,6
5,2,6,5,6
5,2,6,5,6
5,2,6,5,6
5,2,6,5,6
5,2,6,5,6
5,2,6,5,6
5,2,6,5,6
5,2,6,5,6
5,2,6,5,6
5,2,6,5,6
5,2,6,5,6
5,2,6,5,6
5,2,6,5,6
5,2,6,5,6
5,2,6,5,6
5,2,6,5,6
5,2,6,5,6
5,2,6,5,6
5,2,6,5,6
5,2,6,5,6
5,2,6,5,6
5,2,6,5,6
5,2,6,5,6
5,2,6,5,6
5,2,6,5,6
5,2,6,5,6
5,2,6,5,6
5,2,6,5,6
5,2,6,5,6
5,2,6,5,6
5,2,6,5,6
5,2,6,5,6
5,2,6,5,6
5,2,6,5,6
5,2,6,5,6
5,2,6,5,6
5,2,6,5,6
5,2,6,5,6
5,2,6,5,6
5,2,6,5,6
5,2,6,5,6
5,2,6,5,6
5,2,6,5,6
5,2,6,5,6
5,2,6,5,6
5,2,6,5,6
5,2,6,5,6
5,2,6,5,6
5,2,6,5,6
5,2,6,5,6
5,2,6,5,6
5,2,6,5,6
5,2,6,5,6
5,2,6,5,6
5,2,6,5,6
5,2,6,5,6
5,2,6,5,6
5,2,6,5,6
5,2,6,5,6
5,2,6,5,6
5,2,6,5,6
5,2,6,5,6
5,2,6,5,6
5,2,6,5,6
5,2,6,5,6
5,2,6,5,6
5,2,6,5,6
5,2,6,5,6
5,2,6,5,6
5,2,6,5,6
5,2,6,5,6
5,2,6,5,6
5,2,6,5,6
5,2,6,5,6
5,2,6,5,6
5,2,6,5,6
5,2,6,5,6
5,2,6,5,6
5,2,6,5,6
5,2,6,5,6
5,2,6,5,6
5,2,6,5,6
5,2,6,5,6
5,2,6,5,6
5,2,6,5,6
5,2,6,5,6
5,2,6,5,6
5,2,6,5,6
5,2,6,5,6
5,2,6,5,6
5,2,6,5,6
5,2,6,5,6
5,2,6,5,6
5,2,6,5,6
5,2,6,5,6
5,2,6,5,6
5,2,6,5,6
5,2,6,5,6
5,2,6,5,6
5,2,6,5,6
5,2,6,5,6
5,2,6,5,6
5,2,6,5,6
5,2,6,5,6
5,2,6,5,6
5,2,6,5,6
5,2,6,5,6
5,2,6,5,6
5,2,6,5,6
5,2,6,5,6
5,2,6,5,6
5,2,6,5,6
5,2,6,5,6
5,2,6,5,6
5,2,6,5,6
5,2,6,5,6
5,2,6,5,6
5,2,6,5,6
5,2,6,5,6
5,2,6,5,6
5,2,6,5,6
5,2,6,5,6
5,2,6,5,6
5,2,6,5,6
5,2,6,5,6
5,2,6,5,6
5,2,6,5,6
5,2,6,5,6
5,2,6,5,6
5,2,6,5,6
5,2,6,5,6
5,2,6,5,6
5,2,6,5,6
5,2,6,5,6
5,2,6,5,6
5,2,6,5,6
5,2,6,5,6
5,2,6,5,6
5,2,6,5,6
5,2,6,5,6
5,2,6,5,6
5,2,6,5,6
5,2,6,5,6
5,2,6,5,6
5,2,6,5,6
5,2,6,5,6
5,2,6,5,6
5,2,6,5,6
5,2,6,5,6
5,2,6,5,6
5,2,6,5,6
5,2,6,5,6
5,2,6,5,6
5,2,6,5,6
5,2,6,5,6
5,2,6,5,6
5,2,6,5,6
5,2,6,5,6
5,2,6,5,6
5,2,6,5,6
5,2,6,5,6
5,2,6,5,6
5,2,6,5,6
5,2,6,5,6
5,2,6,5,6
5,2,6,5,6
5,2,6,5,6
5,2,6,5,6
5,2,6,5,6
5,2,6,5,6
5,2,6,5,6
5,2,6,5,6
5,2,6,5,6
5,2,6,5,6
5,2,6,5,6
5,2,6,5,6
5,2,6,5,6
5,2,6,5,6
5,2,6,5,6
5,2,6,5,6
5,2,6,5,6
5,2,6,5,6
5,2,6,5,6
5,2,6,5,6
5,2,6,5,6
5,2,6,5,6
5,2,6,5,6
5,2,6,5,6
5,2,6,5,6
5,2,6,5,6
5,2,6,5,6
5,2,6,5,6
5,2,6,5,6
5,2,6,5,6
5,2,6,5,6
5,2,6,5,6
5,2,6,5,6
5,2,6,5,6
5,2,6,5,6
5,2,6,5,6
5,2,6,5,6
5,2,6,5,6
5,2,6,5,6
5,2,6,5,6
5,2,6,5,6
5,2,6,5,6
5,2,6,5,6
5,2,6,5,6
5,2,6,5,6
5,2,6,5,6
5,2,6,5,6
5,2,6,5,6
5,2,6,5,6
5,2,6,5,6
5,2,6,5,6
5,2,6,5,6
5,2,6,5,6
5,2,6,5,6
5,2,6,5,6
5,2,6,5,6
5,2,6,5,6
5,2,6,5,6
5,2,6,5,6
5,2,6,5,6
5,2,6,5,6
5,2,6,5,6
5,2,6,5,6
5,2,6,5,6
5,2,6,5,6
5,2,6,5,6
5,2,6,5,6
5,2,6,5,6
5,2,6,5,6
5,2,6,5,6
5,2,6,5,6
5,2,6,5,6
5,2,6,5,6
5,2,6,5,6
5,2,6,5,6
5,2,6,5,6
5,2,6,5,6
5,2,6,5,6
5,2,6,5,6
5,2,6,5,6
5,2,6,5,6
5,2,6,5,6
5,2,6,5,6
5,2,6,5,6
5,2,6,5,6
5,2,6,5,6
5,2,6,5,6
5,2,6,5,6
5,2,6,5,6
5,2,6,5,6
5,2,6,5,6
5,2,6,5,6
5,2,6,5,6
5,2,6,5,6
5,2,6,5,6
5,2,6,5,6
5,2,6,5,6
5,2,6,5,6
5,2,6,5,6
5,2,6,5,6
5,2,6,5,6
5,2,6,5,6
5,2,6,5,6
5,2,6,5,6
5,2,6,5,6
5,2,6,5,6
5,2,6,5,6
5,2,6,5,6
5,2,6,5,6
5,2,6,5,6
5,2,6,5,6
5,2,6,5,6
5,2,6,5,6
5,2,6,5,6
5,2,6,5,6
5,2,6,5,6
5,2,6,5,6
5,2,6,5,6
5,2,6,5,6
5,2,6,5,6
5,2,6,5,6
5,2,6,5,6
5,2,6,5,6
5,2,6,5,6
5,2,6,5,6
5,2,6,5,6
5,2,6,5,6
5,2,6,5,6
5,2,6,5,6
5,2,6,5,6
5,2,6,5,6
5,2,6,5,6
5,2,6,5,6
5,2,6,5,6
5,2,6,5,6
5,2,6,5,6
5,2,6,5,6
5,2,6,5,6
5,2,6,5,6
5,2,6,5,6
5,2,6,5,6
5,2,6,5,6
5,2,6,5,6
5,2,6,5,6
5,2,6,5,6
5,2,6,5,6
5,2,6,5,6
5,2,6,5,6
5,2,6,5,6
5,2,6,5,6
5,2,6,5,6
5,2,6,5,6
5,2,6,5,6
5,2,6,5,6
5,2,6,5,6
5,2,6,5,6
5,2,6,5,6
5,2,6,5,6
5,2,6,5,6
5,2,6,5,6
5,2,6,5,6
5,2,6,5,6
5,2,6,5,6
5,2,6,5,6
5,2,6,5,6
5,2,6,5,6
5,2,6,5,6
5,2,6,5,6
5,2,6,5,6
5,2,6,5,6
5,2,6,5,6
5,2,6,5,6
5,2,6,5,6
5,2,6,5,6
5,2,6,5,6
5,2,6,5,6
5,2,6,5,6
5,2,6,5,6
5,2,6,5,6
5,2,6,5,6
5,2,6,5,6
5,2,6,5,6
5,2,6,5,6
5,2,6,5,6
6,2,6,5,6
6,2,6,5,6
6,2,6,5,6
6,2,6,5,6
6,2,6,5,6
6,2,6,5,6
6,2,7,6,7
6,2,7,6,7
6,2,7,6,7
6,2,7,6,7
6,5,7,6,7
6,5,7,6,7
6,5,7,6,7
6,5,7,6,7
6,5,7,6,7
6,5,7,6,7
6,5,7,6,7
6,5,7,6,7
6,5,7,6,7
6,5,7,6,7
6,5,7,6,7
6,5,7,6,7
6,5,7,6,7
6,5,7,6,7
6,5,7,6,7
6,5,7,6,7
6,5,7,6,7
6,5,7,6,7
6,5,7,6,7
6,5,7,6,7
6,5,7,6,7
6,5,7,6,7
6,5,7,6,7
6,5,7,6,7
6,5,7,6,7
6,5,7,6,7
6,5,7,6,7
6,5,7,6,7
6,5,7,6,7
6,5,7,6,7
6,5,7,6,7
6,5,7,6,7
6,5,7,6,7
6,5,7,6,7
6,5,7,6,7
6,5,7,6,7
6,5,7,6,7
6,5,7,6,7
6,5,7,6,7
6,5,7,6,7
6,5,7,6,7
6,5,7,6,7
6,5,7,6,7
6,5,7,6,7
6,5,7,6,7
6,5,7,6,7
6,5,7,6,7
6,5,7,6,7
6,5,7,6,7
6,5,7,6,7
6,5,7,6,7
6,5,7,6,7
6,5,7,6,7
6,5,7,6,7
6,5,7,6,7
6,5,7,6,7
6,5,7,6,7
6,5,7,6,7
6,5,7,6,7
6,5,7,6,7
6,5,7,6,7
6,5,7,6,7
6,5,7,6,7
6,5,7,6,7
6,5,7,6,7
6,5,7,6,7
6,5,7,6,7
6,5,7,6,7
6,5,7,6,7
6,5,7,6,7
6,5,7,6,7
6,5,7,6,7
6,5,7,6,7
6,5,7,6,7
6,5,7,6,7
6,5,7,6,7
6,5,7,6,7
6,5,7,6,7
6,5,7,6,7
6,5,7,6,7
6,5,7,6,7
6,5,7,6,7
6,5,7,6,7
6,5,7,6,7
6,5,7,6,7
6,5,7,6,7
6,5,7,6,7
6,5,7,6,7
6,5,7,6,7
6,5,7,6,7
6,5,7,6,7
6,5,7,6,7
6,5,7,6,7
6,5,7,6,7
6,5,7,6,7
6,5,7,6,7
6,5,7,6,7
6,5,7,6,7
6,5,7,6,7
6,5,7,6,7
6,5,7,6,7
6,5,7,6,7
6,5,7,6,7
6,5,7,6,7
6,5,7,6,7
6,5,7,6,7
6,5,7,6,7
6,5,7,6,7
6,5,7,6,7
6,5,7,6,7
6,5,7,6,7
6,5,7,6,7
6,5,7,6,7
6,5,7,6,7
6,5,7,6,7
6,5,7,6,7
6,5,7,6,7
6,5,7,6,7
6,5,7,6,7
6,5,7,6,7
6,5,7,6,7
6,5,7,6,7
6,5,7,6,7
6,5,7,6,7
6,5,7,6,7
6,5,7,6,7
6,5,7,6,7
6,5,7,6,7
6,5,7,6,7
6,5,7,6,7
6,5,7,6,7
6,5,7,6,7
6,5,7,6,7
6,5,7,6,7
6,5,7,6,7
6,5,7,6,7
6,5,7,6,7
6,5,7,6,7
6,5,7,6,7
6,5,7,6,7
6,5,7,6,7
6,5,7,6,7
6,5,7,6,7
6,5,7,6,7
6,5,7,6,7
6,5,7,6,7
6,5,7,6,7
6,5,7,6,7
6,5,7,6,7
6,5,7,6,7
6,5,7,6,7
6,5,7,6,7
6,5,7,6,7
6,5,7,6,7
6,5,7,6,7
6,5,7,6,7
6,5,7,6,7
6,5,7,6,7
6,5,7,6,7
6,5,7,6,7
6,5,7,6,7
6,5,7,6,7
6,5,7,6,7
6,5,7,6,7
6,5,7,6,7
6,5,7,6,7
6,5,7,6,7
6,5,7,6,7
6,5,7,6,7
6,5,7,6,7
6,5,7,6,7
6,5,7,6,7
6,5,7,6,7
6,5,7,6,7
6,5,7,6,7
6,5,7,6,7
6,5,7,6,7
6,5,7,6,7
6,5,7,6,7
6,5,7,6,7
6,5,7,6,7
6,5,7,6,7
6,5,7,6,7
6,5,7,6,7
6,5,7,6,7
6,5,7,6,7
6,5,7,6,7
6,5,7,6,7
6,5,7,6,7
6,5,7,6,7
6,5,7,6,7
6,5,7,6,7
6,5,7,6,7
6,5,7,6,7
6,5,7,6,7
6,5,7,6,7
6,5,7,6,7
6,5,7,6,7
6,5,7,6,7
6,5,7,6,7
6,5,7,6,7
6,5,7,6,7
6,5,7,6,7
6,5,7,6,7
6,5,7,6,7
6,5,7,6,7
6,5,7,6,7
6,5,7,6,7
6,5,7,6,7
6,5,7,6,7
6,5,7,6,7
6,5,7,6,7
6,5,7,6,7
6,5,7,6,7
6,5,7,6,7
6,5,7,6,7
6,5,7,6,7
6,5,7,6,7
6,5,7,6,7
6,5,7,6,7
6,5,7,6,7
6,5,7,6,7
6,5,7,6,7
6,5,7,6,7
6,5,7,6,7
6,5,7,6,7
6,5,7,6,7
6,5,7,6,7
6,5,7,6,7
6,5,7,6,7
6,5,7,6,7
6,5,7,6,7
6,5,7,6,7
6,5,7,6,7
6,5,7,6,7
6,5,7,6,7
6,5,7,6,7
6,5,7,6,7
6,5,7,6,7
6,5,7,6,7
6,5,7,6,7
6,5,7,6,7
6,5,7,6,7
6,5,7,6,7
6,5,7,6,7
6,5,7,6,7
6,5,7,6,7
6,5,7,6,7
6,5,7,6,7
6,5,7,6,7
6,5,7,6,7
6,5,7,6,7
6,5,7,6,7
6,5,7,6,7
6,5,7,6,7
6,5,7,6,7
6,5,7,6,7
6,5,7,6,7
6,5,7,6,7
6,5,7,6,7
6,5,7,6,7
6,5,7,6,7
6,5,7,6,7
6,5,7,6,7
6,5,7,6,7
6,5,7,6,7
6,5,7,6,7
6,5,7,6,7
6,5,7,6,7
6,5,7,6,7
6,5,7,6,7
6,5,7,6,7
6,5,7,6,7
6,5,7,6,7
6,5,7,6,7
6,5,7,6,7
6,5,7,6,7
6,5,7,6,7
6,5,7,6,7
6,5,7,6,7
6,5,7,6,7
6,5,7,6,7
6,5,7,6,7
6,5,7,6,7
6,5,7,6,7
6,5,7,6,7
6,5,7,6,7
6,5,7,6,7
6,5,7,6,7
6,5,7,6,7
6,5,7,6,7
6,5,7,6,7
6,5,7,6,7
6,5,7,6,7
6,5,7,6,7
6,5,7,6,7
6,5,7,6,7
6,5,7,6,7
6,5,7,6,7
6,5,7,6,7
6,5,7,6,7
6,5,7,6,7
6,5,7,6,7
6,5,7,6,7
6,5,7,6,7
6,5,7,6,7
6,5,7,6,7
6,5,7,6,7
6,5,7,6,7
6,5,7,6,7
6,5,7,6,7
6,5,7,6,7
6,5,7,6,7
6,5,7,6,7
6,5,7,6,7
6,5,7,6,7
6,5,7,6,7
6,5,7,6,7
6,5,7,6,7
6,5,7,6,7
6,5,7,6,7
6,5,7,6,7
6,5,7,6,7
6,5,7,6,7
6,5,7,6,7
6,5,7,6,7
6,5,7,6,7
6,5,7,6,7
6,5,7,6,7
6,5,7,6,7
6,5,7,6,7
6,5,7,6,7
6,5,7,6,7
6,5,7,6,7
6,5,7,6,7
6,5,7,6,7
6,5,7,6,7
6,5,7,6,7
6,5,7,6,7
6,5,7,6,7
6,5,7,6,7
6,5,7,6,7
6,5,7,6,7
6,5,7,6,7
6,5,7,6,7
6,5,7,6,7
6,5,7,6,7
6,5,7,6,7
6,5,7,6,7
6,5,7,6,7
6,5,7,6,7
6,5,7,6,7
6,5,7,6,7
6,5,7,6,7
6,5,7,6,7
6,5,7,6,7
6,5,7,6,7
6,5,7,6,7
6,5,7,6,7
6,5,7,6,7
6,5,7,6,7
6,5,7,6,7
6,5,7,6,7
6,5,7,6,7
6,5,7,6,7
6,5,7,6,7
6,5,7,6,7
6,5,7,6,7
6,5,7,6,7
6,5,7,6,7
6,5,7,6,7
6,5,7,6,7
6,5,7,6,7
6,5,7,6,7
6,5,7,6,7
6,5,7,6,7
6,5,7,6,7
6,5,7,6,7
6,5,7,6,7
6,5,7,6,7
6,5,7,6,7
6,5,7,6,7
6,5,7,6,7
6,5,7,6,7
6,5,7,6,7
6,5,7,6,7
6,5,7,6,7
6,5,7,6,7
6,5,7,6,7
6,5,7,6,7
6,5,7,6,7
6,5,7,6,7
6,5,7,6,7
6,5,7,6,7
6,5,7,6,7
6,5,7,6,7
6,5,7,6,7
6,5,7,6,7
6,5,7,6,7
6,5,7,6,7
6,5,7,6,7
6,5,7,6,7
6,5,7,6,7
6,5,7,6,7
6,5,7,6,7
6,5,7,6,7
6,5,7,6,7
6,5,7,6,7
6,5,7,6,7
6,5,7,6,7
6,5,7,6,7
6,5,7,6,7
6,5,7,6,7
6,5,7,6,7
6,5,7,6,7
6,5,7,6,7
6,5,7,6,7
6,5,7,6,7
6,5,7,6,7
6,5,7,6,7
6,5,7,6,7
6,5,7,6,7
6,5,7,6,7
6,5,7,6,7
6,5,7,6,7
6,5,7,6,7
6,5,7,6,7
6,5,7,6,7
6,5,7,6,7
6,5,7,6,7
6,5,7,6,7
6,5,7,6,7
6,5,7,6,7
6,5,7,6,7
6,5,7,6,7
6,5,7,6,7
6,5,7,6,7
6,5,7,6,7
6,5,7,6,7
6,5,7,6,7
6,5,7,6,7
6,5,7,6,7
6,5,7,6,7
6,5,7,6,7
6,5,7,6,7
6,5,7,6,7
6,5,7,6,7
6,5,7,6,7
6,5,7,6,7
6,5,7,6,7
6,5,7,6,7
6,5,7,6,7
6,5,7,6,7
6,5,7,6,7
6,5,7,6,7
6,5,7,6,7
6,5,7,6,7
6,5,7,6,7
6,5,7,6,7
6,5,7,6,7
6,5,7,6,7
6,5,7,6,7
6,5,7,6,7
6,5,7,6,7
6,5,7,6,7
6,5,7,6,7
6,5,7,6,7
6,5,7,6,7
6,5,7,6,7
6,5,7,6,7
6,5,7,6,7
6,5,7,6,7
6,5,7,6,7
6,5,7,6,7
6,5,7,6,7
6,5,7,6,7
6,5,7,6,7
6,5,7,6,7
6,5,7,6,7
6,5,7,6,7
6,5,7,6,7
6,5,7,6,7
6,5,7,6,7
6,5,7,6,7
6,5,7,6,7
6,5,7,6,7
6,5,7,6,7
6,5,7,6,7
6,5,7,6,7
6,5,7,6,7
6,5,7,6,7
6,5,7,6,7
6,5,7,6,7
6,5,7,6,7
6,5,7,6,7
6,5,7,6,7
6,5,7,6,7
6,5,7,6,7
6,5,7,6,7
6,5,7,6,7
6,5,7,6,7
6,5,7,6,7
6,5,7,6,7
6,5,7,6,7
6,5,7,6,7
6,5,7,6,7
6,5,7,6,7
6,5,7,6,7
6,5,7,6,7
6,5,7,6,7
6,5,7,6,7
6,5,7,6,7
6,5,7,6,7
6,5,7,6,7
6,5,7,6,7
6,5,7,6,7
6,5,7,6,7
6,5,7,6,7
6,5,7,6,7
6,5,7,6,7
6,5,7,6,7
6,5,7,6,7
6,5,7,6,7
6,5,7,6,7
6,5,7,6,7
6,5,7,6,7
6,5,7,6,7
6,5,7,6,7
6,5,7,6,7
6,5,7,6,7
6,5,7,6,7
6,5,7,6,7
6,5,7,6,7
6,5,7,6,7
6,5,7,6,7
6,5,7,6,7
6,5,7,6,7
6,5,7,6,7
6,5,7,6,7
6,5,7,6,7
6,5,7,6,7
6,5,7,6,7
6,5,7,6,7
6,5,7,6,7
6,5,7,6,7
6,5,7,6,7
6,5,7,6,7
6,5,7,6,7
6,5,7,6,7
6,5,7,6,7
6,5,7,6,7
6,5,7,6,7
6,5,7,6,7
6,5,7,6,7
6,5,7,6,7
6,5,7,6,7
6,5,7,6,7
6,5,7,6,7
6,5,7,6,7
6,5,7,6,7
6,5,7,6,7
6,5,7,6,7
6,5,7,6,7
6,5,7,6,7
6,5,7,6,7
6,5,7,6,7
6,5,7,6,7
6,5,7,6,7
6,5,7,6,7
6,5,7,6,7
6,5,7,6,7
6,5,7,6,7
6,5,7,6,7
6,5,7,6,7
6,5,7,6,7
6,5,7,6,7
6,5,7,6,7
6,5,7,6,7
6,5,7,6,7
6,5,7,6,7
6,5,7,6,7
6,5,7,6,7
6,5,7,6,7
6,5,7,6,7
6,5,7,6,7
6,5,7,6,7
6,5,7,6,7
6,5,7,6,7
6,5,7,6,7
6,5,7,6,7
6,5,7,6,7
6,5,7,6,7
6,5,7,6,7
6,5,7,6,7
6,5,7,6,7
6,5,7,6,7
6,5,7,6,7
6,5,7,6,7
6,5,7,6,7
6,5,7,6,7
6,5,7,6,7
6,5,7,6,7
6,5,7,6,7
6,5,7,6,7
6,5,7,6,7
6,5,7,6,7
6,5,7,6,7
6,5,7,6,7
6,5,7,6,7
6,5,7,6,7
6,5,7,6,7
6,5,7,6,7
6,5,7,6,7
6,5,7,6,7
6,5,7,6,7
6,5,7,6,7
6,5,7,6,7
6,5,7,6,7
6,5,7,6,7
6,5,7,6,7
6,5,7,6,7
6,5,7,6,7
6,5,7,6,7
6,5,7,6,7
6,5,7,6,7
6,5,7,6,7
6,5,7,6,7
6,5,7,6,7
6,5,7,6,7
6,5,7,6,7
6,5,7,6,7
6,5,7,6,7
6,5,7,6,7
6,5,7,6,7
6,5,7,6,7
6,5,7,6,7
6,5,7,6,7
6,5,7,6,7
6,5,7,6,7
6,5,7,6,7
6,5,7,6,7
6,5,7,6,7
6,5,7,6,7
6,5,7,6,7
6,5,7,6,7
6,5,7,6,7
6,5,7,6,7
6,5,7,6,7
6,5,7,6,7
6,5,7,6,7
6,5,7,6,7
6,5,7,6,7
6,5,7,6,7
6,5,7,6,7
6,5,7,6,7
6,5,7,6,7
6,5,7,6,7
6,5,7,6,7
6,5,7,6,7
6,5,7,6,7
6,5,7,6,7
6,5,7,6,7
6,5,7,6,7
6,5,7,6,7
6,5,7,6,7
6,5,7,6,7
6,5,7,6,7
6,5,7,6,7
6,5,7,6,7
6,5,7,6,7
6,5,7,6,7
6,5,7,6,7
6,5,7,6,7
6,5,7,6,7
6,5,7,6,7
6,5,7,6,7
6,5,7,6,7
6,5,7,6,7
6,5,7,6,7
6,5,7,6,7
6,5,7,6,7
6,5,7,6,7
6,5,7,6,7
6,5,7,6,7
6,5,7,6,7
6,5,7,6,7
6,5,7,6,7
6,5,7,6,7
6,5,7,6,7
6,5,7,6,7
6,5,7,6,7
6,5,7,6,7
6,5,7,6,7
6,5,7,6,7
6,5,7,6,7
6,5,7,6,7
6,5,7,6,7
6,5,7,6,7
6,5,7,6,7
6,5,7,6,7
6,5,7,6,7
6,5,7,6,7
6,5,7,6,7
6,5,7,6,7
6,5,7,6,7
6,5,7,6,7
6,5,7,6,7
6,5,7,6,7
6,5,7,6,7
6,5,7,6,7
6,5,7,6,7
6,5,7,6,7
6,5,7,6,7
6,5,7,6,7
6,5,7,6,7
6,5,7,6,7
6,5,7,6,7
6,5,7,6,7
6,5,7,6,7
6,5,7,6,7
6,5,7,6,7
6,5,7,6,7
6,5,7,6,7
6,5,7,6,7
6,5,7,6,7
6,5,7,6,7
6,5,7,6,7
6,5,7,6,7
6,5,7,6,7
6,5,7,6,7
6,5,7,6,7
6,5,7,6,7
6,5,7,6,7
6,5,7,6,7
6,5,7,6,7
6,5,7,6,7
6,5,7,6,7
6,5,7,6,7
6,5,7,6,7
6,5,7,6,7
6,5,7,6,7
6,5,7,6,7
6,5,7,6,7
6,5,7,6,7
6,5,7,6,7
6,5,7,6,7
6,5,7,6,7
6,5,7,6,7
6,5,7,6,7
6,5,7,6,7
6,5,7,6,7
6,5,7,6,7
6,5,7,6,7
6,5,7,6,7
6,5,7,6,7
6,5,7,6,7
6,5,7,6,7
6,5,7,6,7
6,5,7,6,7
6,5,7,6,7
6,5,7,6,7
6,5,7,6,7
6,5,7,6,7
6,5,7,6,7
6,5,7,6,7
6,5,7,6,7
6,5,7,6,7
6,5,7,6,7
6,5,7,6,7
6,5,7,6,7
6,5,7,6,7
6,5,7,6,7
6,5,7,6,7
6,5,7,6,7
6,5,7,6,7
6,5,7,6,7
6,5,7,6,7
6,5,7,6,7
6,5,7,6,7
6,5,7,6,7
6,5,7,6,7
6,5,7,6,7
6,5,7,6,7
6,5,7,6,7
6,5,7,6,7
6,5,7,6,7
6,5,7,6,7
6,5,7,6,7
6,5,7,6,7
6,5,7,6,7
6,5,7,6,7
6,5,7,6,7
6,5,7,6,7
6,5,7,6,7
6,5,7,6,7
6,5,7,6,7
6,5,7,6,7
6,5,7,6,7
6,5,7,6,7
6,5,7,6,7
6,5,7,6,7
6,5,7,6,7
6,5,7,6,7
6,5,7,6,7
6,5,7,6,7
6,5,7,6,7
6,5,7,6,7
6,5,7,6,7
6,5,7,6,7
6,5,7,6,7
6,5,7,6,7
6,5,7,6,7
6,5,7,6,7
6,5,7,6,7
6,5,7,6,7
6,5,7,6,7
6,5,7,6,7
6,5,7,6,7
6,5,7,6,7
6,5,7,6,7
6,5,7,6,7
6,5,7,6,7
6,5,7,6,7
6,5,7,6,7
6,5,7,6,7
6,5,7,6,7
6,5,7,6,7
6,5,7,6,7
6,5,7,6,7
6,5,7,6,7
6,5,7,6,7
6,5,7,6,7
6,5,7,6,7
6,5,7,6,7
6,5,7,6,7
6,5,7,6,7
6,5,7,6,7
6,5,7,6,7
6,5,7,6,7
6,5,7,6,7
6,5,7,6,7
6,5,7,6,7
6,5,7,6,7
6,5,7,6,7
6,5,7,6,7
6,5,7,6,7
6,5,7,6,7
6,5,7,6,7
6,5,7,6,7
6,5,7,6,7
6,5,7,6,7
6,5,7,6,7
6,5,7,6,7
6,5,7,6,7
6,5,7,6,7
6,5,7,6,7
6,5,7,6,7
6,5,7,6,7
6,5,7,6,7
6,5,7,6,7
6,5,7,6,7
6,5,7,6,7
6,5,7,6,7
6,5,7,6,7
6,5,7,6,7
6,5,7,6,7
6,5,7,6,7
6,5,7,6,7
6,5,7,6,7
6,5,7,6,7
6,5,7,6,7
6,5,7,6,7
6,5,7,6,7
6,5,7,6,7
6,5,7,6,7
6,5,7,6,7
6,5,7,6,7
6,5,7,6,7
6,5,7,6,7
6,5,7,6,7
6,5,7,6,7
6,5,7,6,7
6,5,7,6,7
6,5,7,6,7
6,5,7,6,7
6,5,7,6,7
6,5,7,6,7
6,5,7,6,7
6,5,7,6,7
6,5,7,6,7
6,5,7,6,7
6,5,7,6,7
6,5,7,6,7
6,5,7,6,7
6,5,7,6,7
6,5,7,6,7
6,5,7,6,7
0,5,7,6,7
0,5,7,6,7
0,5,7,6,7
0,5,7,6,7
0,5,7,6,7
0,5,7,6,7
0,5,7,6,7
0,5,7,6,7
0,5,7,6,7
0,5,7,6,7
0,5,7,6,7
0,5,7,6,7
0,5,7,6,7
0,5,7,6,7
0,5,7,6,7
0,5,7,6,7
0,5,7,6,7
0,5,7,6,7
0,5,7,6,7
0,5,7,6,7
0,5,7,6,7
0,5,7,6,7
0,5,7,6,7
0,5,7,6,7
0,5,7,6,7
0,5,7,6,7
0,5,7,6,7
0,5,7,6,7
0,5,7,6,7
0,5,7,6,7
0,5,7,6,7
0,5,7,6,7
0,5,7,6,7
0,5,7,6,7
0,5,7,6,7
0,0,0,0,0
0,0,0,0,0
0,0,0,0,0
0,0,0,0,0
0,0,0,0,0
0,0,0,0,0
0,0,0,0,0
0,0,0,0,0
0,0,0,0,0
0,0,0,0,0
0,0,0,0,0
0,0,0,0,0
0,0,0,0,0
0,0,0,0,0
0,0,0,0,0
0,0,0,0,0
0,0,0,0,0
0,0,0,0,0
0,0,0,0,0
0,0,0,0,0
0,0,0,0,0
0,0,0,0,0
0,0,0,0,0
0,0,0,0,0
0,0,0,0,0
0,0,0,0,0
0,0,0,0,0
0,0,0,0,0
0,0,0,0,0
0,0,0,0,0
0,0,0,0,0
0,0,0,0,0
0,0,0,0,0
0,0,0,0,0
0,0,0,0,0
0,0,0,0,0
0,0,0,0,0
0,0,0,0,0
0,0,0,0,0
0,0,0,0,0
0,0,0,0,0
0,0,0,0,0
0,0,0,0,0
0,0,0,0,0
0,0,0,0,0
0,0,0,0,0
0,0,0,0,0
0,0,0,0,0
0,0,0,0,0
0,0,0,0,0
0,0,0,0,0
0,0,0,0,0
0,0,0,0,0
0,0,0,0,0
0,0,0,0,0
0,0,0,0,0
0,0,0,0,0
0,0,0,0,0
0,0,0,0,0
0,0,0,0,0
0,0,0,0,0
0,0,0,0,0
0,0,0,0,0
0,0,0,0,0
0,0,0,0,0
0,0,0,0,0
0,0,0,0,0
0,0,0,0,0
0,0,0,0,0
0,0,0,0,0
0,0,0,0,0
0,0,0,0,0
0,0,0,0,0
0,0,0,0,0
0,0,0,0,0
0,0,0,0,0
0,0,0,0,0
0,0,0,0,0
0,0,0,0,0
0,0,0,0,0
0,0,0,0,0
0,0,0,0,0
0,0,0,0,0
0,0,0,0,0
0,0,0,0,0
0,0,0,0,0
0,0,0,0,0
0,0,0,0,0
0,0,0,0,0
0,0,0,0,0
0,0,0,0,0
0,0,0,0,0
0,0,0,0,0
0,0,0,0,0
0,0,0,0,0
0,0,0,0,0
0,0,0,0,0
0,0,0,0,0
0,0,0,0,0
0,0,0,0,0
0,0,0,0,0
0,0,0,0,0
0,0,0,0,0
0,0,0,0,0
0,0,0,0,0
0,0,0,0,0
0,0,0,0,0
0,0,0,0,0
0,0,0,0,0
0,0,0,0,0
0,0,0,0,0
0,0,0,0,0
0,0,0,0,0
0,0,0,0,0
0,0,0,0,0
0,0,0,0,0
0,0,0,0,0
0,0,0,0,0
0,0,0,0,0
0,0,0,0,0
0,0,0,0,0
0,0,0,0,0
0,0,0,0,0
0,0,0,0,0
0,0,0,0,0
0,0,0,0,0
0,0,0,0,0
0,0,0,0,0
0,0,0,0,0
0,0,0,0,0
0,0,0,0,0
0,0,0,0,0
0,0,0,0,0
0,0,0,0,0
0,0,0,0,0
0,0,0,0,0
0,0,0,0,0
0,0,0,0,0
0,0,0,0,0
0,0,0,0,0
0,0,0,0,0
0,0,0,0,0
0,0,0,0,0
0,0,0,0,0
0,0,0,0,0
0,0,0,0,0
0,0,0,0,0
0,0,0,0,0
0,0,0,0,0
0,0,0,0,0
0,0,0,0,0
0,0,0,0,0
0,0,0,0,0
0,0,0,0,0
0,0,0,0,0
0,0,0,0,0
0,0,0,0,0
0,0,0,0,0
0,0,0,0,0
0,0,0,0,0
0,0,0,0,0
0,0,0,0,0
0,0,0,0,0
0,0,0,0,0
0,0,0,0,0
0,0,0,0,0
0,0,0,0,0
0,0,0,0,0
0,0,0,0,0
0,0,0,0,0
0,0,0,0,0
0,0,0,0,0
0,0,0,0,0
0,0,0,0,0
0,0,0,0,0
0,0,0,0,0
0,0,0,0,0
0,0,0,0,0
0,0,0,0,0
0,0,0,0,0
0,0,0,0,0
0,0,0,0,0
0,0,0,0,0
0,0,0,0,0
0,0,0,0,0
0,0,0,0,0
0,0,0,0,0
0,0,0,0,0
0,0,0,0,0
0,0,0,0,0
0,0,0,0,0
0,0,0,0,0
0,0,0,0,0
0,0,0,0,0
0,0,0,0,0
0,0,0,0,0
0,0,0,0,0
0,0,0,0,0
0,0,0,0,0
0,0,0,0,0
0,0,0,0,0
0,0,0,0,0
0,0,0,0,0
0,0,0,0,0
0,0,0,0,0
0,0,0,0,0
0,0,0,0,0
0,0,0,0,0
0,0,0,0,0
0,0,0,0,0
0,0,0,0,0
0,0,0,0,0
0,0,0,0,0
0,0,0,0,0
0,0,0,0,0
0,0,0,0,0
0,0,0,0,0
0,0,0,0,0
0,0,0,0,0
0,0,0,0,0
0,0,0,0,0
0,0,0,0,0
0,0,0,0,0
0,0,0,0,0
0,0,0,0,0
0,0,0,0,0
0,0,0,0,0
0,0,0,0,0
0,0,0,0,0
0,0,0,0,0
0,0,0,0,0
0,0,0,0,0
0,0,0,0,0
0,0,0,0,0
0,0,0,0,0
0,0,0,0,0
0,0,0,0,0
0,0,0,0,0
0,0,0,0,0
0,0,0,0,0
0,0,0,0,0
0,0,0,0,0
0,0,0,0,0
0,0,0,0,0
0,0,0,0,0
0,0,0,0,0
0,0,0,0,0
0,0,0,0,0
0,0,0,0,0
0,0,0,0,0
0,0,0,0,0
0,0,0,0,0
0,0,0,0,0
0,0,0,0,0
0,0,0,0,0
0,0,0,0,0
0,0,0,0,0
0,0,0,0,0
0,0,0,0,0
0,0,0,0,0
0,0,0,0,0
0,0,0,0,0
0,0,0,0,0
0,0,0,0,0
0,0,0,0,0
0,0,0,0,0
0,0,0,0,0
0,0,0,0,0
0,0,0,0,0
0,0,0,0,0
0,0,0,0,0
0,0,0,0,0
0,0,0,0,0
0,0,0,0,0
0,0,0,0,0
0,0,0,0,0
0,0,0,0,0
0,0,0,0,0
0,0,0,0,0
0,0,0,0,0
0,0,0,0,0
0,0,0,0,0
0,0,0,0,0
0,0,0,0,0
0,0,0,0,0
0,0,0,0,0
0,0,0,0,0
0,0,0,0,0
0,0,0,0,0
0,0,0,0,0
0,0,0,0,0
0,0,0,0,0
0,0,0,0,0
0,0,0,0,0
0,0,0,0,0
0,0,0,0,0
0,0,0,0,0
0,0,0,0,0
0,0,0,0,0
0,0,0,0,0
0,0,0,0,0
0,0,0,0,0
0,0,0,0,0
0,0,0,0,0
0,0,0,0,0
0,0,0,0,0
0,0,0,0,0
0,0,0,0,0
0,0,0,0,0
0,0,0,0,0
0,0,0,0,0
0,0,0,0,0
0,0,0,0,0
0,0,0,0,0
0,0,0,0,0
0,0,0,0,0
0,0,0,0,0
0,0,0,0,0
0,0,0,0,0
0,0,0,0,0
0,0,0,0,0
0,0,0,0,0
0,0,0,0,0
0,0,0,0,0
0,0,0,0,0
0,0,0,0,0
0,0,0,0,0
0,0,0,0,0
0,0,0,0,0
0,0,0,0,0
0,0,0,0,0
0,0,0,0,0
0,0,0,0,0
0,0,0,0,0
0,0,0,0,0
0,0,0,0,0
0,0,0,0,0
0,0,0,0,0
0,0,0,0,0
0,0,0,0,0
0,0,0,0,0
0,0,0,0,0
0,0,0,0,0
0,0,0,0,0
0,0,0,0,0
0,0,0,0,0
0,0,0,0,0
0,0,0,0,0
0,0,0,0,0
0,0,0,0,0
0,0,0,0,0
0,0,0,0,0
0,0,0,0,0
0,0,0,0,0
0,0,0,0,0
0,0,0,0,0
0,0,0,0,0
0,0,0,0,0
0,0,0,0,0
0,0,0,0,0
0,0,0,0,0
0,0,0,0,0
0,0,0,0,0
0,0,0,0,0
0,0,0,0,0
0,0,0,0,0
0,0,0,0,0
0,0,0,0,0
0,0,0,0,0
0,0,0,0,0
0,0,0,0,0
0,0,0,0,0
0,0,0,0,0
0,0,0,0,0
0,0,0,0,0
0,0,0,0,0
0,0,0,0,0
0,0,0,0,0
0,0,0,0,0
0,0,0,0,0
0,0,0,0,0
0,0,0,0,0
0,0,0,0,0
0,0,0,0,0
0,0,0,0,0
0,0,0,0,0
0,0,0,0,0
0,0,0,0,0
0,0,0,0,0
0,0,0,0,0
0,0,0,0,0
0,0,0,0,0
0,0,0,0,0
0,0,0,0,0
0,0,0,0,0
0,0,0,0,0
0,0,0,0,0
0,0,0,0,0
0,0,0,0,0
0,0,0,0,0
0,0,0,0,0
0,0,0,0,0
0,0,0,0,0
0,0,0,0,0
0,0,0,0,0
0,0,0,0,0
0,0,0,0,0
0,0,0,0,0
0,0,0,0,0
0,0,0,0,0
0,0,0,0,0
0,0,0,0,0
0,0,0,0,0
0,0,0,0,0
0,0,0,0,0
0,0,0,0,0
0,0,0,0,0
0,0,0,0,0
0,0,0,0,0
0,0,0,0,0
0,0,0,0,0
0,0,0,0,0
0,0,0,0,0
0,0,0,0,0
0,0,0,0,0
0,0,0,0,0
0,0,0,0,0
0,0,0,0,0
0,0,0,0,0
0,0,0,0,0
0,0,0,0,0
0,0,0,0,0
0,0,0,0,0
0,0,0,0,0
0,0,0,0,0
0,0,0,0,0
0,0,0,0,0
0,0,0,0,0
0,0,0,0,0
0,0,0,0,0
0,0,0,0,0
0,0,0,0,0
0,0,0,0,0
0,0,0,0,0
0,0,0,0,0
0,0,0,0,0
0,0,0,0,0
0,0,0,0,0
0,0,0,0,0
0,0,0,0,0
0,0,0,0,0
0,0,0,0,0
0,0,0,0,0
0,0,0,0,0
0,0,0,0,0
0,0,0,0,0
0,0,0,0,0
0,0,0,0,0
0,0,0,0,0
0,0,0,0,0
0,0,0,0,0
0,0,0,0,0
0,0,0,0,0
0,0,0,0,0
0,0,0,0,0
0,0,0,0,0
0,0,0,0,0
0,0,0,0,0
0,0,0,0,0
0,0,0,0,0
0,0,0,0,0
0,0,0,0,0
0,0,0,0,0
0,0,0,0,0
0,0,0,0,0
0,0,0,0,0
0,0,0,0,0
0,0,0,0,0
0,0,0,0,0
0,0,0,0,0
0,0,0,0,0
0,0,0,0,0
0,0,0,0,0
0,0,0,0,0
0,0,0,0,0
0,0,0,0,0
0,0,0,0,0
0,0,0,0,0
0,0,0,0,0
0,0,0,0,0
0,0,0,0,0
0,0,0,0,0
0,0,0,0,0
0,0,0,0,0
0,0,0,0,0
0,0,0,0,0
0,0,0,0,0
0,0,0,0,0
0,0,0,0,0
0,0,0,0,0
0,0,0,0,0
0,0,0,0,0
0,0,0,0,0
0,0,0,0,0
0,0,0,0,0
0,0,0,0,0
0,0,0,0,0
0,0,0,0,0
0,0,0,0,0
0,0,0,0,0
0,0,0,0,0
0,0,0,0,0
0,0,0,0,0
0,0,0,0,0
0,0,0,0,0
0,0,0,0,0
0,0,0,0,0
0,0,0,0,0
0,0,0,0,0
0,0,0,0,0
0,0,0,0,0
0,0,0,0,0
0,0,0,0,0
0,0,0,0,0
0,0,0,0,0
0,0,0,0,0
0,0,0,0,0
0,0,0,0,0
0,0,0,0,0
0,0,0,0,0
0,0,0,0,0
0,0,0,0,0
0,0,0,0,0
0,0,0,0,0
0,0,0,0,0
0,0,0,0,0
0,0,0,0,0
0,0,0,0,0
0,0,0,0,0
0,0,0,0,0
0,0,0,0,0
0,0,0,0,0
0,0,0,0,0
0,0,0,0,0
0,0,0,0,0
0,0,0,0,0
0,0,0,0,0
0,0,0,0,0
0,0,0,0,0
0,0,0,0,0
0,0,0,0,0
0,0,0,0,0
0,0,0,0,0
0,0,0,0,0
0,0,0,0,0
0,0,0,0,0
0,0,0,0,0
0,0,0,0,0
0,0,0,0,0
0,0,0,0,0
0,0,0,0,0
0,0,0,0,0
0,0,0,0,0
0,0,0,0,0
0,0,0,0,0
0,0,0,0,0
0,0,0,0,0
0,0,0,0,0
0,0,0,0,0
0,0,0,0,0
0,0,0,0,0
0,0,0,0,0
0,0,0,0,0
0,0,0,0,0
0,0,0,0,0
0,0,0,0,0
0,0,0,0,0
0,0,0,0,0
0,0,0,0,0
0,0,0,0,0
0,0,0,0,0
0,0,0,0,0
0,0,0,0,0
0,0,0,0,0
0,0,0,0,0
0,0,0,0,0
0,0,0,0,0
0,0,0,0,0
0,0,0,0,0
0,0,0,0,0
0,0,0,0,0
0,0,0,0,0
0,0,0,0,0
0,0,0,0,0
0,0,0,0,0
0,0,0,0,0
0,0,0,0,0
0,0,0,0,0
0,0,0,0,0
0,0,0,0,0
0,0,0,0,0
0,0,0,0,0
0,0,0,0,0
0,0,0,0,0
0,0,0,0,0
0,0,0,0,0
0,0,0,0,0
0,0,0,0,0
0,0,0,0,0
0,0,0,0,0
0,0,0,0,0
0,0,0,0,0
0,0,0,0,0
0,0,0,0,0
0,0,0,0,0
0,0,0,0,0
0,0,0,0,0
0,0,0,0,0
0,0,0,0,0
0,0,0,0,0
0,0,0,0,0
0,0,0,0,0
0,0,0,0,0
0,0,0,0,0
0,0,0,0,0
0,0,0,0,0
0,0,0,0,0
0,0,0,0,0
0,0,0,0,0
0,0,0,0,0
0,0,0,0,0
0,0,0,0,0
0,0,0,0,0
0,0,0,0,0
0,0,0,0,0
0,0,0,0,0
0,0,0,0,0
0,0,0,0,0
0,0,0,0,0
0,0,0,0,0
0,0,0,0,0
0,0,0,0,0
0,0,0,0,0
0,0,0,0,0
0,0,0,0,0
0,0,0,0,0
0,0,0,0,0
0,0,0,0,0
0,0,0,0,0
0,0,0,0,0
0,0,0,0,0
0,0,0,0,0
0,0,0,0,0
0,0,0,0,0
0,0,0,0,0
0,0,0,0,0
0,0,0,0,0
0,0,0,0,0
0,0,0,0,0
0,0,0,0,0
0,0,0,0,0
0,0,0,0,0
0,0,0,0,0
0,0,0,0,0
0,0,0,0,0
0,0,0,0,0
0,0,0,0,0
0,0,0,0,0
0,0,0,0,0
0,0,0,0,0
0,0,0,0,0
0,0,0,0,0
0,0,0,0,0
0,0,0,0,0
0,0,0,0,0
0,0,0,0,0
0,0,0,0,0
0,0,0,0,0
0,0,0,0,0
0,0,0,0,0
0,0,0,0,0
0,0,0,0,0
0,0,0,0,0
0,0,0,0,0
0,0,0,0,0
0,0,0,0,0
0,0,0,0,0
0,0,0,0,0
0,0,0,0,0
0,0,0,0,0
0,0,0,0,0
0,0,0,0,0
0,0,0,0,0
0,0,0,0,0
0,0,0,0,0
0,0,0,0,0
0,0,0,0,0
0,0,0,0,0
0,0,0,0,0
0,0,0,0,0
0,0,0,0,0
0,0,0,0,0
0,0,0,0,0
0,0,0,0,0
0,0,0,0,0
0,0,0,0,0
0,0,0,0,0
0,0,0,0,0
0,0,0,0,0
0,0,0,0,0
0,0,0,0,0
0,0,0,0,0
0,0,0,0,0
0,0,0,0,0
0,0,0,0,0
0,0,0,0,0
0,0,0,0,0
0,0,0,0,0
0,0,0,0,0
0,0,0,0,0
0,0,0,0,0
0,0,0,0,0
0,0,0,0,0
0,0,0,0,0
0,0,0,0,0
0,0,0,0,0
0,0,0,0,0
0,0,0,0,0
0,0,0,0,0
0,0,0,0,0
0,0,0,0,0
0,0,0,0,0
0,0,0,0,0
0,0,0,0,0
0,0,0,0,0
0,0,0,0,0
0,0,0,0,0
0,0,0,0,0
0,0,0,0,0
0,0,0,0,0
0,0,0,0,0
0,0,0,0,0
0,0,0,0,0
0,0,0,0,0
0,0,0,0,0
0,0,0,0,0
0,0,0,0,0
0,0,0,0,0
0,0,0,0,0
0,0,0,0,0
0,0,0,0,0
0,0,0,0,0
0,0,0,0,0
0,0,0,0,0
0,0,0,0,0
0,0,0,0,0
0,0,0,0,0
0,0,0,0,0
0,0,0,0,0
0,0,0,0,0
0,0,0,0,0
0,0,0,0,0
0,0,0,0,0
0,0,0,0,0
0,0,0,0,0
0,0,0,0,0
0,0,0,0,0
0,0,0,0,0
0,0,0,0,0
0,0,0,0,0
0,0,0,0,0
0,0,0,0,0
0,0,0,0,0
0,0,0,0,0
0,0,0,0,0
0,0,0,0,0
0,0,0,0,0
0,0,0,0,0
0,0,0,0,0
0,0,0,0,0
0,0,0,0,0
0,0,0,0,0
0,0,0,0,0
0,0,0,0,0
0,0,0,0,0
0,0,0,0,0
0,0,0,0,0
0,0,0,0,0
0,0,0,0,0
0,0,0,0,0
0,0,0,0,0
0,0,0,0,0
0,0,0,0,0
0,0,0,0,0
0,0,0,0,0
0,0,0,0,0
0,0,0,0,0
0,0,0,0,0
0,0,0,0,0
0,0,0,0,0
0,0,0,0,0
0,0,0,0,0
0,0,0,0,0
0,0,0,0,0
0,0,0,0,0
0,0,0,0,0
0,0,0,0,0
0,0,0,0,0
0,0,0,0,0
0,0,0,0,0
0,0,0,0,0
0,0,0,0,0
0,0,0,0,0
0,0,0,0,0
0,0,0,0,0
0,0,0,0,0
0,0,0,0,0
0,0,0,0,0
0,0,0,0,0
0,0,0,0,0
0,0,0,0,0
0,0,0,0,0
0,0,0,0,0
0,0,0,0,0
0,0,0,0,0
0,0,0,0,0
0,0,0,0,0
0,0,0,0,0
0,0,0,0,0
0,0,0,0,0
0,0,0,0,0
0,0,0,0,0
0,0,0,0,0
0,0,0,0,0
0,0,0,0,0
0,0,0,0,0
0,0,0,0,0
0,0,0,0,0
0,0,0,0,0
0,0,0,0,0
0,0,0,0,0
0,0,0,0,0
0,0,0,0,0
0,0,0,0,0
0,0,0,0,0
0,0,0,0,0
0,0,0,0,0
0,0,0,0,0
0,0,0,0,0
0,0,0,0,0
0,0,0,0,0
0,0,0,0,0
0,0,0,0,0
0,0,0,0,0
0,0,0,0,0
0,0,0,0,0
0,0,0,0,0
0,0,0,0,0
0,0,0,0,0
0,0,0,0,0
0,0,0,0,0
0,0,0,0,0
0,0,0,0,0
0,0,0,0,0
0,0,0,0,0
0,0,0,0,0
0,0,0,0,0
0,0,0,0,0
0,0,0,0,0
0,0,0,0,0
0,0,0,0,0
0,0,0,0,0
0,0,0,0,0
0,0,0,0,0
0,0,0,0,0
0,0,0,0,0
0,0,0,0,0
0,0,0,0,0
0,0,0,0,0
0,0,0,0,0
0,0,0,0,0
0,0,0,0,0
0,0,0,0,0
0,0,0,0,0
0,0,0,0,0
0,0,0,0,0
0,0,0,0,0
0,0,0,0,0
0,0,0,0,0
0,0,0,0,0
0,0,0,0,0
0,0,0,0,0
0,0,0,0,0
0,0,0,0,0
0,0,0,0,0
0,0,0,0,0
0,0,0,0,0
0,0,0,0,0
0,0,0,0,0
0,0,0,0,0
0,0,0,0,0
0,0,0,0,0
0,0,0,0,0
0,0,0,0,0
0,0,0,0,0
0,0,0,0,0
0,0,0,0,0
0,0,0,0,0
0,0,0,0,0
0,0,0,0,0
0,0,0,0,0
0,0,0,0,0
0,0,0,0,0
0,0,0,0,0
0,0,0,0,0
0,0,0,0,0
0,0,0,0,0
0,0,0,0,0
0,0,0,0,0
0,0,0,0,0
0,0,0,0,0
0,0,0,0,0
0,0,0,0,0
0,0,0,0,0
0,0,0,0,0
0,0,0,0,0
0,0,0,0,0
0,0,0,0,0
0,0,0,0,0
0,0,0,0,0
0,0,0,0,0
0,0,0,0,0
0,0,0,0,0
0,0,0,0,0
0,0,0,0,0
0,0,0,0,0
0,0,0,0,0
0,0,0,0,0
0,0,0,0,0
0,0,0,0,0
0,0,0,0,0
0,0,0,0,0
0,0,0,0,0
0,0,0,0,0
0,0,0,0,0
0,0,0,0,0
0,0,0,0,0
0,0,0,0,0
0,0,0,0,0
0,0,0,0,0
0,0,0,0,0
0,0,0,0,0
0,0,0,0,0
0,0,0,0,0
0,0,0,0,0
0,0,0,0,0
0,0,0,0,0
0,0,0,0,0
0,0,0,0,0
0,0,0,0,0
0,0,0,0,0
0,0,0,0,0
0,0,0,0,0
0,0,0,0,0
0,0,0,0,0
0,0,0,0,0
0,0,0,0,0
0,0,0,0,0
0,0,0,0,0
0,0,0,0,0
0,0,0,0,0
0,0,0,0,0
0,0,0,0,0
0,0,0,0,0
0,0,0,0,0
0,0,0,0,0
0,0,0,0,0
0,0,0,0,0
0,0,0,0,0
0,0,0,0,0
0,0,0,0,0
0,0,0,0,0
0,0,0,0,0
0,0,0,0,0
0,0,0,0,0
0,0,0,0,0
0,0,0,0,0
0,0,0,0,0
0,0,0,0,0
0,0,0,0,0
0,0,0,0,0
0,0,0,0,0
0,0,0,0,0
0,0,0,0,0
0,0,0,0,0
0,0,0,0,0
0,0,0,0,0
0,0,0,0,0
0,0,0,0,0
0,0,0,0,0
0,0,0,0,0
0,0,0,0,0
0,0,0,0,0
0,0,0,0,0
0,0,0,0,0
0,0,0,0,0
0,0,0,0,0
0,0,0,0,0
0,0,0,0,0
0,0,0,0,0
0,0,0,0,0
0,0,0,0,0
0,0,0,0,0
0,0,0,0,0
0,0,0,0,0
0,0,0,0,0
0,0,0,0,0
0,0,0,0,0
0,0,0,0,0
0,0,0,0,0
0,0,0,0,0
0,0,0,0,0
0,0,0,0,0
0,0,0,0,0
0,0,0,0,0
0,0,0,0,0
0,0,0,0,0
0,0,0,0,0
0,0,0,0,0
0,0,0,0,0
0,0,0,0,0
0,0,0,0,0
0,0,0,0,0
0,0,0,0,0
0,0,0,0,0
0,0,0,0,0
0,0,0,0,0
0,0,0,0,0
0,0,0,0,0
0,0,0,0,0
0,0,0,0,0
0,0,0,0,0
0,0,0,0,0
0,0,0,0,0
0,0,0,0,0
0,0,0,0,0
0,0,0,0,0
0,0,0,0,0
0,0,0,0,0
0,0,0,0,0
0,0,0,0,0
0,0,0,0,0
0,0,0,0,0
0,0,0,0,0
0,0,0,0,0
0,0,0,0,0
0,0,0,0,0
0,0,0,0,0
0,0,0,0,0
0,0,0,0,0
0,0,0,0,0
0,0,0,0,0
0,0,0,0,0
0,0,0,0,0
0,0,0,0,0
0,0,0,0,0
0,0,0,0,0
0,0,0,0,0
0,0,0,0,0
0,0,0,0,0
0,0,0,0,0
0,0,0,0,0
0,0,0,0,0
0,0,0,0,0
0,0,0,0,0
0,0,0,0,0
0,0,0,0,0
0,0,0,0,0
0,0,0,0,0
0,0,0,0,0
0,0,0,0,0
0,0,0,0,0
0,0,0,0,0
0,0,0,0,0
0,0,0,0,0
0,0,0,0,0
0,0,0,0,0
0,0,0,0,0
0,0,0,0,0
0,0,0,0,0
0,0,0,0,0
0,0,0,0,0
0,0,0,0,0
0,0,0,0,0
0,0,0,0,0
0,0,0,0,0
0,0,0,0,0
0,0,0,0,0
0,0,0,0,0
0,0,0,0,0
0,0,0,0,0
0,0,0,0,0
0,0,0,0,0
0,0,0,0,0
0,0,0,0,0
0,0,0,0,0
0,0,0,0,0
0,0,0,0,0
0,0,0,0,0
0,0,0,0,0
0,0,0,0,0
0,0,0,0,0
0,0,0,0,0
0,0,0,0,0
0,0,0,0,0
0,0,0,0,0
0,0,0,0,0
0,0,0,0,0
0,0,0,0,0
0,0,0,0,0
0,0,0,0,0
0,0,0,0,0
0,0,0,0,0
0,0,0,0,0
0,0,0,0,0
0,0,0,0,0
0,0,0,0,0
0,0,0,0,0
0,0,0,0,0
0,0,0,0,0
0,0,0,0,0
0,0,0,0,0
0,0,0,0,0
0,0,0,0,0
0,0,0,0,0
0,0,0,0,0
0,0,0,0,0
0,0,0,0,0
0,0,0,0,0
0,0,0,0,0
0,0,0,0,0
0,0,0,0,0
0,0,0,0,0
0,0,0,0,0
0,0,0,0,0
0,0,0,0,0
0,0,0,0,0
0,0,0,0,0
0,0,0,0,0
0,0,0,0,0
0,0,0,0,0
0,0,0,0,0
0,0,0,0,0
0,0,0,0,0
0,0,0,0,0
0,0,0,0,0
0,0,0,0,0
0,0,0,0,0
0,0,0,0,0
0,0,0,0,0
0,0,0,0,0
0,0,0,0,0
0,0,0,0,0
0,0,0,0,0
0,0,0,0,0
0,0,0,0,0
0,0,0,0,0
0,0,0,0,0
0,0,0,0,0
0,0,0,0,0
0,0,0,0,0
0,0,0,0,0
0,0,0,0,0
0,0,0,0,0
0,0,0,0,0
0,0,0,0,0
0,0,0,0,0
0,0,0,0,0
0,0,0,0,0
0,0,0,0,0
0,0,0,0,0
0,0,0,0,0
0,0,0,0,0
0,0,0,0,0
0,0,0,0,0
0,0,0,0,0
0,0,0,0,0
0,0,0,0,0
0,0,0,0,0
0,0,0,0,0
0,0,0,0,0
0,0,0,0,0
0,0,0,0,0
0,0,0,0,0
0,0,0,0,0
0,0,0,0,0
0,0,0,0,0
0,0,0,0,0
0,0,0,0,0
0,0,0,0,0
0,0,0,0,0
0,0,0,0,0
0,0,0,0,0
0,0,0,0,0
0,0,0,0,0
0,0,0,0,0
0,0,0,0,0
0,0,0,0,0
0,0,0,0,0
0,0,0,0,0
0,0,0,0,0
0,0,0,0,0
0,0,0,0,0
0,0,0,0,0
0,0,0,0,0
0,0,0,0,0
0,0,0,0,0
0,0,0,0,0
0,0,0,0,0
0,0,0,0,0
0,0,0,0,0
0,0,0,0,0
0,0,0,0,0
0,0,0,0,0
0,0,0,0,0
0,0,0,0,0
0,0,0,0,0
0,0,0,0,0
0,0,0,0,0
0,0,0,0,0
0,0,0,0,0
0,0,0,0,0
0,0,0,0,0
0,0,0,0,0
0,0,0,0,0
0,0,0,0,0
0,0,0,0,0
0,0,0,0,0
0,0,0,0,0
0,0,0,0,0
0,0,0,0,0
0,0,0,0,0
0,0,0,0,0
0,0,0,0,0
0,0,0,0,0
0,0,0,0,0
0,0,0,0,0
0,0,0,0,0
0,0,0,0,0
0,0,0,0,0
0,0,0,0,0
0,0,0,0,0
0,0,0,0,0
0,0,0,0,0
0,0,0,0,0
0,0,0,0,0
0,0,0,0,0
0,0,0,0,0
0,0,0,0,0
0,0,0,0,0
0,0,0,0,0
0,0,0,0,0
0,0,0,0,0
0,0,0,0,0
0,0,0,0,0
0,0,0,0,0
0,0,0,0,0
0,0,0,0,0
0,0,0,0,0
0,0,0,0,0
0,0,0,0,0
0,0,0,0,0
0,0,0,0,0
0,0,0,0,0
0,0,0,0,0
0,0,0,0,0
