true_label,meta_K7,meta_K8
0,0,0
0,0,0
0,0,0
0,0,0
0,0,0
0,0,0
0,0,0
0,0,0
0,0,0
0,0,0
0,0,0
0,0,0
0,0,0
0,0,0
0,0,0
0,0,0
0,0,0
0,0,0
0,0,0
0,0,0
0,0,0
0,0,0
0,0,0
0,0,0
0,0,0
0,0,0
0,0,0
0,0,0
0,0,0
0,0,0
0,0,0
0,0,0
0,0,0
0,0,0
0,0,0
0,0,0
0,0,0
0,0,0
0,0,0
0,0,0
0,0,0
0,0,0
0,0,0
0,0,0
0,0,0
0,0,0
0,0,0
0,0,0
0,0,0
0,0,0
0,0,0
0,0,0
0,0,0
0,0,0
0,0,0
0,0,0
0,0,0
0,0,0
0,0,0
0,0,0
0,0,0
0,0,0
0,0,0
0,0,0
0,0,0
0,0,0
0,0,0
0,0,0
0,0,0
0,0,0
0,0,0
0,0,0
0,0,0
0,0,0
0,0,0
0,0,0
0,0,0
0,0,0
0,0,0
0,0,0
0,0,0
0,0,0
0,0,0
0,0,0
0,0,0
0,0,0
0,0,0
0,0,0
0,0,0
0,0,0
0,0,0
0,0,0
0,0,0
0,0,0
0,0,0
0,0,0
0,0,0
0,0,0
0,0,0
0,0,0
0,0,0
0,0,0
0,0,0
0,0,0
0,0,0
0,0,0
0,0,0
0,0,0
0,0,0
0,0,0
0,0,0
0,0,0
0,0,0
0,0,0
0,0,0
0,0,0
0,0,0
0,0,0
0,0,0
0,0,0
0,0,0
0,0,0
0,0,0
0,0,0
0,0,0
0,0,0
0,0,0
0,0,0
0,0,0
0,0,0
0,0,0
0,0,0
0,0,0
0,0,0
0,0,0
0,0,0
0,0,0
0,0,0
0,0,0
0,0,0
0,0,0
0,0,0
0,0,0
0,0,0
0,0,0
0,0,0
0,0,0
0,0,0
0,0,0
0,0,0
0,0,0
0,0,0
0,0,0
0,0,0
0,0,0
0,0,0
0,0,0
0,0,0
0,0,0
0,0,0
0,0,0
0,0,0
0,0,0
0,0,0
0,0,0
0,0,0
0,0,0
0,0,0
0,0,0
0,0,0
0,0,0
0,0,0
0,0,0
0,0,0
0,0,0
0,0,0
0,0,0
0,0,0
0,0,0
0,0,0
0,0,0
0,0,0
0,0,0
0,0,0
0,0,0
0,0,0
0,0,0
0,0,0
0,0,0
0,0,0
0,0,0
0,0,0
0,0,0
0,0,0
0,0,0
0,0,0
0,0,0
0,0,0
0,0,0
0,0,0
0,0,0
0,0,0
0,0,0
0,0,0
0,0,0
0,0,0
0,0,0
0,0,0
0,0,0
0,0,0
0,0,0
0,0,0
0,0,0
0,0,0
0,0,0
0,0,0
0,0,0
0,0,0
0,0,0
0,0,0
0,0,0
0,0,0
0,0,0
0,0,0
0,0,0
0,0,0
0,0,0
0,0,0
0,0,0
0,0,0
0,0,0
0,0,0
0,0,0
0,0,0
0,0,0
0,0,0
0,0,0
0,0,0
0,0,0
0,0,0
0,0,0
0,0,0
0,0,0
0,0,0
0,0,0
0,0,0
0,0,0
0,0,0
0,0,0
0,0,0
0,0,0
0,0,0
0,0,0
0,0,0
0,0,0
0,0,0
0,0,0
0,0,0
0,0,0
0,0,0
0,0,0
0,0,0
0,0,0
0,0,0
0,0,0
0,0,0
0,0,0
0,0,0
0,0,0
0,0,0
0,0,0
0,0,0
0,0,0
0,0,0
0,0,0
0,0,0
0,0,0
0,0,0
0,0,0
0,0,0
0,0,0
0,0,0
0,0,0
0,0,0
0,0,0
0,0,0
0,0,0
0,0,0
0,0,0
0,0,0
0,0,0
0,0,0
0,0,0
0,0,0
0,0,0
0,0,0
0,0,0
0,0,0
0,0,0
0,0,0
0,0,0
0,0,0
0,0,0
0,0,0
0,0,0
0,0,0
0,0,0
0,0,0
0,0,0
0,0,0
0,0,0
0,0,0
0,0,0
0,0,0
0,0,0
0,0,0
0,0,0
0,0,0
0,0,0
0,0,0
0,0,0
0,0,0
0,0,0
0,0,0
0,0,0
0,0,0
0,0,0
0,0,0
0,0,0
0,0,0
0,0,0
0,0,0
0,0,0
0,0,0
0,0,0
0,0,0
0,0,0
0,0,0
0,0,0
0,0,0
0,0,0
0,0,0
0,0,0
0,0,0
0,0,0
0,0,0
0,0,0
0,0,0
0,0,0
0,0,0
0,0,0
0,0,0
0,0,0
0,0,0
0,0,0
0,0,0
0,0,0
0,0,0
0,0,0
0,0,0
0,0,0
0,0,0
0,0,0
0,0,0
0,0,0
0,0,0
0,0,0
0,0,0
0,0,0
0,0,0
0,0,0
0,0,0
0,0,0
0,0,0
0,0,0
0,0,0
0,0,0
0,0,0
0,0,0
0,0,0
0,0,0
0,0,0
0,0,0
0,0,0
0,0,0
0,0,0
0,0,0
0,0,0
0,0,0
0,0,0
0,0,0
0,0,0
0,0,0
0,0,0
0,0,0
0,0,0
0,0,0
0,0,0
0,0,0
0,0,0
0,0,0
0,0,0
0,0,0
0,0,0
0,0,0
0,0,0
0,0,0
0,0,0
0,0,0
0,0,0
0,0,0
0,0,0
0,0,0
0,0,0
0,0,0
0,0,0
0,0,0
0,0,0
0,0,0
0,0,0
0,0,0
0,0,0
0,0,0
0,0,0
0,0,0
0,0,0
0,0,0
0,0,0
0,0,0
0,0,0
0,0,0
0,0,0
0,0,0
0,0,0
0,0,0
0,0,0
0,0,0
0,0,0
0,0,0
0,0,0
0,0,0
0,0,0
0,0,0
0,0,0
0,0,0
0,0,0
0,0,0
0,0,0
0,0,0
0,0,0
0,0,0
0,0,0
0,0,0
0,0,0
0,0,0
0,0,0
0,0,0
0,0,0
0,0,0
0,0,0
0,0,0
0,0,0
0,0,0
0,0,0
0,0,0
0,0,0
0,0,0
0,0,0
0,0,0
0,0,0
0,0,0
0,0,0
0,0,0
0,0,0
0,0,0
0,0,0
0,0,0
0,0,0
0,0,0
0,0,0
0,0,0
0,0,0
0,0,0
0,0,0
0,0,0
0,0,0
0,0,0
0,0,0
0,0,0
0,0,0
0,0,0
0,0,0
0,0,0
0,0,0
0,0,0
0,0,0
0,0,0
0,0,0
0,0,0
0,0,0
0,0,0
0,0,0
0,0,0
0,0,0
0,0,0
0,0,0
0,0,0
0,0,0
0,0,0
0,0,0
0,0,0
0,0,0
0,0,0
0,0,0
0,0,0
0,0,0
0,0,0
0,0,0
0,0,0
0,0,0
0,0,0
0,0,0
0,0,0
0,0,0
0,0,0
0,0,0
0,0,0
0,0,0
0,0,0
0,0,0
0,0,0
0,0,0
0,0,0
0,0,0
0,0,0
0,0,0
0,0,0
0,0,0
0,0,0
0,0,0
0,0,0
0,0,0
0,0,0
0,0,0
0,0,0
0,0,0
0,0,0
0,0,0
0,0,0
0,0,0
0,0,0
0,0,0
0,0,0
0,0,0
0,0,0
0,0,0
0,0,0
0,0,0
0,0,0
0,0,0
0,0,0
0,0,0
0,0,0
0,0,0
0,0,0
0,0,0
0,0,0
0,0,0
0,0,0
0,0,0
0,0,0
0,0,0
0,0,0
0,0,0
0,0,0
0,0,0
0,0,0
0,0,0
0,0,0
0,0,0
0,0,0
0,0,0
0,0,0
0,0,0
0,0,0
0,0,0
0,0,0
0,0,0
0,0,0
0,0,0
0,0,0
0,0,0
0,0,0
0,0,0
0,0,0
0,0,0
0,0,0
0,0,0
0,0,0
0,0,0
0,0,0
0,0,0
0,0,0
0,0,0
0,0,0
0,0,0
0,0,0
0,0,0
0,0,0
0,0,0
0,0,0
0,0,0
0,0,0
0,0,0
0,0,0
0,0,0
0,0,0
0,0,0
0,0,0
0,0,0
0,0,0
0,0,0
0,0,0
0,0,0
0,1,1
0,1,1
0,1,1
0,1,1
0,1,1
0,1,1
0,1,1
0,1,1
0,1,1
0,1,1
0,1,1
0,1,1
0,1,1
0,1,1
0,1,1
0,1,1
0,1,1
0,1,1
0,1,1
0,1,1
0,1,1
0,1,1
0,1,1
0,1,1
0,1,1
0,1,1
0,1,1
0,1,1
0,1,1
0,1,1
0,1,1
0,1,1
0,1,1
0,1,1
0,1,1
0,1,1
0,1,1
0,1,1
0,1,1
0,1,1
0,1,1
0,1,1
0,1,1
0,1,1
0,1,1
0,1,1
0,1,1
1,1,1
1,1,1
1,1,1
1,1,1
1,1,1
1,1,1
1,1,1
1,1,1
1,1,1
1,1,1
1,1,1
1,1,1
1,1,1
1,1,1
1,1,1
1,1,1
1,1,1
1,1,1
1,1,1
1,1,1
1,1,1
1,1,1
1,1,1
1,1,1
1,1,1
1,1,1
1,1,1
1,1,1
1,1,1
1,1,1
1,1,1
1,1,1
1,1,1
1,1,1
1,1,1
1,1,1
1,1,1
1,1,1
1,1,1
1,1,1
1,1,1
1,1,1
1,1,1
1,1,1
1,1,1
1,1,1
1,1,1
1,1,1
1,1,1
1,1,1
1,1,1
1,1,1
1,1,1
1,1,1
1,1,1
1,1,1
1,1,1
1,1,1
1,1,1
1,1,1
1,1,1
1,1,1
1,1,1
1,1,1
1,1,1
1,1,1
1,1,1
1,1,1
1,1,1
1,1,1
1,1,1
1,1,1
1,1,1
1,1,1
1,1,1
1,1,1
1,1,1
1,1,1
1,1,1
1,1,1
1,1,1
1,1,1
1,1,1
1,1,1
1,1,1
1,1,1
1,1,1
1,1,1
1,1,1
1,1,1
1,1,1
1,1,1
1,1,1
1,1,1
1,1,1
1,1,1
1,1,1
1,1,1
1,1,1
1,1,1
1,1,1
1,1,1
1,1,1
1,1,1
1,1,1
1,1,1
1,1,1
1,1,1
1,1,1
1,2,2
1,2,2
1,2,2
1,2,2
1,2,2
1,2,2
1,2,2
1,2,2
1,2,2
1,2,2
1,2,2
1,2,2
1,2,2
1,2,2
1,2,2
1,2,2
1,2,2
1,2,2
1,2,2
1,2,2
1,2,2
1,2,2
1,2,2
1,2,2
1,2,2
1,2,2
1,2,2
1,2,2
1,2,2
1,2,2
1,2,2
1,2,2
1,2,2
1,2,2
1,2,2
1,2,2
1,2,2
1,2,2
1,2,2
1,2,2
1,2,2
1,2,2
1,2,2
1,2,2
1,2,2
1,2,2
1,2,2
1,2,2
1,2,2
1,2,2
1,2,2
1,2,2
1,2,2
1,2,2
1,2,2
1,2,2
1,2,2
1,2,2
1,2,2
1,2,2
1,2,2
1,2,2
1,2,2
1,2,2
1,2,2
1,2,2
1,2,2
1,2,2
1,2,2
1,2,2
1,2,2
1,2,2
1,2,2
1,2,2
1,2,2
1,2,2
1,2,2
1,2,2
1,2,2
1,2,2
1,2,2
1,2,2
1,2,2
1,2,2
1,2,2
1,2,2
1,2,2
1,2,2
1,2,2
1,2,2
1,2,2
1,2,2
1,2,2
1,2,2
1,2,2
1,2,2
1,2,2
1,2,2
1,2,2
1,2,2
1,2,2
1,2,2
1,2,2
1,2,2
1,2,3
1,2,3
1,2,3
1,2,3
1,2,3
1,2,3
1,2,3
1,2,3
1,2,3
1,2,3
1,2,3
1,2,3
1,2,3
1,2,3
1,2,3
1,2,3
1,2,3
1,2,3
1,2,3
1,2,3
1,2,3
1,2,3
1,2,3
1,2,3
1,2,3
1,2,3
1,2,3
1,2,3
1,2,3
1,2,3
1,2,3
1,2,3
1,2,3
1,2,3
1,2,3
1,2,3
1,2,3
1,2,3
1,2,3
1,2,3
1,2,3
1,2,3
1,2,3
1,2,3
1,2,3
1,2,3
1,2,3
1,2,3
1,2,3
1,2,3
1,2,3
1,2,3
1,2,2
1,2,2
1,2,2
1,2,2
1,2,2
1,2,2
1,2,2
1,2,2
1,2,2
1,2,2
1,2,2
1,2,2
1,2,2
1,2,2
1,2,2
1,2,2
1,2,2
1,2,2
1,2,2
1,2,2
1,2,2
1,2,2
1,2,2
1,2,2
1,2,2
1,2,2
1,2,2
1,2,2
1,2,2
1,2,2
1,2,2
1,2,2
1,2,2
1,2,2
1,2,2
1,2,2
1,2,2
1,2,2
1,2,2
1,2,2
1,2,2
1,2,2
1,2,2
1,2,2
1,2,2
1,2,2
1,2,2
1,2,2
1,2,2
1,2,2
1,2,2
1,2,2
1,2,3
1,2,3
1,2,3
1,2,3
1,2,3
1,2,3
1,2,3
1,2,3
1,2,3
1,2,3
1,2,3
1,2,3
1,2,3
1,2,3
1,2,3
1,2,3
1,2,3
1,2,3
1,2,3
1,2,3
1,2,3
1,2,3
1,2,3
1,2,3
1,2,3
1,2,3
1,2,3
1,2,3
1,2,3
1,2,3
1,2,3
1,2,3
1,2,3
1,2,3
1,2,3
1,2,3
1,2,3
1,2,3
1,2,3
1,2,3
1,2,3
1,2,3
1,2,3
1,2,3
1,2,3
1,2,3
1,2,3
1,2,3
1,2,3
1,2,3
1,2,3
1,2,3
1,1,1
1,1,1
1,1,1
1,1,1
1,1,1
1,1,1
1,1,1
1,1,1
1,1,1
1,1,1
1,1,1
1,1,1
1,1,1
1,1,1
1,1,1
1,1,1
1,1,1
1,1,1
1,1,1
1,1,1
1,1,1
1,1,1
1,1,1
1,1,1
1,1,1
1,1,1
1,1,1
1,1,1
1,1,1
1,1,1
1,1,1
1,1,1
1,1,1
1,1,1
1,1,1
1,1,1
1,1,1
1,1,1
1,1,1
1,1,1
1,1,1
1,1,1
1,1,1
1,1,1
1,1,1
1,1,1
1,1,1
1,1,1
1,1,1
1,1,1
1,1,1
1,1,1
1,2,2
1,2,2
1,2,2
1,2,2
1,2,2
1,2,2
1,2,2
1,2,2
1,2,2
1,2,2
1,2,2
1,2,2
1,2,2
1,2,2
1,2,2
1,2,2
1,2,2
1,2,2
1,2,2
1,2,2
1,2,2
1,2,2
1,2,2
1,2,2
1,2,2
1,2,2
1,2,2
1,2,2
1,2,2
1,2,2
1,2,2
1,2,2
1,2,2
1,2,2
1,2,2
1,2,2
1,2,2
1,2,2
1,2,2
1,2,2
1,2,2
1,2,2
1,2,2
1,2,2
1,2,2
1,2,2
1,2,2
1,2,2
1,2,2
1,2,2
1,2,2
1,2,2
1,1,1
1,1,1
1,1,1
1,1,1
1,1,1
1,1,1
1,1,1
1,1,1
1,1,1
1,1,1
1,1,1
1,1,1
1,1,1
1,1,1
1,1,1
1,1,1
1,1,1
1,1,1
1,1,1
1,1,1
1,1,1
1,1,1
1,1,1
1,1,1
1,1,1
1,1,1
1,1,1
1,1,1
1,1,1
1,1,1
1,1,1
1,1,1
1,1,1
1,1,1
1,1,1
1,1,1
1,1,1
1,1,1
1,1,1
1,1,1
1,1,1
1,1,1
1,1,1
1,1,1
1,1,1
1,1,1
1,1,1
1,1,1
1,1,1
1,1,1
1,1,1
1,1,1
1,3,4
1,3,4
1,3,4
1,3,4
1,3,4
1,3,4
1,3,4
1,3,4
1,3,4
1,3,4
1,3,4
1,3,4
1,3,4
1,3,4
1,3,4
1,3,4
1,3,4
1,3,4
1,3,4
1,3,4
1,3,4
1,3,4
1,3,4
1,3,4
1,3,4
1,3,4
1,3,4
1,3,4
1,3,4
1,3,4
1,3,4
1,3,4
1,3,4
1,3,4
1,3,4
1,3,4
1,3,4
1,3,4
1,3,4
1,3,4
1,3,4
1,3,4
1,3,4
1,3,4
1,3,4
1,3,4
1,3,4
1,3,4
1,3,4
1,3,4
1,3,4
1,3,4
1,3,4
1,3,4
1,3,4
1,3,4
1,3,4
1,3,4
1,3,4
1,3,4
1,3,4
1,3,4
1,3,4
1,3,4
1,3,4
1,3,4
1,3,4
1,3,4
1,3,4
1,3,4
1,3,4
1,3,4
1,3,4
1,3,4
1,3,4
1,3,4
1,3,4
1,3,4
1,3,4
1,3,4
1,3,4
1,3,4
1,3,4
1,3,4
1,3,4
1,3,4
1,3,4
1,3,4
1,3,4
1,3,4
1,3,4
1,3,4
1,3,4
1,3,4
1,3,4
1,3,4
1,3,4
1,3,4
1,3,4
1,3,4
1,3,4
1,3,4
1,3,4
1,3,4
1,3,4
1,3,4
1,3,4
1,3,4
1,3,4
1,3,4
1,3,4
1,3,4
1,3,4
1,3,4
1,3,4
1,3,4
1,3,4
1,3,4
1,3,4
1,3,4
1,3,4
1,3,4
1,3,4
1,3,4
1,3,4
1,3,4
1,3,4
1,3,4
1,3,4
1,3,4
1,3,4
1,3,4
1,3,4
1,3,4
1,3,4
1,3,4
1,3,4
1,3,4
1,3,4
1,3,4
1,3,4
1,3,4
1,3,4
1,3,4
1,3,4
1,3,4
1,3,4
1,3,4
1,3,4
1,3,4
1,3,4
1,3,4
1,3,4
1,3,4
1,3,4
1,3,4
1,1,1
1,1,1
1,1,1
1,1,1
1,1,1
1,1,1
1,1,1
1,1,1
1,1,1
1,1,1
1,1,1
1,1,1
1,1,1
1,1,1
1,1,1
1,1,1
1,1,1
1,1,1
1,1,1
1,1,1
1,1,1
1,1,1
1,1,1
1,1,1
1,1,1
1,1,1
1,1,1
1,1,1
1,1,1
1,1,1
1,1,1
1,1,1
1,1,1
1,1,1
1,1,1
1,1,1
1,1,1
1,1,1
1,1,1
1,1,1
1,1,1
1,1,1
1,1,1
1,1,1
1,1,1
1,1,1
1,1,1
1,1,1
1,1,1
1,1,1
1,1,1
1,1,1
1,1,1
1,1,1
1,1,1
1,1,1
1,1,1
1,1,1
1,1,1
1,1,1
1,1,1
1,1,1
1,1,1
1,1,1
1,1,1
1,1,1
1,1,1
1,1,1
1,1,1
1,1,1
1,1,1
1,1,1
1,1,1
1,1,1
1,1,1
1,1,1
1,1,1
1,1,1
1,1,1
1,1,1
1,1,1
1,1,1
1,1,1
1,1,1
1,1,1
1,1,1
1,1,1
1,1,1
1,1,1
1,1,1
1,1,1
1,1,1
1,1,1
1,1,1
1,1,1
1,1,1
1,1,1
1,1,1
1,1,1
1,1,1
1,1,1
1,1,1
1,1,1
1,1,1
1,1,1
1,1,1
1,1,1
1,1,1
1,1,1
1,1,1
1,1,1
1,1,1
1,1,1
1,1,1
1,1,1
1,1,1
1,1,1
1,1,1
1,1,1
1,1,1
1,1,1
1,1,1
1,1,1
1,1,1
1,1,1
1,1,1
1,1,1
1,1,1
1,1,1
1,1,1
1,1,1
1,1,1
1,1,1
1,1,1
1,1,1
1,1,1
1,1,1
1,1,1
1,1,1
1,1,1
1,1,1
1,1,1
1,1,1
1,1,1
1,1,1
1,1,1
1,1,1
1,1,1
1,1,1
1,1,1
1,1,1
1,1,1
1,1,1
1,1,1
1,1,1
1,1,1
1,1,1
1,1,1
1,1,1
1,1,1
1,1,1
1,1,1
1,1,1
1,1,1
1,1,1
1,1,1
1,1,1
1,1,1
1,1,1
1,1,1
1,1,1
1,1,1
1,1,1
1,1,1
1,1,1
1,1,1
1,1,1
1,1,1
1,1,1
1,1,1
1,1,1
1,1,1
1,1,1
1,1,1
1,1,1
1,1,1
1,1,1
1,1,1
1,1,1
1,1,1
1,1,1
1,1,1
1,1,1
1,1,1
1,1,1
1,1,1
1,1,1
1,1,1
1,1,1
1,1,1
1,1,1
1,1,1
1,1,1
1,1,1
1,1,1
1,1,1
1,1,1
1,1,1
1,3,4
1,3,4
1,3,4
1,3,4
1,3,4
1,3,4
1,3,4
1,3,4
1,3,4
1,3,4
1,3,4
1,3,4
1,3,4
1,3,4
1,3,4
1,3,4
1,3,4
1,3,4
1,3,4
1,3,4
1,3,4
1,3,4
1,3,4
1,3,4
1,3,4
1,3,4
1,3,4
1,3,4
1,3,4
1,3,4
1,3,4
1,3,4
1,3,4
1,3,4
1,3,4
1,3,4
1,3,4
1,3,4
1,3,4
1,3,4
1,3,4
1,3,4
1,3,4
1,3,4
1,3,4
1,3,4
1,3,4
1,3,4
1,3,4
1,3,4
1,3,4
1,3,4
1,3,4
1,3,4
1,3,4
1,3,4
1,3,4
1,3,4
1,3,4
1,3,4
1,3,4
1,3,4
1,3,4
1,3,4
1,3,4
1,3,4
1,3,4
1,3,4
1,3,4
1,3,4
1,3,4
1,3,4
1,3,4
1,3,4
1,3,4
1,3,4
1,3,4
1,3,4
1,3,4
1,3,4
1,3,4
1,3,4
1,3,4
1,3,4
1,3,4
1,3,4
1,3,4
1,3,4
1,3,4
1,3,4
1,3,4
1,3,4
1,3,4
1,3,4
1,3,4
1,3,4
1,3,4
1,3,4
1,3,4
1,3,4
1,3,4
1,3,4
1,3,4
1,3,4
1,3,4
1,3,4
1,3,4
1,3,4
1,3,4
1,3,4
1,3,4
1,3,4
1,3,4
1,3,4
1,3,4
1,3,4
1,3,4
1,3,4
1,3,4
1,3,4
1,3,4
1,3,4
1,3,4
1,3,4
1,3,4
1,3,4
1,3,4
1,3,4
1,3,4
1,3,4
1,3,4
1,3,4
1,3,4
1,3,4
1,3,4
1,3,4
1,3,4
1,3,4
1,3,4
1,3,4
1,3,4
1,3,4
1,3,4
1,3,4
1,3,4
1,3,4
1,3,4
1,3,4
1,3,4
1,3,4
1,3,4
1,3,4
1,3,4
1,3,4
1,3,4
1,3,4
1,3,4
1,3,4
1,3,4
1,3,4
1,3,4
1,3,4
1,3,4
1,3,4
1,3,4
1,3,4
1,3,4
1,3,4
1,3,4
1,3,4
1,3,4
1,3,4
1,3,4
1,3,4
1,3,4
1,3,4
1,3,4
1,3,4
1,3,4
1,3,4
1,3,4
1,3,4
1,3,4
1,3,4
1,3,4
1,3,4
1,3,4
1,3,4
1,3,4
1,3,4
1,3,4
1,3,4
1,3,4
1,3,4
1,3,4
1,3,4
1,3,4
1,3,4
1,3,4
1,3,4
1,3,4
1,3,4
1,3,4
1,3,4
1,3,4
1,3,4
1,3,4
1,3,4
1,2,3
1,2,3
1,2,3
1,2,3
1,2,3
1,2,3
1,2,3
1,2,3
1,2,3
1,2,3
1,2,3
1,2,3
1,2,3
1,2,3
1,2,3
1,2,3
1,2,3
1,2,3
1,2,3
1,2,3
1,2,3
1,2,3
1,2,3
1,2,3
1,2,3
1,2,3
1,2,3
1,2,3
1,2,3
1,2,3
1,2,3
1,2,3
1,2,3
1,2,3
1,2,3
1,2,3
1,2,3
1,2,3
1,2,3
1,2,3
1,2,3
1,2,3
1,2,3
1,2,3
1,2,3
1,2,3
1,2,3
1,2,3
1,2,3
1,2,3
1,2,3
1,2,3
1,2,3
1,2,3
1,2,3
1,2,3
1,2,3
1,2,3
1,2,3
1,2,3
1,2,3
1,2,3
1,2,3
1,2,3
1,2,3
1,2,3
1,2,3
1,2,3
1,2,3
1,2,3
1,2,3
1,2,3
1,2,3
1,2,3
1,2,3
1,2,3
1,2,3
1,2,3
1,2,3
1,2,3
1,2,3
1,2,3
1,2,3
1,2,3
1,2,3
1,2,3
1,2,3
1,2,3
1,2,3
1,2,3
1,2,3
1,2,3
1,2,3
1,2,3
1,2,3
1,2,3
1,2,3
1,2,3
1,2,3
1,2,3
1,2,3
1,2,3
1,2,3
1,2,3
1,1,1
1,1,1
1,1,1
1,1,1
1,1,1
1,1,1
1,1,1
1,1,1
1,1,1
1,1,1
1,1,1
1,1,1
1,1,1
1,1,1
1,1,1
1,1,1
1,1,1
1,1,1
1,1,1
1,1,1
1,1,1
1,1,1
1,1,1
1,1,1
1,1,1
1,1,1
1,1,1
1,1,1
1,1,1
1,1,1
1,1,1
1,1,1
1,1,1
1,1,1
1,1,1
1,1,1
1,1,1
1,1,1
1,1,1
1,1,1
1,1,1
0,1,1
0,1,1
0,1,1
0,1,1
0,1,1
0,1,1
0,1,1
0,1,1
0,1,1
0,1,1
0,1,1
0,1,1
0,1,1
0,1,1
0,1,1
0,1,1
0,1,1
0,1,1
0,1,1
0,1,1
0,1,1
0,1,1
0,1,1
0,1,1
0,1,1
0,1,1
0,1,1
0,1,1
0,1,1
0,1,1
0,1,1
0,1,1
0,1,1
0,1,1
0,1,1
0,1,1
0,1,1
0,1,1
0,1,1
0,1,1
0,1,1
0,1,1
0,1,1
0,1,1
0,1,1
0,1,1
0,1,1
0,1,1
0,1,1
0,1,1
0,1,1
0,1,1
0,1,1
0,1,1
0,1,1
0,1,1
0,1,1
0,1,1
0,1,1
0,1,1
0,1,1
0,1,1
0,1,1
0,0,0
0,0,0
0,0,0
0,0,0
0,0,0
0,0,0
0,0,0
0,0,0
0,0,0
0,0,0
0,0,0
0,0,0
0,0,0
0,0,0
0,0,0
0,0,0
0,0,0
0,0,0
0,0,0
0,0,0
0,0,0
0,0,0
0,0,0
0,0,0
0,0,0
0,0,0
0,0,0
0,0,0
0,0,0
0,0,0
0,0,0
0,0,0
0,0,0
0,0,0
0,0,0
0,0,0
0,0,0
0,0,0
0,0,0
0,0,0
0,0,0
0,0,0
0,0,0
0,0,0
0,0,0
0,0,0
0,0,0
0,0,0
0,0,0
0,0,0
0,0,0
0,0,0
0,0,0
0,0,0
0,0,0
0,0,0
0,0,0
0,0,0
0,0,0
0,0,0
0,0,0
0,0,0
0,0,0
0,0,0
0,0,0
0,0,0
0,0,0
0,0,0
0,0,0
0,0,0
0,0,0
0,0,0
0,0,0
0,0,0
0,0,0
0,0,0
0,0,0
0,0,0
0,0,0
0,0,0
0,0,0
0,0,0
0,0,0
0,0,0
0,0,0
0,0,0
0,0,0
0,0,0
0,0,0
0,0,0
0,0,0
0,0,0
0,0,0
0,0,0
0,0,0
0,0,0
0,0,0
0,0,0
0,0,0
0,0,0
0,0,0
0,0,0
0,0,0
0,0,0
0,0,0
0,0,0
0,0,0
0,0,0
0,0,0
0,0,0
0,0,0
0,0,0
0,0,0
0,0,0
0,0,0
0,0,0
0,0,0
0,0,0
0,0,0
0,0,0
0,0,0
0,0,0
0,0,0
0,0,0
0,0,0
0,0,0
0,0,0
0,0,0
0,0,0
0,0,0
0,0,0
0,0,0
0,0,0
0,0,0
0,0,0
0,0,0
0,0,0
0,0,0
0,0,0
0,0,0
0,0,0
0,0,0
0,0,0
0,0,0
0,0,0
0,0,0
0,0,0
0,0,0
0,0,0
0,0,0
0,0,0
0,0,0
0,0,0
0,0,0
0,0,0
0,0,0
0,0,0
0,0,0
0,0,0
0,0,0
0,0,0
0,0,0
0,0,0
0,0,0
0,0,0
0,0,0
0,0,0
0,0,0
0,0,0
0,0,0
0,0,0
0,0,0
0,0,0
0,0,0
0,0,0
0,0,0
0,0,0
0,0,0
0,0,0
0,0,0
0,0,0
0,0,0
0,0,0
0,0,0
0,0,0
0,0,0
0,0,0
0,0,0
0,0,0
0,0,0
0,0,0
0,0,0
0,0,0
0,0,0
0,0,0
0,0,0
0,0,0
0,0,0
0,0,0
0,0,0
0,0,0
0,0,0
0,0,0
0,0,0
0,0,0
0,0,0
0,0,0
0,0,0
0,0,0
0,0,0
0,0,0
0,0,0
0,0,0
0,0,0
0,0,0
0,0,0
0,0,0
0,0,0
0,0,0
0,0,0
0,0,0
0,0,0
0,0,0
0,0,0
0,0,0
0,0,0
0,0,0
0,0,0
0,0,0
0,0,0
0,0,0
0,0,0
0,0,0
0,0,0
0,0,0
0,0,0
0,0,0
0,0,0
0,0,0
0,0,0
0,0,0
0,0,0
0,0,0
0,0,0
0,0,0
0,0,0
0,0,0
0,0,0
0,0,0
0,0,0
0,0,0
0,0,0
0,0,0
0,0,0
0,0,0
0,0,0
0,0,0
0,0,0
0,0,0
0,0,0
0,0,0
0,0,0
0,0,0
0,0,0
0,0,0
0,0,0
0,0,0
0,0,0
0,0,0
0,0,0
0,0,0
0,0,0
0,0,0
0,0,0
0,0,0
0,0,0
0,0,0
0,0,0
0,0,0
0,0,0
0,0,0
0,0,0
0,0,0
0,0,0
0,0,0
0,0,0
0,0,0
0,0,0
0,0,0
0,0,0
0,0,0
0,0,0
0,0,0
0,0,0
0,0,0
0,0,0
0,0,0
0,0,0
0,0,0
0,0,0
0,0,0
0,0,0
0,0,0
0,0,0
0,0,0
0,0,0
0,0,0
0,0,0
0,0,0
0,0,0
0,0,0
0,0,0
0,0,0
0,0,0
0,0,0
0,0,0
0,0,0
0,0,0
0,0,0
0,0,0
0,0,0
0,0,0
0,0,0
0,0,0
0,0,0
0,0,0
0,0,0
0,0,0
0,0,0
0,0,0
0,0,0
0,0,0
0,0,0
0,0,0
0,0,0
0,0,0
0,0,0
0,0,0
0,0,0
0,0,0
0,0,0
0,0,0
0,0,0
0,0,0
0,0,0
0,0,0
0,0,0
0,0,0
0,0,0
0,0,0
0,0,0
0,0,0
0,0,0
0,0,0
0,0,0
0,0,0
0,0,0
0,0,0
0,0,0
0,0,0
0,0,0
0,0,0
0,0,0
0,0,0
0,0,0
0,0,0
0,0,0
0,0,0
0,0,0
0,0,0
0,0,0
0,0,0
0,0,0
0,0,0
0,0,0
0,0,0
0,0,0
0,0,0
0,0,0
0,0,0
0,0,0
0,0,0
0,0,0
0,0,0
0,0,0
0,0,0
0,0,0
0,0,0
0,0,0
0,0,0
0,0,0
0,0,0
0,0,0
0,0,0
0,0,0
0,0,0
0,0,0
0,0,0
0,0,0
0,0,0
0,0,0
0,0,0
0,0,0
0,0,0
0,0,0
0,0,0
0,0,0
0,0,0
0,0,0
0,0,0
0,0,0
0,0,0
0,0,0
0,0,0
0,0,0
0,0,0
0,0,0
0,0,0
0,0,0
0,0,0
0,0,0
0,0,0
0,0,0
0,0,0
0,0,0
0,0,0
0,0,0
0,0,0
0,0,0
0,0,0
0,0,0
0,0,0
0,0,0
0,0,0
0,0,0
0,0,0
0,0,0
0,0,0
0,0,0
0,0,0
0,0,0
0,0,0
0,0,0
0,0,0
0,0,0
0,0,0
0,0,0
0,0,0
0,0,0
0,0,0
0,0,0
0,0,0
0,0,0
0,0,0
0,0,0
0,0,0
0,0,0
0,0,0
0,0,0
0,0,0
0,0,0
0,0,0
0,0,0
0,0,0
0,0,0
0,0,0
0,0,0
0,0,0
0,0,0
0,0,0
0,0,0
0,0,0
0,0,0
0,0,0
0,0,0
0,0,0
0,0,0
0,0,0
0,0,0
0,0,0
0,0,0
0,0,0
0,0,0
0,0,0
0,0,0
0,0,0
0,0,0
0,0,0
0,0,0
0,0,0
0,0,0
0,0,0
0,0,0
0,0,0
0,0,0
0,0,0
0,0,0
0,0,0
0,0,0
0,0,0
0,0,0
0,0,0
0,0,0
0,0,0
0,0,0
0,0,0
0,0,0
0,0,0
0,0,0
0,0,0
0,0,0
0,0,0
0,0,0
0,0,0
0,0,0
0,0,0
0,0,0
0,0,0
0,0,0
0,0,0
0,0,0
0,0,0
0,0,0
0,0,0
0,0,0
0,0,0
0,0,0
0,0,0
0,0,0
0,0,0
0,0,0
0,0,0
0,0,0
0,0,0
0,0,0
0,0,0
0,0,0
0,0,0
0,0,0
0,0,0
0,0,0
0,0,0
0,0,0
0,0,0
0,0,0
0,0,0
0,0,0
0,0,0
0,0,0
0,0,0
0,0,0
0,0,0
0,0,0
0,0,0
0,0,0
0,0,0
0,0,0
0,0,0
0,0,0
0,0,0
0,0,0
0,0,0
0,0,0
0,0,0
0,0,0
0,0,0
0,0,0
0,0,0
0,0,0
0,0,0
0,0,0
0,0,0
0,0,0
0,0,0
0,0,0
0,0,0
0,0,0
0,0,0
0,0,0
0,0,0
0,0,0
0,0,0
0,0,0
0,0,0
0,0,0
0,0,0
0,0,0
0,0,0
0,0,0
0,0,0
0,0,0
0,0,0
0,0,0
0,0,0
0,0,0
0,0,0
0,0,0
0,0,0
0,0,0
0,0,0
0,0,0
0,0,0
0,0,0
0,0,0
0,0,0
0,0,0
0,0,0
0,0,0
0,0,0
0,0,0
0,0,0
0,0,0
0,0,0
0,0,0
0,0,0
0,0,0
0,0,0
0,0,0
0,0,0
0,0,0
0,0,0
0,0,0
0,0,0
0,0,0
0,0,0
0,0,0
0,0,0
0,0,0
0,0,0
0,0,0
0,0,0
0,0,0
0,0,0
0,0,0
0,0,0
0,0,0
0,0,0
0,0,0
0,0,0
0,0,0
0,0,0
0,0,0
0,0,0
0,0,0
0,0,0
0,0,0
0,0,0
0,0,0
0,0,0
0,0,0
0,0,0
0,0,0
0,0,0
0,0,0
0,0,0
0,0,0
0,0,0
0,0,0
0,0,0
0,0,0
0,0,0
0,0,0
0,0,0
0,0,0
0,0,0
0,0,0
0,0,0
0,0,0
0,0,0
0,0,0
0,0,0
0,0,0
0,0,0
0,0,0
0,0,0
0,0,0
0,0,0
0,0,0
0,0,0
0,0,0
0,0,0
0,0,0
0,0,0
0,0,0
0,0,0
0,0,0
0,0,0
0,0,0
0,0,0
0,0,0
0,0,0
0,0,0
0,0,0
0,0,0
0,0,0
0,0,0
0,0,0
0,0,0
0,0,0
0,0,0
0,0,0
0,0,0
0,0,0
0,0,0
0,0,0
0,0,0
0,0,0
0,0,0
0,0,0
0,0,0
0,0,0
0,0,0
0,0,0
0,0,0
0,0,0
0,0,0
0,0,0
0,0,0
0,0,0
0,0,0
0,0,0
0,0,0
0,0,0
0,0,0
0,0,0
0,0,0
0,0,0
0,0,0
0,0,0
0,0,0
0,0,0
0,0,0
0,0,0
0,0,0
0,0,0
0,0,0
0,0,0
0,0,0
0,0,0
0,0,0
0,0,0
0,0,0
0,0,0
0,0,0
0,0,0
0,0,0
0,0,0
0,0,0
0,0,0
0,0,0
0,0,0
0,0,0
0,0,0
0,0,0
0,0,0
0,0,0
0,0,0
0,0,0
0,0,0
0,0,0
0,0,0
0,0,0
0,0,0
0,0,0
0,0,0
0,0,0
0,0,0
0,0,0
0,0,0
0,0,0
0,0,0
0,0,0
0,0,0
0,0,0
0,0,0
0,0,0
0,0,0
0,0,0
0,0,0
0,0,0
0,0,0
0,0,0
0,0,0
0,0,0
0,0,0
0,0,0
0,0,0
0,0,0
0,0,0
0,0,0
0,0,0
0,0,0
0,0,0
0,0,0
0,0,0
0,0,0
0,0,0
0,0,0
0,0,0
0,0,0
0,0,0
0,0,0
0,0,0
0,0,0
0,0,0
0,0,0
0,0,0
0,0,0
0,0,0
0,0,0
0,0,0
0,0,0
0,0,0
0,0,0
0,0,0
0,0,0
0,0,0
0,0,0
0,0,0
0,0,0
0,0,0
0,0,0
0,0,0
0,0,0
0,0,0
0,0,0
0,0,0
0,0,0
0,0,0
0,0,0
0,0,0
0,0,0
0,0,0
0,0,0
0,0,0
0,0,0
0,0,0
0,0,0
0,0,0
0,0,0
0,0,0
0,0,0
0,0,0
0,0,0
0,0,0
0,0,0
0,0,0
0,0,0
0,0,0
0,0,0
0,0,0
0,0,0
0,0,0
0,0,0
0,0,0
0,0,0
0,0,0
0,0,0
0,0,0
0,0,0
0,0,0
0,0,0
0,0,0
0,0,0
0,0,0
0,0,0
0,0,0
0,0,0
0,0,0
0,0,0
0,0,0
0,0,0
0,0,0
0,0,0
0,0,0
0,0,0
0,0,0
0,0,0
0,0,0
0,0,0
0,0,0
0,0,0
0,0,0
0,0,0
0,0,0
0,0,0
0,0,0
0,0,0
0,0,0
0,0,0
0,0,0
0,0,0
0,0,0
0,0,0
0,0,0
0,0,0
0,0,0
0,0,0
0,0,0
0,0,0
0,0,0
0,0,0
0,0,0
0,0,0
0,0,0
0,0,0
0,0,0
0,0,0
0,0,0
0,0,0
0,0,0
0,0,0
0,0,0
0,0,0
0,0,0
0,0,0
0,0,0
0,0,0
0,0,0
0,0,0
0,0,0
0,0,0
0,0,0
0,0,0
0,0,0
0,0,0
0,0,0
0,0,0
0,0,0
0,0,0
0,0,0
0,0,0
0,0,0
0,0,0
0,0,0
0,0,0
0,4,5
0,4,5
0,4,5
0,4,5
0,4,5
0,4,5
0,4,5
0,4,5
0,4,5
0,4,5
0,4,5
0,4,5
0,4,5
0,4,5
0,4,5
0,4,5
0,4,5
0,4,5
0,4,5
2,4,5
2,4,5
2,4,5
2,4,5
2,4,5
2,4,5
2,4,5
2,4,5
2,4,5
2,4,5
2,4,5
2,4,5
2,4,5
2,4,5
2,4,5
2,4,5
2,4,5
2,4,5
2,4,5
2,4,5
2,4,5
2,4,5
2,4,5
2,4,5
2,4,5
2,4,5
2,4,5
2,4,5
2,4,5
2,4,5
2,4,5
2,4,5
2,4,5
2,4,5
2,4,5
2,4,5
2,4,5
2,4,5
2,4,5
2,4,5
2,4,5
2,4,5
2,4,5
2,4,5
2,4,5
2,4,5
2,4,5
2,4,5
2,4,5
2,4,5
2,4,5
2,4,5
2,4,5
2,4,5
2,4,5
2,4,5
2,4,5
2,4,5
2,4,5
2,4,5
2,4,5
2,4,5
2,4,5
2,4,5
2,4,5
2,4,5
2,4,5
2,4,5
2,4,5
2,4,5
2,4,5
2,4,5
2,4,5
2,4,5
2,4,5
2,4,5
2,4,5
2,4,5
2,4,5
2,4,5
2,4,5
2,4,5
2,4,5
2,4,5
2,4,5
2,4,5
2,4,5
2,4,5
2,4,5
2,4,5
2,4,5
2,4,5
2,4,5
2,4,5
2,4,5
2,4,5
2,4,5
2,4,5
2,4,5
2,4,5
2,4,5
2,4,5
2,4,5
2,4,5
2,4,5
2,4,5
2,4,5
2,4,5
2,4,5
2,4,5
2,4,5
2,4,5
2,4,5
2,4,5
2,4,5
2,4,5
2,4,5
2,4,5
2,4,5
2,4,5
2,4,5
2,4,5
2,4,5
2,4,5
2,4,5
2,4,5
2,4,5
2,4,5
2,4,5
2,4,5
2,4,5
2,4,5
2,4,5
2,4,5
2,4,5
2,4,5
2,4,5
2,4,5
2,4,5
2,4,5
2,4,5
2,4,5
2,4,5
2,4,5
2,4,5
2,4,5
2,4,5
2,4,5
2,4,5
2,4,5
2,4,5
2,4,5
2,4,5
2,4,5
2,4,5
2,4,5
2,4,5
2,4,5
2,4,5
2,4,5
2,4,5
2,4,5
2,4,5
2,4,5
2,4,5
2,4,5
2,4,5
2,4,5
2,4,5
2,4,5
2,4,5
2,4,5
2,4,5
2,4,5
2,4,5
2,4,5
2,4,5
2,4,5
2,4,5
2,4,5
2,4,5
2,4,5
2,4,5
2,4,5
2,4,5
2,4,5
2,4,5
2,4,5
2,4,5
2,4,5
2,4,5
2,4,5
2,4,5
2,4,5
2,4,5
2,4,5
2,4,5
2,4,5
2,4,5
2,4,5
2,4,5
2,4,5
2,4,5
2,4,5
2,4,5
2,4,5
2,4,5
2,4,5
2,4,5
2,4,5
2,4,5
2,4,5
2,4,5
2,4,5
2,4,5
2,4,5
2,4,5
2,4,5
2,4,5
2,4,5
2,4,5
2,4,5
2,4,5
2,4,5
2,4,5
2,4,5
2,4,5
2,4,5
2,4,5
2,4,5
2,4,5
2,4,5
2,4,5
2,4,5
2,4,5
2,4,5
2,4,5
2,4,5
2,4,5
2,4,5
2,4,5
2,4,5
2,4,5
2,4,5
2,4,5
2,4,5
2,4,5
2,4,5
2,4,5
2,4,5
2,4,5
2,4,5
2,4,5
2,4,5
2,4,5
2,4,5
2,4,5
2,4,5
2,4,5
2,4,5
2,4,5
2,4,5
2,4,5
2,4,5
2,4,5
2,4,5
2,4,5
2,4,5
2,4,5
2,4,5
2,4,5
2,4,5
2,4,5
2,4,5
2,4,5
2,4,5
2,4,5
2,4,5
2,4,5
2,4,5
2,4,5
2,4,5
2,4,5
2,4,5
2,4,5
2,4,5
2,4,5
2,4,5
2,4,5
2,4,5
2,4,5
2,4,5
2,4,5
2,4,5
2,4,5
2,4,5
2,4,5
2,4,5
2,4,5
2,4,5
2,4,5
2,4,5
2,4,5
2,4,5
2,4,5
2,4,5
2,4,5
2,4,5
2,4,5
2,4,5
2,4,5
2,4,5
2,4,5
2,4,5
2,4,5
2,4,5
2,4,5
2,4,5
2,4,5
2,4,5
2,4,5
2,4,5
2,4,5
2,4,5
2,4,5
2,4,5
2,4,5
2,4,5
2,4,5
2,4,5
2,4,5
2,4,5
2,4,5
2,4,5
2,4,5
2,4,5
2,4,5
2,4,5
2,4,5
2,4,5
2,4,5
2,4,5
2,4,5
2,4,5
2,4,5
2,4,5
2,4,5
2,4,5
2,4,5
2,4,5
2,4,5
2,4,5
2,4,5
2,4,5
2,4,5
2,4,5
2,4,5
2,4,5
2,4,5
2,4,5
2,4,5
2,4,5
2,4,5
2,4,5
2,4,5
2,4,5
2,4,5
2,4,5
2,4,5
2,4,5
2,4,5
2,4,5
2,4,5
2,4,5
2,4,5
2,4,5
2,4,5
2,4,5
2,4,5
2,4,5
2,4,5
2,4,5
2,4,5
2,4,5
2,4,5
2,4,5
2,4,5
2,4,5
2,4,5
2,4,5
2,4,5
2,4,5
2,4,5
2,4,5
2,4,5
2,4,5
2,4,5
2,4,5
2,4,5
2,4,5
2,4,5
2,4,5
2,4,5
2,4,5
2,4,5
2,4,5
2,4,5
2,4,5
2,4,5
2,4,5
2,4,5
2,4,5
2,4,5
2,4,5
2,4,5
2,4,5
2,4,5
2,4,5
2,4,5
2,4,5
2,4,5
2,4,5
2,4,5
2,4,5
2,4,5
2,4,5
2,4,5
2,4,5
2,4,5
2,4,5
2,4,5
2,4,5
2,4,5
2,4,5
2,4,5
2,4,5
2,4,5
2,4,5
2,4,5
2,4,5
2,4,5
2,4,5
2,4,5
2,4,5
2,4,5
2,4,5
2,4,5
2,4,5
2,4,5
2,4,5
2,4,5
2,4,5
2,4,5
2,4,5
2,4,5
2,4,5
2,4,5
2,4,5
2,4,5
2,4,5
2,4,5
2,4,5
2,4,5
2,4,5
2,4,5
2,4,5
2,4,5
2,4,5
2,4,5
2,4,5
2,4,5
2,4,5
2,4,5
2,4,5
2,4,5
2,4,5
2,4,5
2,4,5
2,4,5
2,4,5
2,4,5
2,4,5
2,4,5
2,4,5
2,4,5
2,4,5
2,4,5
2,4,5
2,4,5
2,4,5
2,4,5
2,4,5
2,4,5
2,4,5
2,4,5
2,4,5
2,4,5
2,4,5
2,4,5
2,4,5
2,4,5
2,4,5
2,4,5
2,4,5
2,4,5
2,4,5
2,4,5
2,4,5
2,4,5
2,4,5
2,4,5
2,4,5
2,4,5
2,4,5
2,4,5
2,4,5
2,4,5
2,4,5
2,4,5
2,4,5
2,4,5
2,4,5
2,4,5
2,4,5
2,4,5
2,4,5
2,4,5
2,4,5
2,4,5
2,4,5
2,4,5
2,4,5
2,4,5
2,4,5
2,4,5
2,4,5
2,4,5
2,4,5
2,4,5
2,4,5
2,4,5
2,4,5
2,4,5
2,4,5
2,4,5
2,4,5
2,4,5
2,4,5
2,4,5
2,4,5
2,4,5
2,4,5
2,4,5
2,4,5
2,4,5
2,4,5
2,4,5
2,4,5
2,4,5
2,4,5
2,4,5
2,4,5
2,4,5
2,4,5
2,4,5
2,4,5
2,4,5
2,4,5
2,4,5
2,4,5
2,4,5
2,4,5
2,4,5
2,4,5
2,4,5
2,4,5
2,4,5
2,4,5
2,4,5
2,4,5
2,4,5
2,4,5
2,4,5
2,4,5
2,4,5
2,4,5
2,4,5
2,4,5
2,4,5
2,4,5
2,4,5
2,4,5
2,4,5
2,4,5
2,4,5
2,4,5
2,4,5
2,4,5
2,4,5
2,4,5
2,4,5
2,4,5
2,4,5
2,4,5
2,4,5
2,4,5
2,4,5
2,4,5
2,4,5
2,4,5
2,4,5
2,4,5
2,4,5
2,4,5
2,4,5
2,4,5
2,4,5
2,4,5
2,4,5
2,4,5
2,4,5
2,4,5
2,4,5
2,4,5
2,4,5
2,4,5
2,4,5
2,4,5
2,4,5
2,4,5
2,4,5
2,4,5
2,4,5
2,4,5
2,4,5
2,4,5
2,4,5
2,4,5
2,4,5
2,4,5
2,4,5
2,4,5
2,4,5
2,4,5
2,4,5
2,4,5
2,4,5
2,4,5
2,4,5
2,4,5
2,4,5
2,4,5
2,4,5
2,4,5
2,4,5
2,4,5
2,4,5
2,4,5
2,4,5
2,4,5
2,4,5
2,4,5
2,4,5
2,4,5
2,4,5
2,4,5
2,4,5
2,4,5
2,4,5
2,4,5
2,4,5
2,4,5
2,4,5
2,4,5
2,4,5
2,4,5
2,4,5
2,4,5
2,4,5
2,4,5
2,4,5
2,4,5
2,4,5
2,4,5
2,4,5
2,4,5
2,4,5
2,4,5
2,4,5
2,4,5
2,4,5
2,4,5
2,4,5
2,4,5
2,4,5
2,4,5
2,4,5
2,4,5
2,4,5
2,4,5
2,4,5
2,4,5
2,4,5
2,4,5
2,4,5
2,4,5
2,4,5
2,4,5
2,4,5
2,4,5
2,4,5
2,4,5
2,4,5
2,4,5
2,4,5
2,4,5
2,4,5
2,4,5
2,4,5
2,4,5
2,4,5
2,4,5
2,4,5
2,4,5
2,4,5
2,4,5
2,4,5
2,4,5
2,4,5
2,4,5
2,4,5
2,4,5
2,4,5
2,4,5
2,4,5
2,4,5
2,4,5
2,4,5
2,4,5
2,4,5
2,4,5
2,4,5
2,4,5
2,4,5
2,4,5
2,4,5
2,4,5
2,4,5
2,4,5
2,4,5
2,4,5
2,4,5
2,4,5
2,4,5
2,4,5
2,4,5
2,4,5
2,4,5
2,4,5
2,4,5
2,4,5
2,4,5
2,4,5
2,4,5
2,4,5
2,4,5
2,4,5
2,4,5
2,4,5
2,4,5
2,4,5
2,4,5
2,4,5
2,4,5
2,4,5
2,4,5
2,4,5
2,4,5
2,4,5
2,4,5
2,4,5
2,4,5
2,4,5
2,4,5
2,4,5
2,4,5
2,4,5
2,4,5
2,4,5
2,4,5
2,4,5
2,4,5
2,4,5
2,4,5
2,4,5
2,4,5
2,4,5
2,4,5
2,4,5
2,4,5
2,4,5
2,4,5
2,4,5
2,4,5
2,4,5
2,4,5
2,4,5
2,4,5
2,4,5
2,4,5
2,4,5
2,4,5
2,4,5
2,4,5
2,4,5
2,4,5
2,4,5
2,4,5
2,4,5
2,4,5
2,4,5
2,4,5
2,4,5
2,4,5
2,4,5
2,4,5
2,4,5
2,4,5
2,4,5
2,4,5
2,4,5
2,4,5
2,4,5
2,4,5
2,4,5
2,4,5
2,4,5
2,4,5
2,4,5
2,4,5
2,4,5
2,4,5
2,4,5
2,4,5
2,4,5
2,4,5
2,4,5
2,4,5
2,4,5
2,4,5
2,4,5
2,4,5
2,4,5
2,4,5
2,4,5
2,4,5
2,4,5
2,4,5
2,4,5
2,4,5
2,4,5
2,4,5
2,4,5
2,4,5
2,4,5
2,4,5
2,4,5
2,4,5
2,4,5
2,4,5
2,4,5
2,4,5
2,4,5
2,4,5
2,4,5
2,4,5
2,4,5
2,4,5
2,4,5
2,4,5
2,4,5
2,4,5
2,4,5
2,4,5
2,4,5
2,4,5
2,4,5
2,4,5
2,4,5
2,4,5
2,4,5
2,4,5
2,4,5
2,4,5
2,4,5
2,4,5
2,4,5
2,4,5
2,4,5
2,4,5
2,4,5
2,4,5
2,4,5
2,4,5
2,4,5
2,4,5
2,4,5
2,4,5
2,4,5
2,4,5
2,4,5
2,4,5
2,4,5
2,4,5
2,4,5
2,4,5
2,4,5
2,4,5
2,4,5
2,4,5
2,4,5
2,4,5
2,4,5
2,4,5
2,4,5
2,4,5
2,4,5
2,4,5
2,4,5
2,4,5
2,4,5
2,4,5
2,4,5
2,4,5
2,4,5
2,4,5
2,4,5
2,4,5
2,4,5
2,4,5
2,4,5
2,4,5
2,4,5
2,4,5
2,4,5
2,4,5
2,4,5
2,4,5
2,4,5
2,4,5
2,4,5
2,4,5
2,4,5
2,4,5
2,4,5
2,4,5
2,4,5
2,4,5
2,4,5
2,4,5
2,4,5
2,4,5
2,4,5
2,4,5
2,4,5
2,4,5
2,4,5
2,4,5
2,4,5
2,4,5
2,4,5
2,4,5
2,4,5
2,4,5
2,4,5
2,4,5
2,4,5
2,4,5
2,4,5
2,4,5
2,4,5
2,4,5
2,4,5
2,4,5
2,4,5
2,4,5
2,4,5
2,4,5
2,4,5
2,4,5
2,4,5
2,4,5
2,4,5
2,4,5
2,4,5
2,4,5
2,4,5
2,4,5
2,4,5
2,4,5
2,4,5
2,4,5
2,4,5
2,4,5
2,4,5
2,4,5
2,4,5
2,4,5
2,4,5
2,4,5
2,4,5
2,4,5
2,4,5
2,4,5
2,4,5
2,4,5
2,4,5
2,4,5
2,4,5
2,4,5
2,4,5
2,4,5
2,4,5
2,4,5
2,4,5
2,4,5
2,4,5
2,4,5
2,4,5
2,4,5
2,4,5
2,4,5
2,4,5
2,4,5
2,4,5
2,4,5
2,4,5
2,4,5
2,4,5
2,4,5
2,4,5
2,4,5
2,4,5
2,4,5
2,4,5
2,4,5
2,4,5
2,4,5
2,4,5
2,4,5
2,4,5
2,4,5
2,4,5
2,4,5
2,4,5
2,4,5
2,4,5
2,4,5
2,4,5
2,4,5
2,4,5
2,4,5
2,4,5
2,4,5
2,4,5
2,4,5
2,4,5
2,4,5
2,4,5
2,4,5
2,4,5
2,4,5
2,4,5
2,4,5
2,4,5
2,4,5
2,4,5
2,4,5
2,4,5
2,4,5
2,4,5
2,4,5
2,4,5
2,4,5
2,4,5
2,4,5
2,4,5
2,4,5
2,4,5
2,4,5
2,4,5
2,4,5
2,4,5
2,4,5
2,4,5
2,4,5
2,4,5
2,4,5
2,4,5
2,4,5
2,4,5
2,4,5
2,4,5
2,4,5
2,4,5
2,4,5
2,4,5
2,4,5
2,4,5
2,4,5
2,4,5
2,4,5
2,4,5
2,4,5
2,4,5
2,4,5
2,4,5
2,4,5
2,4,5
2,4,5
2,4,5
2,4,5
2,4,5
2,4,5
2,4,5
2,4,5
2,4,5
2,4,5
2,4,5
2,4,5
2,4,5
2,4,5
2,4,5
2,4,5
2,4,5
2,4,5
2,4,5
2,4,5
2,4,5
2,4,5
2,4,5
2,4,5
2,4,5
2,4,5
2,4,5
2,4,5
2,4,5
2,4,5
2,4,5
2,4,5
2,4,5
2,4,5
2,4,5
2,4,5
2,4,5
2,4,5
2,4,5
2,4,5
2,4,5
2,4,5
2,4,5
2,4,5
2,4,5
2,4,5
2,4,5
2,4,5
2,4,5
2,4,5
2,4,5
2,4,5
2,4,5
2,4,5
2,4,5
2,4,5
2,4,5
2,4,5
2,4,5
2,4,5
2,4,5
2,4,5
2,4,5
2,4,5
2,4,5
2,4,5
2,4,5
2,4,5
2,4,5
2,4,5
2,4,5
2,4,5
2,4,5
2,4,5
2,4,5
2,4,5
2,4,5
2,4,5
2,4,5
2,4,5
2,4,5
2,4,5
2,4,5
2,4,5
2,4,5
0,4,5
0,4,5
0,4,5
0,4,5
0,4,5
0,4,5
0,4,5
0,4,5
0,4,5
0,4,5
0,4,5
0,4,5
0,4,5
0,4,5
0,4,5
0,4,5
0,4,5
0,4,5
0,4,5
0,4,5
0,4,5
0,4,5
0,4,5
0,4,5
0,4,5
0,4,5
0,0,0
0,0,0
0,0,0
0,0,0
0,0,0
0,0,0
0,0,0
0,0,0
0,0,0
0,0,0
0,0,0
0,0,0
0,0,0
0,0,0
0,0,0
0,0,0
0,0,0
0,0,0
0,0,0
0,0,0
0,0,0
0,0,0
0,0,0
0,0,0
0,0,0
0,0,0
0,0,0
0,0,0
0,0,0
0,0,0
0,0,0
0,0,0
0,0,0
0,0,0
0,0,0
0,0,0
0,0,0
0,0,0
0,0,0
0,0,0
0,0,0
0,0,0
0,0,0
0,0,0
0,0,0
0,0,0
0,0,0
0,0,0
0,0,0
0,0,0
0,0,0
0,0,0
0,0,0
0,0,0
0,0,0
0,0,0
0,0,0
0,0,0
0,0,0
0,0,0
0,0,0
0,0,0
0,0,0
0,0,0
0,0,0
0,0,0
0,0,0
0,0,0
0,0,0
0,0,0
0,0,0
0,0,0
0,0,0
0,0,0
0,0,0
0,0,0
0,0,0
0,0,0
0,0,0
0,0,0
0,0,0
0,0,0
0,0,0
0,0,0
0,0,0
0,0,0
0,0,0
0,0,0
0,0,0
0,0,0
0,0,0
0,0,0
0,0,0
0,0,0
0,0,0
0,0,0
0,0,0
0,0,0
0,0,0
0,0,0
0,0,0
0,0,0
0,0,0
0,0,0
0,0,0
0,0,0
0,0,0
0,0,0
0,0,0
0,0,0
0,0,0
0,0,0
0,0,0
0,0,0
0,0,0
0,0,0
0,0,0
0,0,0
0,0,0
0,0,0
0,0,0
0,0,0
0,0,0
0,0,0
0,0,0
0,0,0
0,0,0
0,0,0
0,0,0
0,0,0
0,0,0
0,0,0
0,0,0
0,0,0
0,0,0
0,0,0
0,0,0
0,0,0
0,0,0
0,0,0
0,0,0
0,0,0
0,0,0
0,0,0
0,0,0
0,0,0
0,0,0
0,0,0
0,0,0
0,0,0
0,0,0
0,0,0
0,0,0
0,0,0
0,0,0
0,0,0
0,0,0
0,0,0
0,0,0
0,0,0
0,0,0
0,0,0
0,0,0
0,0,0
0,0,0
0,0,0
0,0,0
0,0,0
0,0,0
0,0,0
0,0,0
0,0,0
0,0,0
0,0,0
0,0,0
0,0,0
0,0,0
0,0,0
0,0,0
0,0,0
0,0,0
0,0,0
0,0,0
0,0,0
0,0,0
0,0,0
0,0,0
0,0,0
0,0,0
0,0,0
0,0,0
0,0,0
0,0,0
0,0,0
0,0,0
0,0,0
0,0,0
0,0,0
0,0,0
0,0,0
0,0,0
0,0,0
0,0,0
0,0,0
0,0,0
0,0,0
0,0,0
0,0,0
0,0,0
0,0,0
0,0,0
0,0,0
0,0,0
0,0,0
0,0,0
0,0,0
0,0,0
0,0,0
0,0,0
0,0,0
0,0,0
0,0,0
0,0,0
0,0,0
0,0,0
0,0,0
0,0,0
0,0,0
0,0,0
0,0,0
0,0,0
0,0,0
0,0,0
0,0,0
0,0,0
0,0,0
0,0,0
0,0,0
0,0,0
0,0,0
0,0,0
0,0,0
0,0,0
0,0,0
0,0,0
0,0,0
0,0,0
0,0,0
0,0,0
0,0,0
0,0,0
0,0,0
0,0,0
0,0,0
0,0,0
0,0,0
0,0,0
0,0,0
0,0,0
0,0,0
0,0,0
0,0,0
0,0,0
0,0,0
0,0,0
0,0,0
0,0,0
0,0,0
0,0,0
0,0,0
0,0,0
0,0,0
0,0,0
0,0,0
0,0,0
0,0,0
0,0,0
0,0,0
0,0,0
0,0,0
0,0,0
0,0,0
0,0,0
0,0,0
0,0,0
0,0,0
0,0,0
0,0,0
0,0,0
0,0,0
0,0,0
0,0,0
0,0,0
0,0,0
0,0,0
0,0,0
0,0,0
0,0,0
0,0,0
0,0,0
0,0,0
0,0,0
0,0,0
0,0,0
0,0,0
0,0,0
0,0,0
0,0,0
0,0,0
0,0,0
0,0,0
0,0,0
0,0,0
0,0,0
0,0,0
0,0,0
0,0,0
0,0,0
0,0,0
0,0,0
0,0,0
0,0,0
0,0,0
0,0,0
0,0,0
0,0,0
0,0,0
0,0,0
0,0,0
0,0,0
0,0,0
0,0,0
0,0,0
0,0,0
0,0,0
0,0,0
0,0,0
0,0,0
0,0,0
0,0,0
0,0,0
0,0,0
0,0,0
0,0,0
0,0,0
0,0,0
0,0,0
0,0,0
0,0,0
0,0,0
0,0,0
0,0,0
0,0,0
0,0,0
0,0,0
0,0,0
0,0,0
0,0,0
0,0,0
0,0,0
0,0,0
0,0,0
0,0,0
0,0,0
0,0,0
0,0,0
0,0,0
0,0,0
0,0,0
0,0,0
0,0,0
0,0,0
0,0,0
0,0,0
0,0,0
0,0,0
0,0,0
0,0,0
0,0,0
0,0,0
0,0,0
0,0,0
0,0,0
0,0,0
0,0,0
0,0,0
0,0,0
0,0,0
0,0,0
0,0,0
0,0,0
0,0,0
0,0,0
0,0,0
0,0,0
0,0,0
0,0,0
0,0,0
0,0,0
0,0,0
0,0,0
0,0,0
0,0,0
0,0,0
0,0,0
0,0,0
0,0,0
0,0,0
0,0,0
0,0,0
0,0,0
0,0,0
0,0,0
0,0,0
0,0,0
0,0,0
0,0,0
0,0,0
0,0,0
0,0,0
0,0,0
0,0,0
0,0,0
0,0,0
0,0,0
0,0,0
0,0,0
0,0,0
0,0,0
0,0,0
0,0,0
0,0,0
0,0,0
0,0,0
0,0,0
0,0,0
0,0,0
0,0,0
0,0,0
0,0,0
0,0,0
0,0,0
0,0,0
0,0,0
0,0,0
0,0,0
0,0,0
0,0,0
0,0,0
0,0,0
0,0,0
0,0,0
0,0,0
0,0,0
0,0,0
0,0,0
0,0,0
0,0,0
0,0,0
0,0,0
0,0,0
0,0,0
0,0,0
0,0,0
0,0,0
0,0,0
0,0,0
0,0,0
0,0,0
0,0,0
0,0,0
0,0,0
0,0,0
0,0,0
0,0,0
0,0,0
0,0,0
0,0,0
0,0,0
0,0,0
0,0,0
0,0,0
0,0,0
0,0,0
0,0,0
0,0,0
0,0,0
0,0,0
0,0,0
0,0,0
0,0,0
0,0,0
0,0,0
0,0,0
0,0,0
0,0,0
0,0,0
0,0,0
0,0,0
0,0,0
0,0,0
0,0,0
0,0,0
0,0,0
0,0,0
0,0,0
0,0,0
0,0,0
0,0,0
0,0,0
0,0,0
0,0,0
0,0,0
0,0,0
0,0,0
0,0,0
0,0,0
0,0,0
0,0,0
0,0,0
0,0,0
0,0,0
0,0,0
0,0,0
0,0,0
0,0,0
0,0,0
0,0,0
0,0,0
0,0,0
0,0,0
0,0,0
0,0,0
0,0,0
0,0,0
0,0,0
0,0,0
0,0,0
0,0,0
0,0,0
0,0,0
0,0,0
0,0,0
0,0,0
0,0,0
0,0,0
0,0,0
0,0,0
0,0,0
0,0,0
0,0,0
0,0,0
0,0,0
0,0,0
0,0,0
0,0,0
0,0,0
0,0,0
0,0,0
0,0,0
0,0,0
0,0,0
0,0,0
0,0,0
0,0,0
0,0,0
0,0,0
0,0,0
0,0,0
0,0,0
0,0,0
0,0,0
0,0,0
0,0,0
0,0,0
0,0,0
0,0,0
0,0,0
0,0,0
0,0,0
0,0,0
0,0,0
0,0,0
0,0,0
0,0,0
0,0,0
0,0,0
0,0,0
0,0,0
0,0,0
0,0,0
0,0,0
0,0,0
0,0,0
0,0,0
0,0,0
0,0,0
0,0,0
0,0,0
0,0,0
0,0,0
0,0,0
0,0,0
0,0,0
0,0,0
0,0,0
0,0,0
0,0,0
0,0,0
0,0,0
0,0,0
0,0,0
0,0,0
0,0,0
0,0,0
0,0,0
0,0,0
0,0,0
0,0,0
0,0,0
0,0,0
0,0,0
0,0,0
0,0,0
0,0,0
0,0,0
0,0,0
0,0,0
0,0,0
0,0,0
0,0,0
0,0,0
0,0,0
0,0,0
0,0,0
0,0,0
0,0,0
0,0,0
0,0,0
0,0,0
0,0,0
0,0,0
0,0,0
0,0,0
0,0,0
0,0,0
0,0,0
0,0,0
0,0,0
0,0,0
0,0,0
0,0,0
0,0,0
0,0,0
0,0,0
0,0,0
0,0,0
0,0,0
0,0,0
0,0,0
0,0,0
0,0,0
0,0,0
0,0,0
0,0,0
0,0,0
0,0,0
0,0,0
0,0,0
0,0,0
0,0,0
0,0,0
0,0,0
0,0,0
0,0,0
0,0,0
0,0,0
0,0,0
0,0,0
0,0,0
0,0,0
0,0,0
0,0,0
0,0,0
0,0,0
0,0,0
0,0,0
0,0,0
0,0,0
0,0,0
0,0,0
0,0,0
0,0,0
0,0,0
0,0,0
0,0,0
0,0,0
0,0,0
0,0,0
0,0,0
0,0,0
0,0,0
0,0,0
0,0,0
0,0,0
0,0,0
0,0,0
0,0,0
0,0,0
0,0,0
0,0,0
0,0,0
0,0,0
0,0,0
0,0,0
0,0,0
0,0,0
0,0,0
0,0,0
0,0,0
0,0,0
0,0,0
0,0,0
0,0,0
0,0,0
0,0,0
0,0,0
0,0,0
0,0,0
0,0,0
0,0,0
0,0,0
0,0,0
0,0,0
0,0,0
0,0,0
0,0,0
0,0,0
0,0,0
0,0,0
0,0,0
0,0,0
0,0,0
0,0,0
0,0,0
0,0,0
0,0,0
0,0,0
0,0,0
0,0,0
0,0,0
0,0,0
0,0,0
0,0,0
0,0,0
0,0,0
0,0,0
0,0,0
0,0,0
0,0,0
0,0,0
0,0,0
0,0,0
0,0,0
0,0,0
0,0,0
0,0,0
0,0,0
0,0,0
0,0,0
0,0,0
0,0,0
0,0,0
0,0,0
0,0,0
0,0,0
0,0,0
0,0,0
0,0,0
0,0,0
0,0,0
0,0,0
0,0,0
0,0,0
0,0,0
0,0,0
0,0,0
0,0,0
0,0,0
0,0,0
0,0,0
0,0,0
0,0,0
0,0,0
0,0,0
0,0,0
0,0,0
0,0,0
0,0,0
0,0,0
0,0,0
0,0,0
0,0,0
0,0,0
0,0,0
0,0,0
0,0,0
0,0,0
0,0,0
0,0,0
0,0,0
0,0,0
0,0,0
0,0,0
0,0,0
0,0,0
0,0,0
0,0,0
0,0,0
0,0,0
0,0,0
0,0,0
0,0,0
0,0,0
0,0,0
0,0,0
0,0,0
0,0,0
0,0,0
0,0,0
0,0,0
0,0,0
0,0,0
0,0,0
0,0,0
0,0,0
0,0,0
0,0,0
0,0,0
0,0,0
0,0,0
0,0,0
0,0,0
0,0,0
0,0,0
0,0,0
0,0,0
0,0,0
0,0,0
0,0,0
0,0,0
0,0,0
0,0,0
0,0,0
0,0,0
0,0,0
0,0,0
0,0,0
0,0,0
0,0,0
0,0,0
0,0,0
0,0,0
0,0,0
0,0,0
0,0,0
0,0,0
0,0,0
0,0,0
0,0,0
0,0,0
0,0,0
0,0,0
0,0,0
0,0,0
0,0,0
0,0,0
0,0,0
0,0,0
0,0,0
0,0,0
0,0,0
0,0,0
0,0,0
0,1,1
0,1,1
0,1,1
0,1,1
0,1,1
0,1,1
0,1,1
1,1,1
1,1,1
1,1,1
1,1,1
1,1,1
1,1,1
1,1,1
1,1,1
1,1,1
1,1,1
1,1,1
1,1,1
1,1,1
1,1,1
1,1,1
1,1,1
1,1,1
1,1,1
1,1,1
1,1,1
1,1,1
1,1,1
1,1,1
1,1,1
1,1,1
1,1,1
1,1,1
1,1,1
1,1,1
1,1,1
1,1,1
1,1,1
1,1,1
1,1,1
1,1,1
1,1,1
1,1,1
1,1,1
1,1,1
1,1,1
1,1,1
1,1,1
1,1,1
1,1,1
1,1,1
1,1,1
1,1,1
1,1,1
1,1,1
1,1,1
1,1,1
1,1,1
1,1,1
1,1,1
1,1,1
1,1,1
1,1,1
1,1,1
1,1,1
1,1,1
1,1,1
1,1,1
1,1,1
1,1,1
1,1,1
1,1,1
1,1,1
1,1,1
1,1,1
1,1,1
1,1,1
1,1,1
1,1,1
1,1,1
1,1,1
1,1,1
1,1,1
1,1,1
1,1,1
1,1,1
1,1,1
1,1,1
1,1,1
1,1,1
1,1,1
1,1,1
1,1,1
1,1,1
1,1,1
1,1,1
1,1,1
1,1,1
1,1,1
1,1,1
1,1,1
1,1,1
1,1,1
1,1,1
1,1,1
1,1,1
1,1,1
1,1,1
1,1,1
1,1,1
1,1,1
1,1,1
1,1,1
1,1,1
1,1,1
1,1,1
1,1,1
1,1,1
1,1,1
1,1,1
1,1,1
1,1,1
1,1,1
1,1,1
1,1,1
1,1,1
1,1,1
1,1,1
1,1,1
1,1,1
1,1,1
1,1,1
1,1,1
1,1,1
1,1,1
1,1,1
1,1,1
1,1,1
1,1,1
1,1,1
1,1,1
1,1,1
1,1,1
1,1,1
1,1,1
1,1,1
1,1,1
1,1,1
1,1,1
1,1,1
1,1,1
1,1,1
1,1,1
1,1,1
1,1,1
1,1,1
1,1,1
1,1,1
1,1,1
1,1,1
1,1,1
1,1,1
1,1,1
1,1,1
1,1,1
1,1,1
1,1,1
1,1,1
1,1,1
1,1,1
1,1,1
1,1,1
1,1,1
1,1,1
1,1,1
1,1,1
1,1,1
1,1,1
1,1,1
1,1,1
1,1,1
1,1,1
1,1,1
1,1,1
1,1,1
1,1,1
1,1,1
1,1,1
1,1,1
1,1,1
1,1,1
1,1,1
1,1,1
1,1,1
1,1,1
1,1,1
1,1,1
1,1,1
1,1,1
1,1,1
1,1,1
1,1,1
1,1,1
1,1,1
1,1,1
1,1,1
1,1,1
1,1,1
1,1,1
1,1,1
1,1,1
1,1,1
1,1,1
1,1,1
1,1,1
1,1,1
1,1,1
1,1,1
1,1,1
1,1,1
1,1,1
1,1,1
1,1,1
1,1,1
1,1,1
1,1,1
1,1,1
1,1,1
1,1,1
1,1,1
1,1,1
1,1,1
1,1,1
1,1,1
1,1,1
1,1,1
1,1,1
1,1,1
1,1,1
1,1,1
1,1,1
1,1,1
1,1,1
1,1,1
1,1,1
1,1,1
1,1,1
1,1,1
1,1,1
1,1,1
1,1,1
1,1,1
1,1,1
1,1,1
1,1,1
1,1,1
1,1,1
1,1,1
1,1,1
1,5,6
1,5,6
1,5,6
1,5,6
1,5,6
1,5,6
1,5,6
1,5,6
1,5,6
1,5,6
1,5,6
1,5,6
1,5,6
1,5,6
1,5,6
1,5,6
1,5,6
1,5,6
1,5,6
1,5,6
1,5,6
1,5,6
1,5,6
1,5,6
1,5,6
1,5,6
1,5,6
1,5,6
1,5,6
1,5,6
1,5,6
1,5,6
1,5,6
1,5,6
1,5,6
1,5,6
1,5,6
1,5,6
1,5,6
1,5,6
1,5,6
1,5,6
1,5,6
1,5,6
1,5,6
1,5,6
1,5,6
1,5,6
1,5,6
1,5,6
1,5,6
1,5,6
1,5,6
1,5,6
1,5,6
1,5,6
1,5,6
1,5,6
1,5,6
1,5,6
1,5,6
1,5,6
1,5,6
1,5,6
1,5,6
1,5,6
1,5,6
1,5,6
1,5,6
1,5,6
1,5,6
1,5,6
1,5,6
1,5,6
1,5,6
1,5,6
1,5,6
1,5,6
1,5,6
1,5,6
1,5,6
1,5,6
1,5,6
1,5,6
1,5,6
1,5,6
1,5,6
1,5,6
1,5,6
1,5,6
1,5,6
1,5,6
1,5,6
1,5,6
1,5,6
1,5,6
1,5,6
1,5,6
1,5,6
1,5,6
1,5,6
1,5,6
1,5,6
1,5,6
1,5,6
1,5,6
1,5,6
1,5,6
1,5,6
1,5,6
1,5,6
1,5,6
1,5,6
1,5,6
1,5,6
1,5,6
1,5,6
1,5,6
1,5,6
1,5,6
1,5,6
1,5,6
1,5,6
1,5,6
1,5,6
1,5,6
1,5,6
1,5,6
1,5,6
1,5,6
1,5,6
1,5,6
1,5,6
1,5,6
1,5,6
1,5,6
1,5,6
1,5,6
1,5,6
1,5,6
1,5,6
1,5,6
1,5,6
1,5,6
1,5,6
1,5,6
1,5,6
1,5,6
1,5,6
1,5,6
1,5,6
1,5,6
1,5,6
1,5,6
1,5,6
1,5,6
1,5,6
1,5,6
1,5,6
1,5,6
1,5,6
1,5,6
1,5,6
1,5,6
1,5,6
1,5,6
1,5,6
1,5,6
1,5,6
1,5,6
1,5,6
1,5,6
1,5,6
1,5,6
1,5,6
1,5,6
1,5,6
1,5,6
1,5,6
1,5,6
1,5,6
1,5,6
1,5,6
1,5,6
1,5,6
1,5,6
1,5,6
1,5,6
1,5,6
1,5,6
1,5,6
1,5,6
1,5,6
1,5,6
1,5,6
1,5,6
1,5,6
1,5,6
1,5,6
1,5,6
1,5,6
1,5,6
1,5,6
1,5,6
1,5,6
1,5,6
1,5,6
1,5,6
1,5,6
1,5,6
1,5,6
1,5,6
1,5,6
1,5,6
1,5,6
1,5,6
1,5,6
1,5,6
1,5,6
1,5,6
1,5,6
1,5,6
1,5,6
1,5,6
1,5,6
1,5,6
1,5,6
1,5,6
1,5,6
1,5,6
1,5,6
1,5,6
1,5,6
1,5,6
1,5,6
1,5,6
1,5,6
1,5,6
1,5,6
1,5,6
1,5,6
1,5,6
1,5,6
1,5,6
1,5,6
1,5,6
1,5,6
1,5,6
1,5,6
1,5,6
1,5,6
1,5,6
1,5,6
1,5,6
1,5,6
1,5,6
1,5,6
1,5,6
1,5,6
1,5,6
1,5,6
1,5,6
1,5,6
1,5,6
1,5,6
1,5,6
1,5,6
1,5,6
1,5,6
1,5,6
1,5,6
1,5,6
1,5,6
1,5,6
1,5,6
1,5,6
1,5,6
1,5,6
1,5,6
1,5,6
1,5,6
1,5,6
1,5,6
1,5,6
1,5,6
1,5,6
1,5,6
1,5,6
1,5,6
1,5,6
1,5,6
1,5,6
1,5,6
1,5,6
1,5,6
1,5,6
1,5,6
1,5,6
1,5,6
1,5,6
1,5,6
1,5,6
1,5,6
1,5,6
1,5,6
1,5,6
1,5,6
1,5,6
1,5,6
1,5,6
1,5,6
1,5,6
1,5,6
1,5,6
1,5,6
1,5,6
1,5,6
1,5,6
1,5,6
1,5,6
1,5,6
1,5,6
1,5,6
1,5,6
2,5,6
2,5,6
2,5,6
2,5,6
2,5,6
2,5,6
2,5,6
2,5,6
2,5,6
2,5,6
2,5,6
2,5,6
2,5,6
2,5,6
2,5,6
2,5,6
2,5,6
2,5,6
2,5,6
2,5,6
2,5,6
2,5,6
2,5,6
2,5,6
2,5,6
2,5,6
2,5,6
2,5,6
2,5,6
2,5,6
2,5,6
2,5,6
2,5,6
2,5,6
2,5,6
2,5,6
2,5,6
2,5,6
2,5,6
2,5,6
2,5,6
2,5,6
2,5,6
2,5,6
2,5,6
2,5,6
2,5,6
2,5,6
2,5,6
2,5,6
2,5,6
2,5,6
2,5,6
2,5,6
2,5,6
2,5,6
2,5,6
2,5,6
2,5,6
2,5,6
2,5,6
2,5,6
2,5,6
2,5,6
2,5,6
2,5,6
2,5,6
2,5,6
2,5,6
2,5,6
2,5,6
2,5,6
2,5,6
2,5,6
2,5,6
2,5,6
2,5,6
2,5,6
2,5,6
2,5,6
2,5,6
2,5,6
2,5,6
2,5,6
2,5,6
2,5,6
2,5,6
2,5,6
2,5,6
2,5,6
2,5,6
2,5,6
2,5,6
2,5,6
2,5,6
2,5,6
2,5,6
2,5,6
2,5,6
2,5,6
2,5,6
2,5,6
2,5,6
2,5,6
2,5,6
2,5,6
2,5,6
2,5,6
2,5,6
2,5,6
2,5,6
2,5,6
2,5,6
2,5,6
2,5,6
2,5,6
2,5,6
2,5,6
2,5,6
2,5,6
2,5,6
2,5,6
2,5,6
2,5,6
2,5,6
2,5,6
2,5,6
2,5,6
2,5,6
2,5,6
2,5,6
2,5,6
2,5,6
2,5,6
2,5,6
2,5,6
2,5,6
2,5,6
2,5,6
2,5,6
2,5,6
2,5,6
2,5,6
2,5,6
2,5,6
2,5,6
2,5,6
2,5,6
2,5,6
2,5,6
2,5,6
2,5,6
2,5,6
2,5,6
2,5,6
2,5,6
2,5,6
2,5,6
2,5,6
2,5,6
2,5,6
2,5,6
2,5,6
2,5,6
2,5,6
2,5,6
2,5,6
2,5,6
2,5,6
2,5,6
2,5,6
2,5,6
2,5,6
2,5,6
2,5,6
2,5,6
2,5,6
2,5,6
2,5,6
2,5,6
2,5,6
2,5,6
2,5,6
2,5,6
2,5,6
2,5,6
2,5,6
2,5,6
2,5,6
2,5,6
2,5,6
2,5,6
2,5,6
2,5,6
2,5,6
2,5,6
2,5,6
2,5,6
2,5,6
2,5,6
2,5,6
2,5,6
2,5,6
2,5,6
2,5,6
2,5,6
2,5,6
2,5,6
2,5,6
2,5,6
2,5,6
2,5,6
2,5,6
2,5,6
2,5,6
2,5,6
2,5,6
2,5,6
2,5,6
2,5,6
2,5,6
2,5,6
2,5,6
2,5,6
2,5,6
2,5,6
2,5,6
2,5,6
2,5,6
2,5,6
2,5,6
2,5,6
2,5,6
2,5,6
2,5,6
2,5,6
2,5,6
2,5,6
2,5,6
2,5,6
2,5,6
2,5,6
2,5,6
2,5,6
2,5,6
2,5,6
2,5,6
2,5,6
2,5,6
2,5,6
2,5,6
2,5,6
2,5,6
2,5,6
2,5,6
2,5,6
2,5,6
2,5,6
2,5,6
2,5,6
2,5,6
2,5,6
2,5,6
2,5,6
2,5,6
2,5,6
2,5,6
2,5,6
2,5,6
2,5,6
2,5,6
2,5,6
2,5,6
2,5,6
2,5,6
2,5,6
2,5,6
2,5,6
2,5,6
2,5,6
2,5,6
2,5,6
2,5,6
2,5,6
2,5,6
2,5,6
2,5,6
2,5,6
2,5,6
2,5,6
2,5,6
2,5,6
2,5,6
2,5,6
2,5,6
2,5,6
2,5,6
2,5,6
2,5,6
2,5,6
2,5,6
2,5,6
2,5,6
2,5,6
2,5,6
2,5,6
2,5,6
2,5,6
2,5,6
2,5,6
2,5,6
2,5,6
2,5,6
2,5,6
2,5,6
2,5,6
2,5,6
2,5,6
2,5,6
2,5,6
2,5,6
2,5,6
2,5,6
2,5,6
2,5,6
2,5,6
2,5,6
2,5,6
2,5,6
2,5,6
2,5,6
2,5,6
2,5,6
2,5,6
2,5,6
2,5,6
2,5,6
2,5,6
2,5,6
2,5,6
2,5,6
2,5,6
2,5,6
2,5,6
2,5,6
2,5,6
2,5,6
2,5,6
2,5,6
2,5,6
2,5,6
2,5,6
2,5,6
2,5,6
2,5,6
2,5,6
2,5,6
2,5,6
2,5,6
2,5,6
2,5,6
2,5,6
2,5,6
2,5,6
2,5,6
2,5,6
2,5,6
2,5,6
2,5,6
2,5,6
2,5,6
2,5,6
2,5,6
2,5,6
2,5,6
2,5,6
2,5,6
2,5,6
2,5,6
2,5,6
2,5,6
2,5,6
2,5,6
2,5,6
2,5,6
2,5,6
2,5,6
2,5,6
2,5,6
2,5,6
2,5,6
2,5,6
2,5,6
2,5,6
2,5,6
2,5,6
2,5,6
2,5,6
2,5,6
2,5,6
2,5,6
2,5,6
2,5,6
2,5,6
2,5,6
2,5,6
2,5,6
2,5,6
2,5,6
2,5,6
2,5,6
2,5,6
2,5,6
2,5,6
2,5,6
2,5,6
2,5,6
2,5,6
2,5,6
2,5,6
2,5,6
2,5,6
2,5,6
2,5,6
2,5,6
2,5,6
