branch,win,step,m,n,out_channels,nb_steps,kernel_size,win_type,branch_min_len,meta_min_len,states,segments,seconds,health,state_entropy,dominant_ratio,short_segment_ratio,segment_reasonable_score,n_states,peer_consensus,peer_reliability,peer_reliability_norm,pid_p,pid_i,pid_d,pid_scale_prior,pid_neighborhood_stability,pid_scale_sensitivity,pid_segment_deviation,pid_raw_score,pid_score_norm,pid_weight,pid_weight_norm,m2qd_quality_all,m2qd_quality_when_selected,m2qd_diversity_when_selected,m2qd_score,m2qd_rank,m2qd_rank_score,branch_rank,branch_selection_score,selected_for_meta,ARI,NMI
Synthetic_alt64_b01_w96_s16,96,16,10,4,4,20,,rect,12,24,15,240.0,3.9842703342437744,0.0,0.8966608484820207,0.18801880188018802,0.6767676767676768,0.14107883817427386,15.0,0.6082652669740333,0.0,0.0,0.3421492126728937,0.6211401479346202,0.6670787374705228,0.0,0.6211401479346202,0.37885985206537975,0.8430764289120283,0.23795044998581472,0.14161688589027638,0.00010035729915475381,0.0032713449005192558,0.704470874683971,0.7140561830671367,0.2967272888639248,0.5053917359655308,57.0,8.0,1,0.0,1,0.5403632673079009,0.7534627869908554
Synthetic_alt64_b02_w96_s24,96,24,10,4,4,20,,rect,12,24,15,233.0,3.7148404121398926,0.0,0.9109139392826956,0.19441944194419442,0.7308730873087309,0.14529914529914528,15.0,0.5760307206836107,0.0,0.0,0.32401728038453104,0.5892860550185054,0.6966955968783632,0.0,0.5892860550185054,0.4107139449814946,0.8303875474256632,0.21271877605384318,0.08985486238831152,7.106938496620175e-05,0.002316647339559367,0.6817491401577768,0.6839778452721755,0.31981697694963873,0.5018974111109071,38.0,27.0,2,0.0,1,0.5216695690474579,0.7489380938172608
Synthetic_alt64_b03_w96_s36,96,36,10,4,4,20,,rect,12,24,13,260.0,3.565713405609131,0.0,0.8589280102082435,0.22652265226522653,0.5115511551155115,0.13026819923371646,13.0,0.5537198091569655,0.0,0.0,0.3114673926507931,0.5602413248518991,0.6069461561011406,0.0,0.5602413248518991,0.43975867514810085,0.877396145045882,0.21485555917079346,0.09423840896617187,7.317693654053076e-05,0.0023853471566462237,0.6507015406417679,0.6510884552460194,0.36109935478790406,0.5060939050169617,3.0,62.0,3,0.0,1,0.4948294329003031,0.7106081306778667
Synthetic_alt64_b04_w96_s48,96,48,10,4,4,20,,rect,12,24,11,177.0,3.4868221282958984,0.0,0.9113220980137932,0.192019201920192,0.42874287428742874,0.1910112359550562,11.0,0.677029541073387,0.0,0.0,0.3808291168537802,0.6385257782136592,0.5004564448937796,0.0,0.6385257782136592,0.3614742217863408,0.7126338779759903,0.2947658359802259,0.25817194890531764,0.00021827823645334415,0.00711521136708629,0.7306814932820334,0.7326573729636748,0.2746650046800552,0.5036611888218651,18.0,47.0,4,0.0,1,0.6326971194793867,0.7876780222433722
Synthetic_alt64_b05_w112_s19,112,19,10,4,4,20,,rect,14,24,18,346.0,3.7362890243530273,0.0,0.9329232076145655,0.10851085108510851,0.8252325232523252,0.09798270893371759,18.0,0.5351847424409589,0.0,0.0,0.3010414176230394,0.5537773317924279,0.8018607952676771,0.0,0.5537773317924279,0.44622266820757206,1.0,0.16891854500418207,0.0,3.904146306775484e-05,0.0012726338013398079,0.6715843912940898,0.6726972269505854,0.3303509750650333,0.5015241010078093,24.0,41.0,5,0.0,1,0.40400506849319984,0.7089527462927849
Synthetic_alt64_b06_w112_s28,112,28,10,4,4,20,,rect,14,24,15,232.0,3.5953519344329834,0.0,0.9133110453004556,0.1708170817081708,0.5085508550855086,0.1459227467811159,15.0,0.5960021649887267,0.0,0.0,0.3352512178061588,0.600543337694402,0.5827299384341259,0.0,0.600543337694402,0.39945666230559795,0.82854392810084,0.24450722851898699,0.15506792070652736,0.00010977253651847657,0.0035782532071038874,0.6973889501109304,0.6988262136350968,0.3087194198667763,0.5037728167509365,13.0,52.0,6,0.0,1,0.5207423422934686,0.7508612856563447
Synthetic_alt64_b07_w112_s42,112,42,10,4,4,20,,rect,14,24,12,174.0,3.5214853286743164,0.0,0.900975070546833,0.1862186218621862,0.35593559355935595,0.19428571428571428,12.0,0.6606091872282742,0.0,0.0,0.3715926678159043,0.6514382604790934,0.45927515036001504,0.0,0.6514382604790934,0.34856173952090663,0.7053166855871857,0.3033650616128366,0.27581300278442167,0.0002455197983172155,0.008003204021692658,0.7217390411758189,0.7259567752678132,0.2799480524609788,0.502952413864396,46.0,19.0,7,0.0,1,0.6437445957906353,0.7933665241937508
Synthetic_alt64_b08_w112_s56,112,56,10,4,4,20,,rect,14,24,9,130.0,3.498234748840332,0.14878918807347524,0.9083672451952315,0.19041904190419043,0.12911291129112912,0.2595419847328244,9.0,0.7057391185049222,0.06771569285812443,0.10107845546716997,0.4620735239411642,0.6866225520176512,0.3014279272279435,0.0,0.6866225520176512,0.3133774479823488,0.5806532732863638,0.3879653935341131,0.44936805034051425,0.0007808719963074711,0.025454069057195557,0.7472491223048661,0.7482976232325814,0.2537040603566935,0.5010008417946374,34.0,31.0,8,0.10107845546716997,1,0.6962145346799488,0.8033336674563961
Synthetic_alt64_b09_w128_s21,128,21,10,4,4,20,,rect,16,24,14,144.0,3.7087559700012207,0.05892085842436977,0.833034161188747,0.1788178817881788,0.2444244424442444,0.23448275862068965,14.0,0.6937035470176045,0.02404273506612816,0.03588832105406168,0.4159861207580643,0.6876685298419906,0.37198745224784124,0.0,0.6876685298419906,0.31233147015800944,0.6243631233137238,0.35348024933625743,0.378622809685822,0.00048724949479408855,0.015882862168473583,0.7483811461089097,0.7509521823790161,0.2692947282480714,0.5101234553135437,9.0,56.0,9,0.03588832105406168,1,0.6625489609257432,0.8065966227184164
Synthetic_alt64_b10_w128_s32,128,32,10,4,4,20,,rect,16,24,10,136.0,3.5848097801208496,0.034960016052940655,0.9118463812412788,0.24322432243224323,0.29592959295929594,0.24817518248175183,10.0,0.7111344573116386,0.014223690848967612,0.021231543847131613,0.4153081392609583,0.6836929332363226,0.391205785240904,0.0,0.6836929332363226,0.31630706676367737,0.5999319180284017,0.34794003225196335,0.36725722024073004,0.000451694336880368,0.014723871387455768,0.7444294172845164,0.7536216385268415,0.2586998495213814,0.5061607440241115,48.0,17.0,10,0.021231543847131613,1,0.6838802581269436,0.7867169560548444
Synthetic_alt64_b11_w128_s48,128,48,10,4,4,20,,rect,16,24,9,109.0,3.5272083282470703,0.17852218805475192,0.7955834518591165,0.2792279227922792,0.0959095909590959,0.3090909090909091,9.0,0.805028954975767,0.09338511900187266,0.13939492005352272,0.5309322444478229,0.7624275453971606,0.24710138816172128,0.0,0.7624275453971606,0.23757245460283938,0.5054403392053516,0.4563488732581823,0.5896547112321735,0.001989533852249149,0.06485279572868402,0.7973203455317921,0.8034145378436918,0.20551416252025437,0.5044643501819731,44.0,21.0,11,0.13939492005352272,1,0.8752645431309175,0.8785981469180674
Synthetic_alt64_b12_w128_s64,128,64,10,4,4,20,,rect,16,24,8,78.0,3.4870431423187256,0.2764749814542043,0.8578662886604277,0.23682368236823684,0.08790879087908791,0.430379746835443,8.0,0.6994343286840601,0.1407541380947938,0.21010212372843717,0.5143896142709982,0.6566552158121779,0.22150414877444896,0.0,0.6566552158121779,0.3433447841878221,0.36293598832446866,0.4170038222013216,0.5089395171874913,0.001161600821804636,0.03786467907022756,0.714461607620718,0.7155006318674446,0.2954091227231858,0.5054548772953152,7.0,58.0,12,0.21010212372843717,1,0.7190459161907433,0.7769381422023638
Synthetic_alt64_b13_w144_s24,144,24,10,4,4,20,,rect,18,24,13,130.0,3.731908082962036,0.06687808420544282,0.8291090410257063,0.22922292229222924,0.24122412241224123,0.2595419847328244,13.0,0.7287245974948096,0.02881734291275505,0.043015324651434955,0.43916674793071164,0.7065704863031719,0.35349394593139544,0.0,0.7065704863031719,0.2934295136968281,0.5806532732863638,0.37422591758865126,0.4211819268708176,0.0006471018813633799,0.021093567259619046,0.7615806976876239,0.7734425162609764,0.24121031844728244,0.5073264173541294,52.0,13.0,13,0.043015324651434955,1,0.7077318587883635,0.8121843323961639
Synthetic_alt64_b14_w144_s36,144,36,10,4,4,20,,rect,18,24,9,56.0,3.683150053024292,0.48473999013760877,0.8452584218588396,0.27722772277227725,0.013501350135013501,0.5964912280701754,9.0,0.7885392861360714,0.315967875298968,0.47164170466921884,0.655627094136744,0.7567632376912197,0.12212622733251367,0.0,0.7567632376912197,0.24323676230878033,0.22242733267750286,0.535474080086959,0.7519777036151423,0.005871168333769436,0.19138235833897474,0.7836155173354828,0.7854270976535145,0.21792965411225007,0.5016783758828822,35.0,30.0,14,0.47164170466921884,1,0.8231128700597061,0.8400421479936993
Synthetic_alt64_b15_w144_s54,144,54,10,4,4,20,,rect,18,24,10,112.0,3.6158053874969482,0.17340799620676406,0.8335673756112664,0.26912691269126915,0.10801080108010801,0.30088495575221236,10.0,0.7688453097292213,0.08685980842101254,0.12965466211451251,0.5083414850631462,0.7294732404696544,0.2632178262644244,0.0,0.7294732404696544,0.27052675953034555,0.5170235793943376,0.43142573718990995,0.5385256439183356,0.0014148732023549647,0.0461205938620162,0.7600118618641812,0.7622604689476535,0.24279889699015886,0.5025296829689062,29.0,36.0,15,0.12965466211451251,1,0.7850536276971405,0.8048270164480392
Synthetic_alt64_b16_w144_s72,144,72,10,4,4,20,,rect,18,24,8,53.0,3.538886308670044,0.45930410280940315,0.8599650126511664,0.24842484248424843,0.05310531053105311,0.6296296296296297,8.0,0.7624330639665942,0.2875358654044683,0.42920156229358747,0.629814143460323,0.7313583723459832,0.14002665112506948,0.0,0.7313583723459832,0.2686416276540168,0.1991522344291319,0.5113864646532255,0.7025626818631636,0.0042233141794513285,0.1376672889824808,0.7747705488750618,0.7853682537634837,0.22825736680734443,0.5068128102854141,50.0,15.0,16,0.42920156229358747,1,0.7886472106921484,0.8324202397966475
Synthetic_alt64_b17_w160_s27,160,27,10,4,4,20,,rect,20,24,8,29.0,3.74053692817688,0.67810624462724,0.8117810708472853,0.2876787678767877,0.01865186518651865,0.8823529411764706,8.0,0.8572440117448331,0.5266390201945194,0.7861081605047636,0.7788712386308861,0.8351790831138499,0.058454352161397216,0.0,0.8351790831138499,0.16482091688615008,0.053880787303026235,0.6311138660414667,0.9481798605408955,0.02171640635817045,0.7078892695971847,0.8327457500027621,0.8327457500027621,0.0,0.8327457500027621,1.0,64.0,17,0.7861081605047636,1,0.9167888842790443,0.8965610617438363
Synthetic_alt64_b18_w160_s40,160,40,10,4,4,20,,rect,20,24,9,31.0,3.6528031826019287,0.6894549422912951,0.7814470228732383,0.29002900290029004,0.021902190219021903,0.9411764705882353,9.0,0.8465565425480764,0.5349210785562932,0.7984706961588106,0.7778245924357345,0.8234051861849105,0.05409944504591921,0.0,0.8234051861849105,0.17659481381508946,0.026097957244634536,0.6273929927516154,0.9405466004093485,0.020638940921973426,0.6727671500316351,0.822487612267416,0.822487612267416,0.1775123877325841,0.5,64.0,1.0,18,0.7984706961588106,1,0.905170942577952,0.8791438055070477
Synthetic_alt64_b19_w160_s60,160,60,10,4,4,20,,rect,20,24,8,28.0,3.6340255737304688,0.641348750587602,0.7715474325077346,0.30103010301030103,0.0089008900890089,0.8529411764705882,8.0,0.8434699019822712,0.4826248012331424,0.7204086293705113,0.7550418982471034,0.8213790361564097,0.06071710129685147,0.0,0.8213790361564097,0.17862096384359027,0.06847487827876322,0.6151080966065696,0.9153445038424097,0.01744696399233022,0.5687183410330843,0.8235124598578972,0.8257642559433352,0.18099113231297895,0.5033776941281571,22.0,43.0,19,0.7204086293705113,1,0.9304476308382484,0.9065878520225908
Synthetic_alt64_b20_w160_s80,160,80,10,4,4,20,,rect,20,24,9,47.0,3.584048271179199,0.4630314462050375,0.8227181756503195,0.29202920292029205,0.07190719071907191,0.7083333333333333,9.0,0.8144471539015833,0.3038922080193726,0.45361649151937655,0.6607027817843445,0.7838449171937971,0.12371915249759287,0.0,0.7838449171937971,0.21615508280620288,0.14844846858938776,0.5469181423212653,0.7754548545932038,0.006865905892277137,0.22380779890768893,0.7927593171675843,0.7959311180755905,0.21834198601043742,0.507136552043014,15.0,50.0,20,0.45361649151937655,1,0.8507600322043695,0.8394589291136917
Synthetic_alt64_b21_w176_s29,176,29,10,4,4,20,,rect,22,24,11,33.0,3.7402660846710205,0.6687975530099575,0.7478655301363722,0.27707770777077706,0.037003700370037,1.0,11.0,0.8459601629050343,0.5124574229025837,0.7649394492382395,0.7684515210759382,0.8467028183038615,0.0491612865242462,0.0,0.8467028183038615,0.15329718169613848,0.0,0.6323169135856744,0.9506478765522454,0.022076671622897347,0.71963282932353,0.8211614991972905,0.8341799528314134,0.18159240445608157,0.5078861786437475,53.0,12.0,21,0.7649394492382395,1,0.896874881612173,0.8778364588655089
Synthetic_alt64_b22_w176_s44,176,44,10,4,4,20,,rect,22,24,10,33.0,3.6739137172698975,0.7038486025069293,0.7744403696613508,0.2684268426842684,0.0319031903190319,1.0,10.0,0.8475253067869961,0.5510225113871369,0.8225051244081082,0.7846667486644668,0.846667185866981,0.04661815798611976,0.0,0.846667185866981,0.15333281413301902,0.0,0.6401099203552295,0.9666349965762382,0.024559586541053214,0.8005683579232714,0.8216130205764807,0.8242275059216693,0.1922437517530188,0.5082356288373441,11.0,54.0,22,0.8225051244081082,1,0.8844217818953377,0.8677303673025255
Synthetic_alt64_b23_w176_s66,176,66,10,4,4,20,,rect,22,24,7,32.0,3.648669481277466,0.750818653079573,0.8453083594551438,0.2992299229922992,0.0297029702970297,0.9705882352941176,7.0,0.8381769772363358,0.5998032924154924,0.8953196492946659,0.799957710417752,0.84037856431374,0.050631143251700796,0.0,0.84037856431374,0.15962143568625997,0.012851236553113161,0.6439872385474572,0.9745891987402245,0.025897081602489883,0.8441666580524283,0.8144800178031779,0.8172676900427213,0.18839757934731832,0.5028326346950198,32.0,33.0,23,0.8953196492946659,1,0.9025169008676505,0.8901171112614447
Synthetic_alt64_b24_w176_s88,176,88,10,4,4,20,,rect,22,24,8,34.0,3.6182732582092285,0.7345994918974073,0.8557237597839339,0.2552255225522552,0.0407040704070407,0.9714285714285715,8.0,0.826994689862031,0.5769668195091441,0.8612319022412941,0.786571790752508,0.8231113667681333,0.05947336704830328,0.0,0.8231113667681333,0.17688863323186665,0.012478683994698625,0.6301516107978146,0.9462058227235434,0.02143248530947285,0.6986343007744913,0.802732386481907,0.8121050813603049,0.19863091459131454,0.5053679979758097,56.0,9.0,24,0.8612319022412941,1,0.8482672386872008,0.8468999695317039
Synthetic_alt64_b25_w192_s32,192,32,10,4,4,20,,rect,24,24,8,33.0,3.7873716354370117,0.7231219174761494,0.8333767864243183,0.27202720272027203,0.0463046304630463,1.0,8.0,0.846398563569704,0.571934532121143,0.8537202632817432,0.7924650309037738,0.84925212481333,0.05330189026885715,0.0,0.84925212481333,0.15074787518667,0.0,0.6431871295375923,0.9729477990659728,0.02561524337003869,0.8349795827498253,0.8222773100876622,0.825358215555438,0.1875815874092206,0.5064699014823293,16.0,49.0,25,0.8537202632817432,1,0.9002986610523291,0.8841775492942736
Synthetic_alt64_b26_w192_s48,192,48,10,4,4,20,,rect,24,24,10,42.0,3.7299859523773193,0.5875940577162709,0.8135728708246053,0.2784278427842784,0.030303030303030304,0.7906976744186047,10.0,0.7923539200007853,0.4114403997489228,0.6141524714300619,0.7027714802513103,0.787557323143919,0.08796848849225608,0.0,0.787557323143919,0.21244267685608098,0.10109479323174914,0.5742985315150101,0.8316249031108219,0.009984510865326677,0.32546490368476927,0.7683872500100893,0.7692997517877374,0.2333133214846179,0.5013065366361776,23.0,42.0,26,0.6141524714300619,1,0.8186177773393429,0.8149680441706775
Synthetic_alt64_b27_w192_s72,192,72,10,4,4,20,,rect,24,24,7,31.0,3.665252447128296,0.7444220582367543,0.8586672551657355,0.3000300030003,0.027602760276027604,0.9411764705882353,7.0,0.8397237759292101,0.5931837862504095,0.8854387866632543,0.7980292744387607,0.8408801050691406,0.05345474629757605,0.0,0.8408801050691406,0.15911989493085943,0.026097957244634536,0.6427302610121263,0.9720105469670342,0.02545568942595238,0.8297786059824095,0.8156695579615827,0.8235644234749971,0.18827787479512464,0.5059211491350609,43.0,22.0,27,0.8854387866632543,1,0.8783406903977033,0.8676356240505718
Synthetic_alt64_b28_w192_s96,192,96,10,4,4,20,,rect,24,24,7,30.0,3.6385610103607178,0.7464723992901962,0.8963146650397799,0.25922592259225924,0.030303030303030304,0.9117647058823529,7.0,0.8317938033891948,0.5922505831777855,0.8840458049002871,0.7944656890958829,0.829954843577623,0.06109012993074798,0.0,0.829954843577623,0.17004515642237705,0.03976527831585806,0.6357757293591657,0.9577435335363649,0.023146089547368447,0.7544926243081254,0.8054513534883079,0.8090190103698791,0.1996256966893128,0.504322353529596,27.0,38.0,28,0.8840458049002871,1,0.8552158847542872,0.8437196198314492
Synthetic_alt64_b29_w208_s35,208,35,10,4,4,20,,rect,26,24,10,31.0,3.7955102920532227,0.695661554482494,0.7592071692150922,0.2813781378137814,0.00925092509250925,0.9411764705882353,10.0,0.8546004541935234,0.5447572235073915,0.8131529994395477,0.785064685569948,0.8563034453104585,0.04119416065755328,0.0,0.8563034453104585,0.14369655468954146,0.026097957244634536,0.6447464822336264,0.9761467644266378,0.02616739196539642,0.8529779596189265,0.8279798873502839,0.8576257546589895,0.1735024060151513,0.5155640803370704,61.0,4.0,29,0.8131529994395477,1,0.9016671601104247,0.885166599621766
Synthetic_alt64_b30_w208_s52,208,52,10,4,4,20,,rect,26,24,8,28.0,3.7492988109588623,0.6777065686697039,0.8100609608795014,0.29122912291229125,0.0067006700670067,0.8529411764705882,8.0,0.8420822196910761,0.5205553453526627,0.7770271272815235,0.7701678723692258,0.8434209106837943,0.05520861638037345,0.0,0.8434209106837943,0.15657908931620568,0.06847487827876322,0.630731138029405,0.9473947054850473,0.02160303169767572,0.7041935980258961,0.815548288353446,0.8218572260596703,0.18860232855854378,0.505229777309107,39.0,26.0,30,0.7770271272815235,1,0.9041582363459516,0.8801442994365424
Synthetic_alt64_b31_w208_s78,208,78,10,4,4,20,,rect,26,24,9,30.0,3.691831350326538,0.6479568715652713,0.747170649241174,0.2938293829382938,0.017101710171017102,0.9117647058823529,9.0,0.8454812227182574,0.49024110075573046,0.7317773942701262,0.759064319088826,0.8471360207155008,0.05105323443716582,0.0,0.8471360207155008,0.15286397928449924,0.03976527831585806,0.6278659039529638,0.9415167635774576,0.020772861138744023,0.6771325446954888,0.8204935354721961,0.8604944457856589,0.18015164050060173,0.5203230431431303,63.0,2.0,31,0.7317773942701262,1,0.923592114949345,0.8963043038498991
Synthetic_alt64_b32_w208_s104,208,104,10,4,4,20,,rect,26,24,8,27.0,3.669922113418579,0.6675602643677601,0.8140982338113223,0.28602860286028603,0.0015001500150015,0.8235294117647058,8.0,0.8280946760304595,0.5045782234220746,0.7531782565192016,0.7578608709280286,0.8274531032639332,0.06033379813707043,0.0,0.8274531032639332,0.17254689673606682,0.08358114594118772,0.6185792184325754,0.9224654063247545,0.018295192738995845,0.5963680367527702,0.7981025333025209,0.8230816941887656,0.20452685205392593,0.5138042731213458,58.0,7.0,32,0.7531782565192016,1,0.8838147324404214,0.8576405452454802
Synthetic_alt64_b33_w224_s37,224,37,10,4,4,20,,rect,28,24,11,31.0,3.8376619815826416,0.6749314319120435,0.7600049277884618,0.27587758775877586,0.019751975197519752,0.9411764705882353,11.0,0.8386393314818359,0.5163028216724156,0.770679432865437,0.7670171254200517,0.8377858533197222,0.05014820410820579,0.0,0.8377858533197222,0.16221414668027778,0.026097957244634536,0.6283531142792849,0.9425162609722568,0.020911739457226904,0.6816595585030355,0.8129183076362273,0.8150057098583269,0.21787087513973863,0.5164382924990327,5.0,60.0,33,0.770679432865437,1,0.8589857837936973,0.8526717579115389
Synthetic_alt64_b34_w224_s56,224,56,10,4,4,20,,rect,28,24,10,32.0,3.7649612426757812,0.7561531465483998,0.7853503090776909,0.28562856285628563,0.0028002800280028,0.9705882352941176,10.0,0.8389491517613097,0.6062011339599045,0.9048696356322167,0.8027258994806616,0.8378850129255868,0.03767850839481798,0.0,0.8378850129255868,0.16211498707441319,0.012851236553113161,0.6469507076112896,0.9806686667827735,0.026968245192409885,0.8790833564592199,0.8136261022196138,0.8168681427475573,0.19447899910024424,0.5056735709239008,19.0,46.0,34,0.9048696356322167,1,0.8792256927741846,0.8732007634066775
Synthetic_alt64_b35_w224_s84,224,84,10,4,4,20,,rect,28,24,9,33.0,3.703676223754883,0.6936505407082316,0.7546777283165911,0.29262926292629265,0.028302830283028303,1.0,9.0,0.843542677154234,0.538336091446347,0.8035682476089646,0.777964867459108,0.8441463757733213,0.04532213998684989,0.0,0.8441463757733213,0.1558536242266787,0.0,0.6364709938798911,0.9591698478807442,0.023367229930394334,0.7617011330105673,0.8177848669439232,0.8195718533912462,0.2029441758450224,0.5112580146181342,6.0,59.0,35,0.8035682476089646,1,0.9039392629655045,0.8750511251695137
Synthetic_alt64_b36_w224_s112,224,112,10,4,4,20,,rect,28,24,7,31.0,3.69925856590271,0.8319563715658282,0.8918537105169873,0.2688268826882688,0.0031003100310031005,0.9411764705882353,7.0,0.7833974572298806,0.6699320101910176,1.0,0.8046419822518577,0.7818222376258067,0.053015094663730576,0.0,0.7818222376258067,0.21817776237419328,0.026097957244634536,0.6251236562496222,0.9358911245314203,0.020008218647594198,0.6522075084977124,0.7525484740895457,0.7576258062472911,0.25057603800752837,0.5041009221274098,40.0,25.0,36,1.0,1,0.81253416054797,0.7890757056990743
Synthetic_alt64_b37_w240_s40,240,40,10,4,4,20,,rect,30,24,10,36.0,3.848693609237671,0.6925012872743073,0.8088422356274378,0.27002700270027,0.023902390239023904,0.918918918918919,10.0,0.8478933358813461,0.538743089407484,0.8041757689020895,0.7799093146157665,0.8537109641997488,0.05212919459427674,0.0,0.8537109641997488,0.1462890358002512,0.0364006410490485,0.6393321901281516,0.9650395063047352,0.02429974038827977,0.792098158008025,0.8184068196332933,0.8307536219507302,0.1854515560909058,0.508102589020818,49.0,16.0,37,0.8041757689020895,1,0.8327394592911784,0.8326447572227491
Synthetic_alt64_b38_w240_s60,240,60,10,4,4,20,,rect,30,24,10,53.0,3.783958673477173,0.4428440593002185,0.8151427508156917,0.279027902790279,0.048004800480048,0.6296296296296297,10.0,0.8097754643584452,0.2854822269528902,0.4261361192033364,0.649242974645471,0.8135124350121472,0.12104558356633413,0.0,0.8135124350121472,0.1864875649878528,0.1991522344291319,0.5526795741314466,0.787274259424117,0.007428797641543863,0.24215637015280142,0.7916758347782286,0.7943703498837866,0.21191685202918234,0.5031436009564845,28.0,37.0,38,0.4261361192033364,1,0.8427187221356633,0.8524634347790547
Synthetic_alt64_b39_w240_s90,240,90,10,4,4,20,,rect,30,24,9,34.0,3.7375478744506836,0.734315497510064,0.788351280063548,0.2925292529252925,0.0144014401440144,0.9714285714285715,9.0,0.825656911217623,0.5761096284909191,0.8599523828196433,0.7856950427205659,0.8286539579519439,0.04521353368002802,0.0,0.8286539579519439,0.17134604204805615,0.012478683994698625,0.6345489477714293,0.9552268278454387,0.022760983276593302,0.7419393227977331,0.8004549329677659,0.8046720953697496,0.20639795593545776,0.5055350256526037,25.0,40.0,39,0.8599523828196433,1,0.863199112702162,0.849292692148649
Synthetic_alt64_b40_w240_s120,240,120,10,4,4,20,,rect,30,24,7,29.0,3.718878984451294,0.7639478528623396,0.8755648361932907,0.3000300030003,0.0039003900390039005,0.8823529411764706,7.0,0.8250724255360272,0.6092991142211344,0.9094939560320532,0.7983304249912888,0.8289106866581897,0.05233229387877189,0.0,0.8289106866581897,0.17108931334181032,0.053880787303026235,0.638900972800692,0.9641548768703744,0.024156853704345577,0.7874404835909462,0.7962599625597077,0.8236597043774567,0.205597647055055,0.5146286757162559,60.0,5.0,40,0.9094939560320532,1,0.8527046679791788,0.8288600637692997
Synthetic_alt64_b41_w256_s50,256,50,10,4,4,20,,rect,32,24,13,46.0,3.832153081893921,0.47945484574092706,0.7536540493765779,0.2759275927592759,0.04220422042204221,0.723404255319149,13.0,0.8260454830119035,0.3212729573948593,0.47956054123052694,0.6744120792058512,0.8272924752257907,0.09745920613126971,0.0,0.8272924752257907,0.17270752477420925,0.13938530321802253,0.5735459607454059,0.8300810267129193,0.009882272242742832,0.32213223332155005,0.7979206195795339,0.8017827852907736,0.20794987230155104,0.5048663287961623,26.0,39.0,41,0.47956054123052694,1,0.8418243461642291,0.8258839217822651
Synthetic_alt64_b42_w256_s64,256,64,10,4,4,20,,rect,32,24,9,32.0,3.7897520065307617,0.8050077645629667,0.8370557861043326,0.27522752275227524,0.0032003200320032004,0.9705882352941176,9.0,0.836485973508161,0.6619746124451442,0.9881220816070507,0.8227142570946385,0.8390860497691011,0.03763832102811534,0.0,0.8390860497691011,0.16091395023089894,0.012851236553113161,0.6563738689061496,1.0,0.03067768829230579,1.0,0.8076197338834217,0.8363193398164153,0.19485437007631917,0.5155868549463672,59.0,6.0,42,0.9881220816070507,1,0.8490011644158176,0.8443984981217524
Synthetic_alt64_b43_w256_s96,256,96,10,4,4,20,,rect,32,24,9,32.0,3.8234429359436035,0.7213801986773474,0.789965706154894,0.26242624262426245,0.020702070207020702,0.9705882352941176,9.0,0.8178457710260767,0.5586629856043169,0.8339099746032818,0.7756420831235076,0.8196384321920176,0.050278719631040775,0.0,0.8196384321920176,0.1803615678079824,0.012851236553113161,0.6258566447465764,0.9373948284833782,0.020209803622842377,0.6587785699586484,0.7926108287016344,0.7943673721818375,0.20909082279481234,0.501729097488325,33.0,32.0,43,0.8339099746032818,1,0.8562244029552022,0.8402341067085997
Synthetic_alt64_b44_w256_s128,256,128,10,4,4,20,,rect,32,24,7,24.0,3.738342761993408,0.6378099825828178,0.8674215763126323,0.2944294429442944,0.0,0.7352941176470589,7.0,0.8168433499109073,0.469605671775794,0.700975120806506,0.7385162517048682,0.8180778148331111,0.07609465199372639,0.0,0.8180778148331111,0.18192218516688885,0.13236738320116206,0.6034406180600342,0.8914090209900738,0.01487371802585335,0.48483829303343556,0.7941580306568753,0.7967789927357685,0.21191156573635103,0.5043452792360598,20.0,45.0,44,0.700975120806506,1,0.850617052411131,0.8456984139445055
Synthetic_alt64_b45_w272_s45,272,45,10,4,4,20,,rect,34,24,11,35.0,3.8714871406555176,0.6976933219568952,0.7880483479395863,0.27257725772577257,0.021902190219021903,0.9444444444444444,11.0,0.8399184897741517,0.5413522238934121,0.808070394694316,0.777694978854102,0.8423895363150249,0.04985493042503887,0.0,0.8423895363150249,0.1576104636849751,0.024605808595109673,0.6348280921095968,0.9557994840961346,0.022848044153003788,0.7447772444683931,0.808615569323851,0.8114879773769593,0.19475208149703432,0.5031200294369969,30.0,35.0,45,0.808070394694316,1,0.8508104366308517,0.8386355794992528
Synthetic_alt64_b46_w272_s68,272,68,10,4,4,20,,rect,34,24,10,27.0,3.827770471572876,0.6338158006166773,0.7696334721773939,0.29242924292429245,0.0,0.8235294117647058,10.0,0.8363387806497035,0.47232171471445894,0.705029327647422,0.7477349768852546,0.8370903560609989,0.05765627257015653,0.0,0.8370903560609989,0.1629096439390011,0.08358114594118772,0.6179311097056829,0.9211358306793302,0.01813374370709187,0.5911052858451514,0.8071901448395732,0.8091865256126651,0.20224729154231594,0.5057169085774905,12.0,53.0,46,0.705029327647422,1,0.8777998127888599,0.8575721144040955
Synthetic_alt64_b47_w272_s102,272,102,10,4,4,20,,rect,34,24,9,34.0,3.7836174964904785,0.7452036880503183,0.8029119555064022,0.2686268626862686,0.015601560156015602,0.9714285714285715,9.0,0.8271735295251061,0.5889248621805477,0.8790815384573544,0.7913117238798866,0.828762166775949,0.04579195192122758,0.0,0.828762166775949,0.17123783322405095,0.012478683994698625,0.6369986437332856,0.9602523057543618,0.023536466781987245,0.7672177433229341,0.8004401587335093,0.8072226959398086,0.20345980016011284,0.5053412480499607,41.0,24.0,47,0.8790815384573544,1,0.8416337683314042,0.8313974936759517
Synthetic_alt64_b48_w272_s136,272,136,10,4,4,20,,rect,34,24,6,23.0,3.764739513397217,0.6457313058275334,0.9147860165890056,0.2992299229922992,0.0,0.7058823529411765,6.0,0.8251273260326124,0.48068181383874,0.7175083538726315,0.7466415671928903,0.8267824763449877,0.07962568990267624,0.0,0.8267824763449877,0.1732175236550123,0.14994061723891255,0.609437433977011,0.9037113092674356,0.01614500993812202,0.5262785704153372,0.7997145604847897,0.8125644853665108,0.20362641998445763,0.5080954526754842,51.0,14.0,48,0.7175083538726315,1,0.8588119276013109,0.8495119104589376
Synthetic_alt64_b49_w288_s48,288,48,10,4,4,20,,rect,36,24,9,31.0,3.8916947841644287,0.7747701975569549,0.8464115154312899,0.25922592259225924,0.009600960096009602,0.9411764705882353,9.0,0.831834007896252,0.6245850958079042,0.9323111693525682,0.8068685908728095,0.8355090879331848,0.045528049634758205,0.0,0.8355090879331848,0.1644909120668152,0.026097957244634536,0.6464134367424273,0.9795664716840279,0.026770809671141458,0.872647554667794,0.802238090553941,0.8079835697453098,0.20024291182415005,0.50411324078473,45.0,20.0,49,0.9323111693525682,1,0.8126133253791513,0.8186787952805851
Synthetic_alt64_b50_w288_s72,288,72,10,4,4,20,,rect,36,24,10,33.0,3.8398587703704834,0.7926090645247043,0.8156835642197465,0.28802880288028804,0.009900990099009901,1.0,10.0,0.814268642694761,0.6376712970619794,0.9518447952355051,0.8047925772453611,0.8184407004172521,0.04126235496605452,0.0,0.8184407004172521,0.18155929958274786,0.0,0.6403584339132399,0.9671448146986891,0.02464320137040294,0.8032939488658816,0.7855330076100066,0.787342816161886,0.21978330501113968,0.5035630605865128,17.0,48.0,50,0.9518447952355051,1,0.7999364218931531,0.8054066346910073
Synthetic_alt64_b51_w288_s108,288,108,10,4,4,20,,rect,36,24,9,35.0,3.7999205589294434,0.7649115934096098,0.8424023028663402,0.28802880288028804,0.013501350135013501,0.9444444444444444,9.0,0.8151013837534462,0.6062046596100672,0.9048748983306831,0.7931433504780178,0.8177990944199951,0.050572598762040635,0.0,0.8177990944199951,0.1822009055800049,0.024605808595109673,0.6330296710096981,0.952110077063911,0.022292927411820172,0.7266821150083664,0.7863110860326751,0.7896030377680247,0.22635026679559217,0.5079766522818084,14.0,51.0,51,0.9048748983306831,1,0.8334909281611074,0.8190718520552875
Synthetic_alt64_b52_w288_s144,288,144,10,4,4,20,,rect,36,24,7,25.0,3.7866899967193604,0.6420694430402815,0.8396292716680605,0.30243024302430244,0.0,0.7647058823529411,7.0,0.8183417229642556,0.4745016442128819,0.7082832839672601,0.7412226004975169,0.8197571504127011,0.07069361268715438,0.0,0.8197571504127011,0.18024284958729886,0.11548347589898206,0.606326450330897,0.897329219476701,0.015472492261605476,0.5043565249825588,0.7951061941786678,0.7975365630442243,0.25350118313246317,0.5255188730883438,4.0,61.0,52,0.7082832839672601,1,0.858363848552052,0.833700779189471
Synthetic_alt64_b53_w304_s51,304,51,10,4,4,20,,rect,38,24,11,32.0,3.907301664352417,0.7682528881730943,0.7915332787237942,0.27807780778077806,0.0,0.9705882352941176,11.0,0.8334974156738316,0.6177808633657628,0.9221545678786345,0.804952934892259,0.8365433834273913,0.036546694280455684,0.0,0.8365433834273913,0.16345661657260868,0.012851236553113161,0.6477096660450125,0.9822256472823352,0.027249629913567625,0.8882556486631378,0.8018030370318807,0.8051623264229568,0.21835269931457596,0.5117575128687664,10.0,55.0,53,0.9221545678786345,1,0.8295389075994148,0.8224378671040168
Synthetic_alt64_b54_w304_s76,304,76,10,4,4,20,,rect,38,24,12,34.0,3.867145299911499,0.713748964626213,0.7681025121388436,0.2812281228122812,0.015201520152015202,0.9714285714285715,12.0,0.8388361990976235,0.5585420707555502,0.8337294863642852,0.7841105340163814,0.8417871834846306,0.042986928577491076,0.0,0.8417871834846306,0.15821281651536945,0.012478683994698625,0.6388778688114942,0.9641074797283905,0.02414922180467713,0.7871917067080295,0.8068023254995436,0.8091054279031986,0.19504015642338024,0.5020727921632895,36.0,29.0,54,0.8337294863642852,1,0.8447231193195418,0.83600644882422
Synthetic_alt64_b55_w304_s114,304,114,10,4,4,20,,rect,38,24,10,33.0,3.8305139541625977,0.7055194891253156,0.7514711792544583,0.2755275527552755,0.0214021402140214,1.0,10.0,0.8256929011088828,0.5443893258616471,0.812603842748797,0.7731170333660722,0.8241159807553234,0.04587787395594601,0.0,0.8241159807553234,0.17588401924467656,0.0,0.6271676834879064,0.9400843852017978,0.0205754412581739,0.6706972527435969,0.797634488636858,0.8119638373549163,0.204753736149485,0.5083587867522006,55.0,10.0,55,0.812603842748797,1,0.8884447359557885,0.8542224033899162
Synthetic_alt64_b56_w304_s152,304,152,10,4,4,20,,rect,38,24,9,31.0,3.808295488357544,0.7599087496868726,0.8174469708624732,0.27362736273627364,0.004300430043004301,0.9411764705882353,9.0,0.793420422763324,0.5914675053237588,0.8828769133678414,0.7787590657923765,0.7961001853060243,0.05075956513368765,0.0,0.7961001853060243,0.20389981469397567,0.026097957244634536,0.6189247314369404,0.9231742159067267,0.018381849374040568,0.5991927813756059,0.7629325697368068,0.7652512228074454,0.2556166548283011,0.5104339388178732,8.0,57.0,56,0.8828769133678414,1,0.8078801792554798,0.7948073053983538
Synthetic_alt64_b57_w320_s53,320,53,10,4,4,20,,rect,40,24,10,37.0,3.9355902671813965,0.7945686715258479,0.888047338764183,0.23352335233523352,0.0,0.8947368421052632,10.0,0.7668901158606274,0.619243491507783,0.9243378165065113,0.7789994839641614,0.7757093849543504,0.0592223950621741,0.0,0.7757093849543504,0.22429061504564962,0.04788090684348059,0.6102035735054605,0.9052830215677891,0.016315068061774792,0.5318219517168359,0.7549208140036945,0.7545595036480826,0.2226779439483615,0.488618723798222,2.0,63.0,57,0.9243378165065113,1,0.7045383124826612,0.7670700208376945
Synthetic_alt64_b58_w320_s80,320,80,10,4,4,20,,rect,40,24,9,31.0,3.905168294906616,0.7840787698472866,0.8523237823446014,0.26002600260026004,0.0079007900790079,0.9411764705882353,9.0,0.7849871038660421,0.6151712303062542,0.9182591978712147,0.7845897077328365,0.7894624216254598,0.05388729788780236,0.0,0.7894624216254598,0.21053757837454024,0.026097957244634536,0.6185997564711269,0.9225075394958256,0.01830033235735981,0.5965355727911767,0.7627710956559945,0.7635140485421787,0.23778611900864371,0.5006500837754112,37.0,28.0,58,0.9182591978712147,1,0.7641404101592512,0.7755172387893782
Synthetic_alt64_b59_w320_s120,320,120,10,4,4,20,,rect,40,24,7,29.0,3.8675663471221924,0.7838547522972111,0.8986399168684288,0.27802780278027805,0.004000400040004,0.8823529411764706,7.0,0.8105004497767686,0.625915768827616,0.9342974500489218,0.7988429571294622,0.818511891053866,0.05446205800013667,0.0,0.818511891053866,0.18148810894613399,0.053880787303026235,0.6350660809770838,0.9562877111311416,0.022922532196515397,0.7472053297531076,0.7827529062618082,0.7847741741901713,0.22159281978417225,0.5031834969871718,21.0,44.0,59,0.9342974500489218,1,0.8066468202996152,0.8102600290661571
Synthetic_alt64_b60_w320_s160,320,160,10,4,4,20,,rect,40,24,8,27.0,3.8325839042663574,0.6747226654950309,0.8193060938153948,0.32003200320032005,0.0,0.8235294117647058,8.0,0.7482929035470156,0.4825524042484659,0.7203005632032359,0.7161059243992723,0.758412086201115,0.07339192654213332,0.0,0.758412086201115,0.241587913798885,0.08358114594118772,0.5730135108416361,0.8289887216796956,0.009810570588448924,0.31979497591119,0.733004658205123,0.73835797066662,0.26986785092055837,0.5041129107935892,42.0,23.0,60,0.7203005632032359,1,0.7313314922994413,0.7504457673292463
Synthetic_alt64_b61_w336_s56,336,56,10,4,4,20,,rect,42,24,12,35.0,3.949916124343872,0.7785862551439544,0.8243854466230106,0.252025202520252,0.0,0.9444444444444444,12.0,0.8040466518482207,0.6170992699075367,0.9211371609659066,0.7929077282901041,0.8129751552043424,0.04478671153766443,0.0,0.8129751552043424,0.18702484479565762,0.024605808595109673,0.6323924397445337,0.9508028162054935,0.02209948708324131,0.7203765444342181,0.779117842977887,0.788840985457364,0.22120094857881725,0.5050209670180906,62.0,3.0,61,0.9211371609659066,1,0.7505462267200073,0.7804402660454829
Synthetic_alt64_b62_w336_s84,336,84,10,4,4,20,,rect,42,24,11,34.0,3.9231221675872803,0.7806846898376687,0.8234098162150162,0.25622562256225623,0.0084008400840084,0.9714285714285715,11.0,0.7997776436044406,0.6176666521261605,0.9219840860418735,0.7914244763314779,0.8051174475343873,0.04692053573353633,0.0,0.8051174475343873,0.1948825524656127,0.012478683994698625,0.6285480138394933,0.9429160915837032,0.02096755483699447,0.6834789713360931,0.7721655212743076,0.7805741749352411,0.23094202464386362,0.5057580997895523,47.0,18.0,62,0.9219840860418735,1,0.7878838862968583,0.797346826449836
Synthetic_alt64_b63_w336_s126,336,126,10,4,4,20,,rect,42,24,10,31.0,3.874871015548706,0.7205388583429855,0.7844000202230998,0.32553255325532554,0.0084008400840084,0.9411764705882353,10.0,0.7894730290551983,0.546494608148402,0.8157463740127601,0.7593143293686052,0.7945351698624871,0.05312277324289715,0.0,0.7945351698624871,0.20546483013751293,0.026097957244634536,0.6091542030191632,0.9031302694388404,0.01608259161589311,0.5242439215971418,0.7708730722609878,0.781164794424914,0.23106876210956442,0.5061167782672392,54.0,11.0,63,0.8157463740127601,1,0.8155092120643569,0.8169778803325816
Synthetic_alt64_b64_w336_s168,336,168,10,4,4,20,,rect,42,24,9,30.0,3.8636820316314697,0.7801773581591265,0.8556783928196872,0.24362436243624364,0.0,0.9117647058823529,9.0,0.7865191114359195,0.6113979409588259,0.9126268511703123,0.7837445943773225,0.7894739635376258,0.054034790787232265,0.0,0.7894739635376258,0.21052603646237422,0.03976527831585806,0.6181939965505177,0.9216751351692892,0.018199058447850053,0.5932343491609999,0.7682751688747186,0.7702068750959561,0.23384970796864243,0.5020282915322992,31.0,34.0,64,0.9126268511703123,1,0.7679928379495373,0.7899816486996037
