global_state_name,run_idx,win,step,local_state,ec_tdwm_cluster_weight,ec_tdwm_base_weight,ec_tdwm_engine,ec_tdwm_iterations,ec_tdwm_final_change
Synthetic_alt64_b01_w96_s16_state0,1,96,16,0,0.9402277039848197,0.017774768843332046,minibatch_kmeans,20,0.0673067306730673
Synthetic_alt64_b01_w96_s16_state1,1,96,16,1,0.8741776315789473,0.017774768843332046,minibatch_kmeans,20,0.0673067306730673
Synthetic_alt64_b01_w96_s16_state2,1,96,16,2,0.9207474226804123,0.017774768843332046,minibatch_kmeans,20,0.0673067306730673
Synthetic_alt64_b01_w96_s16_state3,1,96,16,3,0.8341346153846154,0.017774768843332046,minibatch_kmeans,20,0.0673067306730673
Synthetic_alt64_b01_w96_s16_state4,1,96,16,4,0.8803956834532374,0.017774768843332046,minibatch_kmeans,20,0.0673067306730673
Synthetic_alt64_b01_w96_s16_state5,1,96,16,5,0.7803030303030303,0.017774768843332046,minibatch_kmeans,20,0.0673067306730673
Synthetic_alt64_b01_w96_s16_state6,1,96,16,6,0.5833333333333334,0.017774768843332046,minibatch_kmeans,20,0.0673067306730673
Synthetic_alt64_b01_w96_s16_state7,1,96,16,7,0.625,0.017774768843332046,minibatch_kmeans,20,0.0673067306730673
Synthetic_alt64_b01_w96_s16_state8,1,96,16,8,0.9120879120879121,0.017774768843332046,minibatch_kmeans,20,0.0673067306730673
Synthetic_alt64_b01_w96_s16_state9,1,96,16,9,0.8864678899082569,0.017774768843332046,minibatch_kmeans,20,0.0673067306730673
Synthetic_alt64_b01_w96_s16_state10,1,96,16,10,0.6798780487804879,0.017774768843332046,minibatch_kmeans,20,0.0673067306730673
Synthetic_alt64_b01_w96_s16_state11,1,96,16,11,0.9484536082474226,0.017774768843332046,minibatch_kmeans,20,0.0673067306730673
Synthetic_alt64_b01_w96_s16_state12,1,96,16,12,0.9508928571428571,0.017774768843332046,minibatch_kmeans,20,0.0673067306730673
Synthetic_alt64_b01_w96_s16_state13,1,96,16,13,1.0,0.017774768843332046,minibatch_kmeans,20,0.0673067306730673
Synthetic_alt64_b01_w96_s16_state14,1,96,16,14,0.8888888888888888,0.017774768843332046,minibatch_kmeans,20,0.0673067306730673
Synthetic_alt64_b02_w96_s24_state0,2,96,24,0,0.875,0.016548303137804924,minibatch_kmeans,20,0.0673067306730673
Synthetic_alt64_b02_w96_s24_state1,2,96,24,1,0.8998015873015873,0.016548303137804924,minibatch_kmeans,20,0.0673067306730673
Synthetic_alt64_b02_w96_s24_state2,2,96,24,2,0.8114035087719298,0.016548303137804924,minibatch_kmeans,20,0.0673067306730673
Synthetic_alt64_b02_w96_s24_state3,2,96,24,3,0.6636690647482014,0.016548303137804924,minibatch_kmeans,20,0.0673067306730673
Synthetic_alt64_b02_w96_s24_state4,2,96,24,4,0.9394977168949772,0.016548303137804924,minibatch_kmeans,20,0.0673067306730673
Synthetic_alt64_b02_w96_s24_state5,2,96,24,5,0.7267156862745098,0.016548303137804924,minibatch_kmeans,20,0.0673067306730673
Synthetic_alt64_b02_w96_s24_state6,2,96,24,6,0.5032467532467533,0.016548303137804924,minibatch_kmeans,20,0.0673067306730673
Synthetic_alt64_b02_w96_s24_state7,2,96,24,7,0.6666666666666666,0.016548303137804924,minibatch_kmeans,20,0.0673067306730673
Synthetic_alt64_b02_w96_s24_state8,2,96,24,8,0.4230769230769231,0.016548303137804924,minibatch_kmeans,20,0.0673067306730673
Synthetic_alt64_b02_w96_s24_state9,2,96,24,9,0.9398148148148148,0.016548303137804924,minibatch_kmeans,20,0.0673067306730673
Synthetic_alt64_b02_w96_s24_state10,2,96,24,10,1.0,0.016548303137804924,minibatch_kmeans,20,0.0673067306730673
Synthetic_alt64_b02_w96_s24_state11,2,96,24,11,0.9612403100775194,0.016548303137804924,minibatch_kmeans,20,0.0673067306730673
Synthetic_alt64_b02_w96_s24_state12,2,96,24,12,0.7166666666666667,0.016548303137804924,minibatch_kmeans,20,0.0673067306730673
Synthetic_alt64_b02_w96_s24_state13,2,96,24,13,0.4583333333333333,0.016548303137804924,minibatch_kmeans,20,0.0673067306730673
Synthetic_alt64_b02_w96_s24_state14,2,96,24,14,1.0,0.016548303137804924,minibatch_kmeans,20,0.0673067306730673
Synthetic_alt64_b03_w96_s36_state0,3,96,36,0,0.7147906470908102,0.016879926993470303,minibatch_kmeans,20,0.0673067306730673
Synthetic_alt64_b03_w96_s36_state1,3,96,36,1,0.9966666666666667,0.016879926993470303,minibatch_kmeans,20,0.0673067306730673
Synthetic_alt64_b03_w96_s36_state2,3,96,36,2,0.6827956989247311,0.016879926993470303,minibatch_kmeans,20,0.0673067306730673
Synthetic_alt64_b03_w96_s36_state3,3,96,36,3,0.6934931506849316,0.016879926993470303,minibatch_kmeans,20,0.0673067306730673
Synthetic_alt64_b03_w96_s36_state4,3,96,36,4,0.5121832358674464,0.016879926993470303,minibatch_kmeans,20,0.0673067306730673
Synthetic_alt64_b03_w96_s36_state5,3,96,36,5,0.6,0.016879926993470303,minibatch_kmeans,20,0.0673067306730673
Synthetic_alt64_b03_w96_s36_state6,3,96,36,6,1.0,0.016879926993470303,minibatch_kmeans,20,0.0673067306730673
Synthetic_alt64_b03_w96_s36_state7,3,96,36,7,1.0,0.016879926993470303,minibatch_kmeans,20,0.0673067306730673
Synthetic_alt64_b03_w96_s36_state8,3,96,36,8,0.8020050125313283,0.016879926993470303,minibatch_kmeans,20,0.0673067306730673
Synthetic_alt64_b03_w96_s36_state9,3,96,36,9,0.7152014652014652,0.016879926993470303,minibatch_kmeans,20,0.0673067306730673
Synthetic_alt64_b03_w96_s36_state10,3,96,36,10,0.6,0.016879926993470303,minibatch_kmeans,20,0.0673067306730673
Synthetic_alt64_b03_w96_s36_state11,3,96,36,11,0.967948717948718,0.016879926993470303,minibatch_kmeans,20,0.0673067306730673
Synthetic_alt64_b03_w96_s36_state12,3,96,36,12,0.9470899470899471,0.016879926993470303,minibatch_kmeans,20,0.0673067306730673
Synthetic_alt64_b03_w96_s36_state13,3,96,36,13,0.9757575757575757,0.016879926993470303,minibatch_kmeans,20,0.0673067306730673
Synthetic_alt64_b03_w96_s36_state14,3,96,36,14,1.0,0.016879926993470303,minibatch_kmeans,20,0.0673067306730673
Synthetic_alt64_b04_w96_s48_state0,4,96,48,0,0.5073307460112118,0.016351446283296954,minibatch_kmeans,20,0.0673067306730673
Synthetic_alt64_b04_w96_s48_state1,4,96,48,1,0.8050595238095238,0.016351446283296954,minibatch_kmeans,20,0.0673067306730673
Synthetic_alt64_b04_w96_s48_state2,4,96,48,2,0.569078947368421,0.016351446283296954,minibatch_kmeans,20,0.0673067306730673
Synthetic_alt64_b04_w96_s48_state3,4,96,48,3,0.6190476190476191,0.016351446283296954,minibatch_kmeans,20,0.0673067306730673
Synthetic_alt64_b04_w96_s48_state4,4,96,48,4,0.8570736434108527,0.016351446283296954,minibatch_kmeans,20,0.0673067306730673
Synthetic_alt64_b04_w96_s48_state5,4,96,48,5,0.9172619047619047,0.016351446283296954,minibatch_kmeans,20,0.0673067306730673
Synthetic_alt64_b04_w96_s48_state6,4,96,48,6,0.5,0.016351446283296954,minibatch_kmeans,20,0.0673067306730673
Synthetic_alt64_b04_w96_s48_state7,4,96,48,7,0.9578313253012049,0.016351446283296954,minibatch_kmeans,20,0.0673067306730673
Synthetic_alt64_b04_w96_s48_state8,4,96,48,8,0.625,0.016351446283296954,minibatch_kmeans,20,0.0673067306730673
Synthetic_alt64_b04_w96_s48_state9,4,96,48,9,1.0,0.016351446283296954,minibatch_kmeans,20,0.0673067306730673
Synthetic_alt64_b04_w96_s48_state10,4,96,48,10,1.0,0.016351446283296954,minibatch_kmeans,20,0.0673067306730673
Synthetic_alt64_b05_w112_s19_state0,5,112,19,0,0.918918918918919,0.017502936863152803,minibatch_kmeans,20,0.0673067306730673
Synthetic_alt64_b05_w112_s19_state1,5,112,19,1,0.974818401937046,0.017502936863152803,minibatch_kmeans,20,0.0673067306730673
Synthetic_alt64_b05_w112_s19_state2,5,112,19,2,0.8667168674698795,0.017502936863152803,minibatch_kmeans,20,0.0673067306730673
Synthetic_alt64_b05_w112_s19_state3,5,112,19,3,0.5001240387000744,0.017502936863152803,minibatch_kmeans,20,0.0673067306730673
Synthetic_alt64_b05_w112_s19_state4,5,112,19,4,0.6729994242947611,0.017502936863152803,minibatch_kmeans,20,0.0673067306730673
Synthetic_alt64_b05_w112_s19_state5,5,112,19,5,0.8565,0.017502936863152803,minibatch_kmeans,20,0.0673067306730673
Synthetic_alt64_b05_w112_s19_state6,5,112,19,6,0.8308329022245214,0.017502936863152803,minibatch_kmeans,20,0.0673067306730673
Synthetic_alt64_b05_w112_s19_state7,5,112,19,7,0.9392446633825944,0.017502936863152803,minibatch_kmeans,20,0.0673067306730673
Synthetic_alt64_b05_w112_s19_state8,5,112,19,8,0.941952506596306,0.017502936863152803,minibatch_kmeans,20,0.0673067306730673
Synthetic_alt64_b05_w112_s19_state9,5,112,19,9,1.0,0.017502936863152803,minibatch_kmeans,20,0.0673067306730673
Synthetic_alt64_b05_w112_s19_state10,5,112,19,10,0.39361702127659576,0.017502936863152803,minibatch_kmeans,20,0.0673067306730673
Synthetic_alt64_b05_w112_s19_state11,5,112,19,11,1.0,0.017502936863152803,minibatch_kmeans,20,0.0673067306730673
Synthetic_alt64_b05_w112_s19_state12,5,112,19,12,0.9980861244019139,0.017502936863152803,minibatch_kmeans,20,0.0673067306730673
Synthetic_alt64_b06_w112_s28_state0,6,112,28,0,0.8085548172757475,0.01694014663659093,minibatch_kmeans,20,0.0673067306730673
Synthetic_alt64_b06_w112_s28_state1,6,112,28,1,0.8126050420168067,0.01694014663659093,minibatch_kmeans,20,0.0673067306730673
Synthetic_alt64_b06_w112_s28_state2,6,112,28,2,0.8461538461538461,0.01694014663659093,minibatch_kmeans,20,0.0673067306730673
Synthetic_alt64_b06_w112_s28_state3,6,112,28,3,0.776083467094703,0.01694014663659093,minibatch_kmeans,20,0.0673067306730673
Synthetic_alt64_b06_w112_s28_state4,6,112,28,4,0.6654761904761904,0.01694014663659093,minibatch_kmeans,20,0.0673067306730673
Synthetic_alt64_b06_w112_s28_state5,6,112,28,5,0.4942396313364055,0.01694014663659093,minibatch_kmeans,20,0.0673067306730673
Synthetic_alt64_b06_w112_s28_state6,6,112,28,6,0.6904761904761905,0.01694014663659093,minibatch_kmeans,20,0.0673067306730673
Synthetic_alt64_b06_w112_s28_state7,6,112,28,7,0.9453781512605042,0.01694014663659093,minibatch_kmeans,20,0.0673067306730673
Synthetic_alt64_b06_w112_s28_state8,6,112,28,8,0.9675324675324676,0.01694014663659093,minibatch_kmeans,20,0.0673067306730673
Synthetic_alt64_b06_w112_s28_state9,6,112,28,9,0.9790794979079498,0.01694014663659093,minibatch_kmeans,20,0.0673067306730673
Synthetic_alt64_b06_w112_s28_state10,6,112,28,10,0.6785714285714286,0.01694014663659093,minibatch_kmeans,20,0.0673067306730673
Synthetic_alt64_b06_w112_s28_state11,6,112,28,11,1.0,0.01694014663659093,minibatch_kmeans,20,0.0673067306730673
Synthetic_alt64_b07_w112_s42_state0,7,112,42,0,0.6914335664335665,0.017081931234432978,minibatch_kmeans,20,0.0673067306730673
Synthetic_alt64_b07_w112_s42_state1,7,112,42,1,0.828774062816616,0.017081931234432978,minibatch_kmeans,20,0.0673067306730673
Synthetic_alt64_b07_w112_s42_state2,7,112,42,2,0.8443496801705757,0.017081931234432978,minibatch_kmeans,20,0.0673067306730673
Synthetic_alt64_b07_w112_s42_state3,7,112,42,3,0.3803827751196172,0.017081931234432978,minibatch_kmeans,20,0.0673067306730673
Synthetic_alt64_b07_w112_s42_state4,7,112,42,4,0.8514492753623188,0.017081931234432978,minibatch_kmeans,20,0.0673067306730673
Synthetic_alt64_b07_w112_s42_state5,7,112,42,5,0.7989236790606654,0.017081931234432978,minibatch_kmeans,20,0.0673067306730673
Synthetic_alt64_b07_w112_s42_state6,7,112,42,6,0.9573796369376479,0.017081931234432978,minibatch_kmeans,20,0.0673067306730673
Synthetic_alt64_b07_w112_s42_state7,7,112,42,7,0.930952380952381,0.017081931234432978,minibatch_kmeans,20,0.0673067306730673
Synthetic_alt64_b07_w112_s42_state8,7,112,42,8,1.0,0.017081931234432978,minibatch_kmeans,20,0.0673067306730673
Synthetic_alt64_b07_w112_s42_state9,7,112,42,9,0.6857142857142857,0.017081931234432978,minibatch_kmeans,20,0.0673067306730673
Synthetic_alt64_b07_w112_s42_state10,7,112,42,10,1.0,0.017081931234432978,minibatch_kmeans,20,0.0673067306730673
Synthetic_alt64_b07_w112_s42_state11,7,112,42,11,1.0,0.017081931234432978,minibatch_kmeans,20,0.0673067306730673
Synthetic_alt64_b08_w112_s56_state0,8,112,56,0,0.5340909090909091,0.015871478030921638,minibatch_kmeans,20,0.0673067306730673
Synthetic_alt64_b08_w112_s56_state1,8,112,56,1,0.5551378446115288,0.015871478030921638,minibatch_kmeans,20,0.0673067306730673
Synthetic_alt64_b08_w112_s56_state2,8,112,56,2,0.4613702623906705,0.015871478030921638,minibatch_kmeans,20,0.0673067306730673
Synthetic_alt64_b08_w112_s56_state3,8,112,56,3,1.0,0.015871478030921638,minibatch_kmeans,20,0.0673067306730673
Synthetic_alt64_b08_w112_s56_state4,8,112,56,4,0.5833333333333334,0.015871478030921638,minibatch_kmeans,20,0.0673067306730673
Synthetic_alt64_b08_w112_s56_state5,8,112,56,5,0.6221988795518207,0.015871478030921638,minibatch_kmeans,20,0.0673067306730673
Synthetic_alt64_b08_w112_s56_state6,8,112,56,6,0.8448660714285714,0.015871478030921638,minibatch_kmeans,20,0.0673067306730673
Synthetic_alt64_b08_w112_s56_state7,8,112,56,7,0.95,0.015871478030921638,minibatch_kmeans,20,0.0673067306730673
Synthetic_alt64_b08_w112_s56_state8,8,112,56,8,0.9915966386554622,0.015871478030921638,minibatch_kmeans,20,0.0673067306730673
Synthetic_alt64_b08_w112_s56_state9,8,112,56,9,0.3448275862068966,0.015871478030921638,minibatch_kmeans,20,0.0673067306730673
Synthetic_alt64_b09_w128_s21_state0,9,128,21,0,0.5225244368890778,0.016236331092179757,minibatch_kmeans,20,0.0673067306730673
Synthetic_alt64_b09_w128_s21_state1,9,128,21,1,0.8638743455497382,0.016236331092179757,minibatch_kmeans,20,0.0673067306730673
Synthetic_alt64_b09_w128_s21_state2,9,128,21,2,0.3805702578111661,0.016236331092179757,minibatch_kmeans,20,0.0673067306730673
Synthetic_alt64_b09_w128_s21_state3,9,128,21,3,1.0,0.016236331092179757,minibatch_kmeans,20,0.0673067306730673
Synthetic_alt64_b09_w128_s21_state4,9,128,21,4,0.738105443634805,0.016236331092179757,minibatch_kmeans,20,0.0673067306730673
Synthetic_alt64_b09_w128_s21_state5,9,128,21,5,0.7520525451559934,0.016236331092179757,minibatch_kmeans,20,0.0673067306730673
Synthetic_alt64_b09_w128_s21_state6,9,128,21,6,0.8812095032397408,0.016236331092179757,minibatch_kmeans,20,0.0673067306730673
Synthetic_alt64_b09_w128_s21_state7,9,128,21,7,0.9577142857142857,0.016236331092179757,minibatch_kmeans,20,0.0673067306730673
Synthetic_alt64_b09_w128_s21_state8,9,128,21,8,1.0,0.016236331092179757,minibatch_kmeans,20,0.0673067306730673
Synthetic_alt64_b09_w128_s21_state9,9,128,21,9,0.38461538461538464,0.016236331092179757,minibatch_kmeans,20,0.0673067306730673
Synthetic_alt64_b09_w128_s21_state10,9,128,21,10,0.5793103448275863,0.016236331092179757,minibatch_kmeans,20,0.0673067306730673
Synthetic_alt64_b09_w128_s21_state11,9,128,21,11,0.6829268292682927,0.016236331092179757,minibatch_kmeans,20,0.0673067306730673
Synthetic_alt64_b09_w128_s21_state12,9,128,21,12,0.7213114754098361,0.016236331092179757,minibatch_kmeans,20,0.0673067306730673
Synthetic_alt64_b09_w128_s21_state13,9,128,21,13,1.0,0.016236331092179757,minibatch_kmeans,20,0.0673067306730673
Synthetic_alt64_b10_w128_s32_state0,10,128,32,0,0.5441250630358043,0.01623393751311974,minibatch_kmeans,20,0.0673067306730673
Synthetic_alt64_b10_w128_s32_state1,10,128,32,1,1.0,0.01623393751311974,minibatch_kmeans,20,0.0673067306730673
Synthetic_alt64_b10_w128_s32_state2,10,128,32,2,0.40334302325581395,0.01623393751311974,minibatch_kmeans,20,0.0673067306730673
Synthetic_alt64_b10_w128_s32_state3,10,128,32,3,0.8854166666666666,0.01623393751311974,minibatch_kmeans,20,0.0673067306730673
Synthetic_alt64_b10_w128_s32_state4,10,128,32,4,0.6,0.01623393751311974,minibatch_kmeans,20,0.0673067306730673
Synthetic_alt64_b10_w128_s32_state5,10,128,32,5,0.6,0.01623393751311974,minibatch_kmeans,20,0.0673067306730673
Synthetic_alt64_b10_w128_s32_state6,10,128,32,6,0.5078125,0.01623393751311974,minibatch_kmeans,20,0.0673067306730673
Synthetic_alt64_b10_w128_s32_state7,10,128,32,7,0.5138888888888888,0.01623393751311974,minibatch_kmeans,20,0.0673067306730673
Synthetic_alt64_b10_w128_s32_state8,10,128,32,8,0.9735576923076923,0.01623393751311974,minibatch_kmeans,20,0.0673067306730673
Synthetic_alt64_b10_w128_s32_state9,10,128,32,9,1.0,0.01623393751311974,minibatch_kmeans,20,0.0673067306730673
Synthetic_alt64_b10_w128_s32_state10,10,128,32,10,1.0,0.01623393751311974,minibatch_kmeans,20,0.0673067306730673
Synthetic_alt64_b11_w128_s48_state0,11,128,48,0,0.5311642493139945,0.016336465175461307,minibatch_kmeans,20,0.0673067306730673
Synthetic_alt64_b11_w128_s48_state1,11,128,48,1,0.5694444444444444,0.016336465175461307,minibatch_kmeans,20,0.0673067306730673
Synthetic_alt64_b11_w128_s48_state2,11,128,48,2,0.38974719101123595,0.016336465175461307,minibatch_kmeans,20,0.0673067306730673
Synthetic_alt64_b11_w128_s48_state3,11,128,48,3,1.0,0.016336465175461307,minibatch_kmeans,20,0.0673067306730673
Synthetic_alt64_b11_w128_s48_state4,11,128,48,4,0.6188226744186046,0.016336465175461307,minibatch_kmeans,20,0.0673067306730673
Synthetic_alt64_b11_w128_s48_state5,11,128,48,5,0.7722457627118644,0.016336465175461307,minibatch_kmeans,20,0.0673067306730673
Synthetic_alt64_b11_w128_s48_state6,11,128,48,6,0.7790697674418605,0.016336465175461307,minibatch_kmeans,20,0.0673067306730673
Synthetic_alt64_b11_w128_s48_state7,11,128,48,7,1.0,0.016336465175461307,minibatch_kmeans,20,0.0673067306730673
Synthetic_alt64_b11_w128_s48_state8,11,128,48,8,1.0,0.016336465175461307,minibatch_kmeans,20,0.0673067306730673
Synthetic_alt64_b12_w128_s64_state0,12,128,64,0,0.49689578713968957,0.016983734966112343,minibatch_kmeans,20,0.0673067306730673
Synthetic_alt64_b12_w128_s64_state1,12,128,64,1,0.8368055555555556,0.016983734966112343,minibatch_kmeans,20,0.0673067306730673
Synthetic_alt64_b12_w128_s64_state2,12,128,64,2,0.3703947368421053,0.016983734966112343,minibatch_kmeans,20,0.0673067306730673
Synthetic_alt64_b12_w128_s64_state3,12,128,64,3,1.0,0.016983734966112343,minibatch_kmeans,20,0.0673067306730673
Synthetic_alt64_b12_w128_s64_state4,12,128,64,4,0.6774553571428571,0.016983734966112343,minibatch_kmeans,20,0.0673067306730673
Synthetic_alt64_b12_w128_s64_state5,12,128,64,5,0.8550347222222222,0.016983734966112343,minibatch_kmeans,20,0.0673067306730673
Synthetic_alt64_b12_w128_s64_state6,12,128,64,6,1.0,0.016983734966112343,minibatch_kmeans,20,0.0673067306730673
Synthetic_alt64_b12_w128_s64_state7,12,128,64,7,0.9761904761904762,0.016983734966112343,minibatch_kmeans,20,0.0673067306730673
Synthetic_alt64_b12_w128_s64_state8,12,128,64,8,0.6875,0.016983734966112343,minibatch_kmeans,20,0.0673067306730673
Synthetic_alt64_b12_w128_s64_state9,12,128,64,9,0.75,0.016983734966112343,minibatch_kmeans,20,0.0673067306730673
Synthetic_alt64_b12_w128_s64_state10,12,128,64,10,1.0,0.016983734966112343,minibatch_kmeans,20,0.0673067306730673
Synthetic_alt64_b12_w128_s64_state11,12,128,64,11,1.0,0.016983734966112343,minibatch_kmeans,20,0.0673067306730673
Synthetic_alt64_b13_w144_s24_state0,13,144,24,0,0.5332532051282052,0.01675978127970298,minibatch_kmeans,20,0.0673067306730673
Synthetic_alt64_b13_w144_s24_state1,13,144,24,1,0.9583333333333334,0.01675978127970298,minibatch_kmeans,20,0.0673067306730673
Synthetic_alt64_b13_w144_s24_state2,13,144,24,2,0.3956582633053221,0.01675978127970298,minibatch_kmeans,20,0.0673067306730673
Synthetic_alt64_b13_w144_s24_state3,13,144,24,3,1.0,0.01675978127970298,minibatch_kmeans,20,0.0673067306730673
Synthetic_alt64_b13_w144_s24_state4,13,144,24,4,0.4980425055928412,0.01675978127970298,minibatch_kmeans,20,0.0673067306730673
Synthetic_alt64_b13_w144_s24_state5,13,144,24,5,0.5673076923076923,0.01675978127970298,minibatch_kmeans,20,0.0673067306730673
Synthetic_alt64_b13_w144_s24_state6,13,144,24,6,0.9819121447028424,0.01675978127970298,minibatch_kmeans,20,0.0673067306730673
Synthetic_alt64_b13_w144_s24_state7,13,144,24,7,0.75,0.01675978127970298,minibatch_kmeans,20,0.0673067306730673
Synthetic_alt64_b13_w144_s24_state8,13,144,24,8,0.8819444444444444,0.01675978127970298,minibatch_kmeans,20,0.0673067306730673
Synthetic_alt64_b13_w144_s24_state9,13,144,24,9,0.6666666666666666,0.01675978127970298,minibatch_kmeans,20,0.0673067306730673
Synthetic_alt64_b13_w144_s24_state10,13,144,24,10,1.0,0.01675978127970298,minibatch_kmeans,20,0.0673067306730673
Synthetic_alt64_b14_w144_s36_state0,14,144,36,0,0.5302847974328119,0.01632687679608606,minibatch_kmeans,20,0.0673067306730673
Synthetic_alt64_b14_w144_s36_state1,14,144,36,1,0.3819444444444444,0.01632687679608606,minibatch_kmeans,20,0.0673067306730673
Synthetic_alt64_b14_w144_s36_state2,14,144,36,2,0.48267074413863403,0.01632687679608606,minibatch_kmeans,20,0.0673067306730673
Synthetic_alt64_b14_w144_s36_state3,14,144,36,3,0.6666666666666666,0.01632687679608606,minibatch_kmeans,20,0.0673067306730673
Synthetic_alt64_b14_w144_s36_state4,14,144,36,4,0.4567901234567901,0.01632687679608606,minibatch_kmeans,20,0.0673067306730673
Synthetic_alt64_b14_w144_s36_state5,14,144,36,5,0.9881337648327939,0.01632687679608606,minibatch_kmeans,20,0.0673067306730673
Synthetic_alt64_b14_w144_s36_state6,14,144,36,6,1.0,0.01632687679608606,minibatch_kmeans,20,0.0673067306730673
Synthetic_alt64_b14_w144_s36_state7,14,144,36,7,0.9880952380952381,0.01632687679608606,minibatch_kmeans,20,0.0673067306730673
Synthetic_alt64_b14_w144_s36_state8,14,144,36,8,0.9444444444444444,0.01632687679608606,minibatch_kmeans,20,0.0673067306730673
Synthetic_alt64_b15_w144_s54_state0,15,144,54,0,0.5296167247386759,0.015894610839174317,minibatch_kmeans,20,0.0673067306730673
Synthetic_alt64_b15_w144_s54_state1,15,144,54,1,0.558974358974359,0.015894610839174317,minibatch_kmeans,20,0.0673067306730673
Synthetic_alt64_b15_w144_s54_state2,15,144,54,2,0.45098039215686275,0.015894610839174317,minibatch_kmeans,20,0.0673067306730673
Synthetic_alt64_b15_w144_s54_state3,15,144,54,3,0.8333333333333334,0.015894610839174317,minibatch_kmeans,20,0.0673067306730673
Synthetic_alt64_b15_w144_s54_state4,15,144,54,4,1.0,0.015894610839174317,minibatch_kmeans,20,0.0673067306730673
Synthetic_alt64_b15_w144_s54_state5,15,144,54,5,0.48909657320872274,0.015894610839174317,minibatch_kmeans,20,0.0673067306730673
Synthetic_alt64_b15_w144_s54_state6,15,144,54,6,0.6666666666666666,0.015894610839174317,minibatch_kmeans,20,0.0673067306730673
Synthetic_alt64_b15_w144_s54_state7,15,144,54,7,0.993533215755438,0.015894610839174317,minibatch_kmeans,20,0.0673067306730673
Synthetic_alt64_b15_w144_s54_state8,15,144,54,8,0.7012987012987013,0.015894610839174317,minibatch_kmeans,20,0.0673067306730673
Synthetic_alt64_b15_w144_s54_state9,15,144,54,9,0.9555555555555556,0.015894610839174317,minibatch_kmeans,20,0.0673067306730673
Synthetic_alt64_b16_w144_s72_state0,16,144,72,0,0.5420151334129829,0.015156073650666773,minibatch_kmeans,20,0.0673067306730673
Synthetic_alt64_b16_w144_s72_state1,16,144,72,1,0.44084362139917693,0.015156073650666773,minibatch_kmeans,20,0.0673067306730673
Synthetic_alt64_b16_w144_s72_state2,16,144,72,2,0.48383838383838385,0.015156073650666773,minibatch_kmeans,20,0.0673067306730673
Synthetic_alt64_b16_w144_s72_state3,16,144,72,3,0.5,0.015156073650666773,minibatch_kmeans,20,0.0673067306730673
Synthetic_alt64_b16_w144_s72_state4,16,144,72,4,0.6433333333333333,0.015156073650666773,minibatch_kmeans,20,0.0673067306730673
Synthetic_alt64_b16_w144_s72_state5,16,144,72,5,0.5895061728395061,0.015156073650666773,minibatch_kmeans,20,0.0673067306730673
Synthetic_alt64_b16_w144_s72_state6,16,144,72,6,0.9670781893004116,0.015156073650666773,minibatch_kmeans,20,0.0673067306730673
Synthetic_alt64_b16_w144_s72_state7,16,144,72,7,0.8333333333333334,0.015156073650666773,minibatch_kmeans,20,0.0673067306730673
Synthetic_alt64_b16_w144_s72_state8,16,144,72,8,1.0,0.015156073650666773,minibatch_kmeans,20,0.0673067306730673
Synthetic_alt64_b17_w160_s27_state0,17,160,27,0,0.532878909382518,0.0159910205280561,minibatch_kmeans,20,0.0673067306730673
Synthetic_alt64_b17_w160_s27_state1,17,160,27,1,0.531679764243615,0.0159910205280561,minibatch_kmeans,20,0.0673067306730673
Synthetic_alt64_b17_w160_s27_state2,17,160,27,2,0.6880896226415094,0.0159910205280561,minibatch_kmeans,20,0.0673067306730673
Synthetic_alt64_b17_w160_s27_state3,17,160,27,3,0.9320987654320988,0.0159910205280561,minibatch_kmeans,20,0.0673067306730673
Synthetic_alt64_b17_w160_s27_state4,17,160,27,4,0.48613963039014374,0.0159910205280561,minibatch_kmeans,20,0.0673067306730673
Synthetic_alt64_b17_w160_s27_state5,17,160,27,5,0.7169811320754716,0.0159910205280561,minibatch_kmeans,20,0.0673067306730673
Synthetic_alt64_b17_w160_s27_state6,17,160,27,6,0.9665637860082305,0.0159910205280561,minibatch_kmeans,20,0.0673067306730673
Synthetic_alt64_b17_w160_s27_state7,17,160,27,7,0.4397905759162304,0.0159910205280561,minibatch_kmeans,20,0.0673067306730673
Synthetic_alt64_b17_w160_s27_state8,17,160,27,8,1.0,0.0159910205280561,minibatch_kmeans,20,0.0673067306730673
Synthetic_alt64_b18_w160_s40_state0,18,160,40,0,0.5450180072028812,0.016615039541309228,minibatch_kmeans,20,0.0673067306730673
Synthetic_alt64_b18_w160_s40_state1,18,160,40,1,0.6075581395348837,0.016615039541309228,minibatch_kmeans,20,0.0673067306730673
Synthetic_alt64_b18_w160_s40_state2,18,160,40,2,0.5008928571428571,0.016615039541309228,minibatch_kmeans,20,0.0673067306730673
Synthetic_alt64_b18_w160_s40_state3,18,160,40,3,1.0,0.016615039541309228,minibatch_kmeans,20,0.0673067306730673
Synthetic_alt64_b18_w160_s40_state4,18,160,40,4,0.48020833333333335,0.016615039541309228,minibatch_kmeans,20,0.0673067306730673
Synthetic_alt64_b18_w160_s40_state5,18,160,40,5,0.6333333333333333,0.016615039541309228,minibatch_kmeans,20,0.0673067306730673
Synthetic_alt64_b18_w160_s40_state6,18,160,40,6,0.9957894736842106,0.016615039541309228,minibatch_kmeans,20,0.0673067306730673
Synthetic_alt64_b18_w160_s40_state7,18,160,40,7,0.625,0.016615039541309228,minibatch_kmeans,20,0.0673067306730673
Synthetic_alt64_b18_w160_s40_state8,18,160,40,8,0.65,0.016615039541309228,minibatch_kmeans,20,0.0673067306730673
Synthetic_alt64_b18_w160_s40_state9,18,160,40,9,0.7,0.016615039541309228,minibatch_kmeans,20,0.0673067306730673
Synthetic_alt64_b18_w160_s40_state10,18,160,40,10,1.0,0.016615039541309228,minibatch_kmeans,20,0.0673067306730673
Synthetic_alt64_b18_w160_s40_state11,18,160,40,11,1.0,0.016615039541309228,minibatch_kmeans,20,0.0673067306730673
Synthetic_alt64_b19_w160_s60_state0,19,160,60,0,0.5230405671524222,0.015679360936567976,minibatch_kmeans,20,0.0673067306730673
Synthetic_alt64_b19_w160_s60_state1,19,160,60,1,0.3888888888888889,0.015679360936567976,minibatch_kmeans,20,0.0673067306730673
Synthetic_alt64_b19_w160_s60_state2,19,160,60,2,0.43768115942028984,0.015679360936567976,minibatch_kmeans,20,0.0673067306730673
Synthetic_alt64_b19_w160_s60_state3,19,160,60,3,0.39456521739130435,0.015679360936567976,minibatch_kmeans,20,0.0673067306730673
Synthetic_alt64_b19_w160_s60_state4,19,160,60,4,1.0,0.015679360936567976,minibatch_kmeans,20,0.0673067306730673
Synthetic_alt64_b19_w160_s60_state5,19,160,60,5,0.3333333333333333,0.015679360936567976,minibatch_kmeans,20,0.0673067306730673
Synthetic_alt64_b19_w160_s60_state6,19,160,60,6,0.5010989010989011,0.015679360936567976,minibatch_kmeans,20,0.0673067306730673
Synthetic_alt64_b19_w160_s60_state7,19,160,60,7,1.0,0.015679360936567976,minibatch_kmeans,20,0.0673067306730673
Synthetic_alt64_b19_w160_s60_state8,19,160,60,8,0.9956989247311828,0.015679360936567976,minibatch_kmeans,20,0.0673067306730673
Synthetic_alt64_b19_w160_s60_state9,19,160,60,9,1.0,0.015679360936567976,minibatch_kmeans,20,0.0673067306730673
Synthetic_alt64_b19_w160_s60_state10,19,160,60,10,1.0,0.015679360936567976,minibatch_kmeans,20,0.0673067306730673
Synthetic_alt64_b19_w160_s60_state11,19,160,60,11,0.8,0.015679360936567976,minibatch_kmeans,20,0.0673067306730673
Synthetic_alt64_b20_w160_s80_state0,20,160,80,0,0.527702962677953,0.01631187912580496,minibatch_kmeans,20,0.0673067306730673
Synthetic_alt64_b20_w160_s80_state1,20,160,80,1,0.37866666666666665,0.01631187912580496,minibatch_kmeans,20,0.0673067306730673
Synthetic_alt64_b20_w160_s80_state2,20,160,80,2,0.37142857142857144,0.01631187912580496,minibatch_kmeans,20,0.0673067306730673
Synthetic_alt64_b20_w160_s80_state3,20,160,80,3,0.4831395348837209,0.01631187912580496,minibatch_kmeans,20,0.0673067306730673
Synthetic_alt64_b20_w160_s80_state4,20,160,80,4,0.8,0.01631187912580496,minibatch_kmeans,20,0.0673067306730673
Synthetic_alt64_b20_w160_s80_state5,20,160,80,5,0.9956521739130435,0.01631187912580496,minibatch_kmeans,20,0.0673067306730673
Synthetic_alt64_b20_w160_s80_state6,20,160,80,6,1.0,0.01631187912580496,minibatch_kmeans,20,0.0673067306730673
Synthetic_alt64_b20_w160_s80_state7,20,160,80,7,1.0,0.01631187912580496,minibatch_kmeans,20,0.0673067306730673
Synthetic_alt64_b20_w160_s80_state8,20,160,80,8,1.0,0.01631187912580496,minibatch_kmeans,20,0.0673067306730673
Synthetic_alt64_b21_w176_s29_state0,21,176,29,0,0.5400380308472428,0.015885855675765125,minibatch_kmeans,20,0.0673067306730673
Synthetic_alt64_b21_w176_s29_state1,21,176,29,1,0.5577689243027888,0.015885855675765125,minibatch_kmeans,20,0.0673067306730673
Synthetic_alt64_b21_w176_s29_state2,21,176,29,2,0.3989342806394316,0.015885855675765125,minibatch_kmeans,20,0.0673067306730673
Synthetic_alt64_b21_w176_s29_state3,21,176,29,3,0.9900497512437811,0.015885855675765125,minibatch_kmeans,20,0.0673067306730673
Synthetic_alt64_b21_w176_s29_state4,21,176,29,4,0.48741794310722103,0.015885855675765125,minibatch_kmeans,20,0.0673067306730673
Synthetic_alt64_b21_w176_s29_state5,21,176,29,5,0.9824607329842932,0.015885855675765125,minibatch_kmeans,20,0.0673067306730673
Synthetic_alt64_b21_w176_s29_state6,21,176,29,6,0.5030425963488844,0.015885855675765125,minibatch_kmeans,20,0.0673067306730673
Synthetic_alt64_b21_w176_s29_state7,21,176,29,7,0.5176470588235295,0.015885855675765125,minibatch_kmeans,20,0.0673067306730673
Synthetic_alt64_b21_w176_s29_state8,21,176,29,8,0.7982456140350878,0.015885855675765125,minibatch_kmeans,20,0.0673067306730673
Synthetic_alt64_b21_w176_s29_state9,21,176,29,9,0.9586206896551724,0.015885855675765125,minibatch_kmeans,20,0.0673067306730673
Synthetic_alt64_b22_w176_s44_state0,22,176,44,0,0.5405183052241875,0.01682484138673589,minibatch_kmeans,20,0.0673067306730673
Synthetic_alt64_b22_w176_s44_state1,22,176,44,1,0.3853459972862958,0.01682484138673589,minibatch_kmeans,20,0.0673067306730673
Synthetic_alt64_b22_w176_s44_state2,22,176,44,2,0.9818181818181818,0.01682484138673589,minibatch_kmeans,20,0.0673067306730673
Synthetic_alt64_b22_w176_s44_state3,22,176,44,3,0.49365750528541225,0.01682484138673589,minibatch_kmeans,20,0.0673067306730673
Synthetic_alt64_b22_w176_s44_state4,22,176,44,4,0.6136363636363636,0.01682484138673589,minibatch_kmeans,20,0.0673067306730673
Synthetic_alt64_b22_w176_s44_state5,22,176,44,5,0.6363636363636364,0.01682484138673589,minibatch_kmeans,20,0.0673067306730673
Synthetic_alt64_b22_w176_s44_state6,22,176,44,6,0.9822361546499477,0.01682484138673589,minibatch_kmeans,20,0.0673067306730673
Synthetic_alt64_b22_w176_s44_state7,22,176,44,7,0.7840909090909091,0.01682484138673589,minibatch_kmeans,20,0.0673067306730673
Synthetic_alt64_b22_w176_s44_state8,22,176,44,8,1.0,0.01682484138673589,minibatch_kmeans,20,0.0673067306730673
Synthetic_alt64_b22_w176_s44_state9,22,176,44,9,1.0,0.01682484138673589,minibatch_kmeans,20,0.0673067306730673
Synthetic_alt64_b23_w176_s66_state0,23,176,66,0,0.530564263322884,0.015751693261721975,minibatch_kmeans,20,0.0673067306730673
Synthetic_alt64_b23_w176_s66_state1,23,176,66,1,0.7727272727272727,0.015751693261721975,minibatch_kmeans,20,0.0673067306730673
Synthetic_alt64_b23_w176_s66_state2,23,176,66,2,0.39511850017686595,0.015751693261721975,minibatch_kmeans,20,0.0673067306730673
Synthetic_alt64_b23_w176_s66_state3,23,176,66,3,0.4965443912812334,0.015751693261721975,minibatch_kmeans,20,0.0673067306730673
Synthetic_alt64_b23_w176_s66_state4,23,176,66,4,0.4772727272727273,0.015751693261721975,minibatch_kmeans,20,0.0673067306730673
Synthetic_alt64_b23_w176_s66_state5,23,176,66,5,0.9967914438502674,0.015751693261721975,minibatch_kmeans,20,0.0673067306730673
Synthetic_alt64_b23_w176_s66_state6,23,176,66,6,0.6060606060606061,0.015751693261721975,minibatch_kmeans,20,0.0673067306730673
Synthetic_alt64_b23_w176_s66_state7,23,176,66,7,0.988394584139265,0.015751693261721975,minibatch_kmeans,20,0.0673067306730673
Synthetic_alt64_b24_w176_s88_state0,24,176,88,0,0.5222477943996932,0.01483350850146292,minibatch_kmeans,20,0.0673067306730673
Synthetic_alt64_b24_w176_s88_state1,24,176,88,1,0.37967914438502676,0.01483350850146292,minibatch_kmeans,20,0.0673067306730673
Synthetic_alt64_b24_w176_s88_state2,24,176,88,2,1.0,0.01483350850146292,minibatch_kmeans,20,0.0673067306730673
Synthetic_alt64_b24_w176_s88_state3,24,176,88,3,0.5124458874458875,0.01483350850146292,minibatch_kmeans,20,0.0673067306730673
Synthetic_alt64_b24_w176_s88_state4,24,176,88,4,0.36363636363636365,0.01483350850146292,minibatch_kmeans,20,0.0673067306730673
Synthetic_alt64_b24_w176_s88_state5,24,176,88,5,0.7838765008576329,0.01483350850146292,minibatch_kmeans,20,0.0673067306730673
Synthetic_alt64_b24_w176_s88_state6,24,176,88,6,0.7272727272727273,0.01483350850146292,minibatch_kmeans,20,0.0673067306730673
Synthetic_alt64_b25_w192_s32_state0,25,192,32,0,0.5508840017248814,0.01567024138958776,minibatch_kmeans,20,0.0673067306730673
Synthetic_alt64_b25_w192_s32_state1,25,192,32,1,0.5,0.01567024138958776,minibatch_kmeans,20,0.0673067306730673
Synthetic_alt64_b25_w192_s32_state2,25,192,32,2,0.39071428571428574,0.01567024138958776,minibatch_kmeans,20,0.0673067306730673
Synthetic_alt64_b25_w192_s32_state3,25,192,32,3,0.90625,0.01567024138958776,minibatch_kmeans,20,0.0673067306730673
Synthetic_alt64_b25_w192_s32_state4,25,192,32,4,0.5322473404255319,0.01567024138958776,minibatch_kmeans,20,0.0673067306730673
Synthetic_alt64_b25_w192_s32_state5,25,192,32,5,0.7703125,0.01567024138958776,minibatch_kmeans,20,0.0673067306730673
Synthetic_alt64_b25_w192_s32_state6,25,192,32,6,0.6458333333333334,0.01567024138958776,minibatch_kmeans,20,0.0673067306730673
Synthetic_alt64_b25_w192_s32_state7,25,192,32,7,0.9978813559322034,0.01567024138958776,minibatch_kmeans,20,0.0673067306730673
Synthetic_alt64_b25_w192_s32_state8,25,192,32,8,0.4375,0.01567024138958776,minibatch_kmeans,20,0.0673067306730673
Synthetic_alt64_b25_w192_s32_state9,25,192,32,9,0.54375,0.01567024138958776,minibatch_kmeans,20,0.0673067306730673
Synthetic_alt64_b25_w192_s32_state10,25,192,32,10,0.6666666666666666,0.01567024138958776,minibatch_kmeans,20,0.0673067306730673
Synthetic_alt64_b25_w192_s32_state11,25,192,32,11,1.0,0.01567024138958776,minibatch_kmeans,20,0.0673067306730673
Synthetic_alt64_b26_w192_s48_state0,26,192,48,0,0.5155350978135789,0.016197321601543902,minibatch_kmeans,20,0.0673067306730673
Synthetic_alt64_b26_w192_s48_state1,26,192,48,1,0.39295977011494254,0.016197321601543902,minibatch_kmeans,20,0.0673067306730673
Synthetic_alt64_b26_w192_s48_state2,26,192,48,2,0.5173611111111112,0.016197321601543902,minibatch_kmeans,20,0.0673067306730673
Synthetic_alt64_b26_w192_s48_state3,26,192,48,3,0.7222222222222222,0.016197321601543902,minibatch_kmeans,20,0.0673067306730673
Synthetic_alt64_b26_w192_s48_state4,26,192,48,4,0.4,0.016197321601543902,minibatch_kmeans,20,0.0673067306730673
Synthetic_alt64_b26_w192_s48_state5,26,192,48,5,1.0,0.016197321601543902,minibatch_kmeans,20,0.0673067306730673
Synthetic_alt64_b26_w192_s48_state6,26,192,48,6,0.9891774891774892,0.016197321601543902,minibatch_kmeans,20,0.0673067306730673
Synthetic_alt64_b26_w192_s48_state7,26,192,48,7,1.0,0.016197321601543902,minibatch_kmeans,20,0.0673067306730673
Synthetic_alt64_b26_w192_s48_state8,26,192,48,8,0.5,0.016197321601543902,minibatch_kmeans,20,0.0673067306730673
Synthetic_alt64_b26_w192_s48_state9,26,192,48,9,1.0,0.016197321601543902,minibatch_kmeans,20,0.0673067306730673
Synthetic_alt64_b26_w192_s48_state10,26,192,48,10,0.8333333333333334,0.016197321601543902,minibatch_kmeans,20,0.0673067306730673
Synthetic_alt64_b27_w192_s72_state0,27,192,72,0,0.5283094098883573,0.01624881572403304,minibatch_kmeans,20,0.0673067306730673
Synthetic_alt64_b27_w192_s72_state1,27,192,72,1,0.2833333333333333,0.01624881572403304,minibatch_kmeans,20,0.0673067306730673
Synthetic_alt64_b27_w192_s72_state2,27,192,72,2,0.3895747599451303,0.01624881572403304,minibatch_kmeans,20,0.0673067306730673
Synthetic_alt64_b27_w192_s72_state3,27,192,72,3,1.0,0.01624881572403304,minibatch_kmeans,20,0.0673067306730673
Synthetic_alt64_b27_w192_s72_state4,27,192,72,4,0.3333333333333333,0.01624881572403304,minibatch_kmeans,20,0.0673067306730673
Synthetic_alt64_b27_w192_s72_state5,27,192,72,5,0.5211111111111111,0.01624881572403304,minibatch_kmeans,20,0.0673067306730673
Synthetic_alt64_b27_w192_s72_state6,27,192,72,6,1.0,0.01624881572403304,minibatch_kmeans,20,0.0673067306730673
Synthetic_alt64_b27_w192_s72_state7,27,192,72,7,0.9734789391575663,0.01624881572403304,minibatch_kmeans,20,0.0673067306730673
Synthetic_alt64_b27_w192_s72_state8,27,192,72,8,1.0,0.01624881572403304,minibatch_kmeans,20,0.0673067306730673
Synthetic_alt64_b27_w192_s72_state9,27,192,72,9,1.0,0.01624881572403304,minibatch_kmeans,20,0.0673067306730673
Synthetic_alt64_b28_w192_s96_state0,28,192,96,0,0.5253229974160206,0.015843759196642396,minibatch_kmeans,20,0.0673067306730673
Synthetic_alt64_b28_w192_s96_state1,28,192,96,1,0.5456730769230769,0.015843759196642396,minibatch_kmeans,20,0.0673067306730673
Synthetic_alt64_b28_w192_s96_state2,28,192,96,2,0.39444444444444443,0.015843759196642396,minibatch_kmeans,20,0.0673067306730673
Synthetic_alt64_b28_w192_s96_state3,28,192,96,3,1.0,0.015843759196642396,minibatch_kmeans,20,0.0673067306730673
Synthetic_alt64_b28_w192_s96_state4,28,192,96,4,0.46726190476190477,0.015843759196642396,minibatch_kmeans,20,0.0673067306730673
Synthetic_alt64_b28_w192_s96_state5,28,192,96,5,0.6666666666666666,0.015843759196642396,minibatch_kmeans,20,0.0673067306730673
Synthetic_alt64_b28_w192_s96_state6,28,192,96,6,0.9893162393162394,0.015843759196642396,minibatch_kmeans,20,0.0673067306730673
Synthetic_alt64_b28_w192_s96_state7,28,192,96,7,0.8333333333333334,0.015843759196642396,minibatch_kmeans,20,0.0673067306730673
Synthetic_alt64_b28_w192_s96_state8,28,192,96,8,0.9772727272727273,0.015843759196642396,minibatch_kmeans,20,0.0673067306730673
Synthetic_alt64_b29_w208_s35_state0,29,208,35,0,0.5645263827082009,0.015767376392094686,minibatch_kmeans,20,0.0673067306730673
Synthetic_alt64_b29_w208_s35_state1,29,208,35,1,0.4055694394858979,0.015767376392094686,minibatch_kmeans,20,0.0673067306730673
Synthetic_alt64_b29_w208_s35_state2,29,208,35,2,0.8821428571428571,0.015767376392094686,minibatch_kmeans,20,0.0673067306730673
Synthetic_alt64_b29_w208_s35_state3,29,208,35,3,0.4963951935914553,0.015767376392094686,minibatch_kmeans,20,0.0673067306730673
Synthetic_alt64_b29_w208_s35_state4,29,208,35,4,0.6597222222222222,0.015767376392094686,minibatch_kmeans,20,0.0673067306730673
Synthetic_alt64_b29_w208_s35_state5,29,208,35,5,0.4046242774566474,0.015767376392094686,minibatch_kmeans,20,0.0673067306730673
Synthetic_alt64_b29_w208_s35_state6,29,208,35,6,0.9837679616817456,0.015767376392094686,minibatch_kmeans,20,0.0673067306730673
Synthetic_alt64_b29_w208_s35_state7,29,208,35,7,0.8333333333333334,0.015767376392094686,minibatch_kmeans,20,0.0673067306730673
Synthetic_alt64_b29_w208_s35_state8,29,208,35,8,0.6415094339622641,0.015767376392094686,minibatch_kmeans,20,0.0673067306730673
Synthetic_alt64_b29_w208_s35_state9,29,208,35,9,0.411214953271028,0.015767376392094686,minibatch_kmeans,20,0.0673067306730673
Synthetic_alt64_b29_w208_s35_state10,29,208,35,10,1.0,0.015767376392094686,minibatch_kmeans,20,0.0673067306730673
Synthetic_alt64_b30_w208_s52_state0,30,208,52,0,0.5520789584208315,0.017196169896387423,minibatch_kmeans,20,0.0673067306730673
Synthetic_alt64_b30_w208_s52_state1,30,208,52,1,0.3972027972027972,0.017196169896387423,minibatch_kmeans,20,0.0673067306730673
Synthetic_alt64_b30_w208_s52_state2,30,208,52,2,1.0,0.017196169896387423,minibatch_kmeans,20,0.0673067306730673
Synthetic_alt64_b30_w208_s52_state3,30,208,52,3,0.49894625922023184,0.017196169896387423,minibatch_kmeans,20,0.0673067306730673
Synthetic_alt64_b30_w208_s52_state4,30,208,52,4,0.6730769230769231,0.017196169896387423,minibatch_kmeans,20,0.0673067306730673
Synthetic_alt64_b30_w208_s52_state5,30,208,52,5,0.8021978021978022,0.017196169896387423,minibatch_kmeans,20,0.0673067306730673
Synthetic_alt64_b30_w208_s52_state6,30,208,52,6,0.9978925184404637,0.017196169896387423,minibatch_kmeans,20,0.0673067306730673
Synthetic_alt64_b30_w208_s52_state7,30,208,52,7,0.8461538461538461,0.017196169896387423,minibatch_kmeans,20,0.0673067306730673
Synthetic_alt64_b30_w208_s52_state8,30,208,52,8,0.9653846153846154,0.017196169896387423,minibatch_kmeans,20,0.0673067306730673
Synthetic_alt64_b30_w208_s52_state9,30,208,52,9,1.0,0.017196169896387423,minibatch_kmeans,20,0.0673067306730673
Synthetic_alt64_b31_w208_s78_state0,31,208,78,0,0.5362519809825673,0.015408440010362293,minibatch_kmeans,20,0.0673067306730673
Synthetic_alt64_b31_w208_s78_state1,31,208,78,1,0.376657824933687,0.015408440010362293,minibatch_kmeans,20,0.0673067306730673
Synthetic_alt64_b31_w208_s78_state2,31,208,78,2,0.5734265734265734,0.015408440010362293,minibatch_kmeans,20,0.0673067306730673
Synthetic_alt64_b31_w208_s78_state3,31,208,78,3,0.508456082924168,0.015408440010362293,minibatch_kmeans,20,0.0673067306730673
Synthetic_alt64_b31_w208_s78_state4,31,208,78,4,0.5230769230769231,0.015408440010362293,minibatch_kmeans,20,0.0673067306730673
Synthetic_alt64_b31_w208_s78_state5,31,208,78,5,0.8933566433566433,0.015408440010362293,minibatch_kmeans,20,0.0673067306730673
Synthetic_alt64_b31_w208_s78_state6,31,208,78,6,1.0,0.015408440010362293,minibatch_kmeans,20,0.0673067306730673
Synthetic_alt64_b31_w208_s78_state7,31,208,78,7,1.0,0.015408440010362293,minibatch_kmeans,20,0.0673067306730673
Synthetic_alt64_b31_w208_s78_state8,31,208,78,8,0.35384615384615387,0.015408440010362293,minibatch_kmeans,20,0.0673067306730673
Synthetic_alt64_b32_w208_s104_state0,32,208,104,0,0.5234100663285213,0.01571352607352534,minibatch_kmeans,20,0.0673067306730673
Synthetic_alt64_b32_w208_s104_state1,32,208,104,1,0.37027379400260757,0.01571352607352534,minibatch_kmeans,20,0.0673067306730673
Synthetic_alt64_b32_w208_s104_state2,32,208,104,2,0.6153846153846154,0.01571352607352534,minibatch_kmeans,20,0.0673067306730673
Synthetic_alt64_b32_w208_s104_state3,32,208,104,3,0.4701417004048583,0.01571352607352534,minibatch_kmeans,20,0.0673067306730673
Synthetic_alt64_b32_w208_s104_state4,32,208,104,4,0.9978632478632479,0.01571352607352534,minibatch_kmeans,20,0.0673067306730673
Synthetic_alt64_b32_w208_s104_state5,32,208,104,5,1.0,0.01571352607352534,minibatch_kmeans,20,0.0673067306730673
Synthetic_alt64_b33_w224_s37_state0,33,224,37,0,0.5566329688467093,0.016097135535387514,minibatch_kmeans,20,0.0673067306730673
Synthetic_alt64_b33_w224_s37_state1,33,224,37,1,0.4166819768510013,0.016097135535387514,minibatch_kmeans,20,0.0673067306730673
Synthetic_alt64_b33_w224_s37_state2,33,224,37,2,0.9205955334987593,0.016097135535387514,minibatch_kmeans,20,0.0673067306730673
Synthetic_alt64_b33_w224_s37_state3,33,224,37,3,0.5169540229885058,0.016097135535387514,minibatch_kmeans,20,0.0673067306730673
Synthetic_alt64_b33_w224_s37_state4,33,224,37,4,0.5245901639344263,0.016097135535387514,minibatch_kmeans,20,0.0673067306730673
Synthetic_alt64_b33_w224_s37_state5,33,224,37,5,0.9855110642781876,0.016097135535387514,minibatch_kmeans,20,0.0673067306730673
Synthetic_alt64_b33_w224_s37_state6,33,224,37,6,0.45225225225225224,0.016097135535387514,minibatch_kmeans,20,0.0673067306730673
Synthetic_alt64_b33_w224_s37_state7,33,224,37,7,0.6111111111111112,0.016097135535387514,minibatch_kmeans,20,0.0673067306730673
Synthetic_alt64_b33_w224_s37_state8,33,224,37,8,0.9459459459459459,0.016097135535387514,minibatch_kmeans,20,0.0673067306730673
Synthetic_alt64_b33_w224_s37_state9,33,224,37,9,0.547945205479452,0.016097135535387514,minibatch_kmeans,20,0.0673067306730673
Synthetic_alt64_b33_w224_s37_state10,33,224,37,10,1.0,0.016097135535387514,minibatch_kmeans,20,0.0673067306730673
Synthetic_alt64_b33_w224_s37_state11,33,224,37,11,0.7916666666666666,0.016097135535387514,minibatch_kmeans,20,0.0673067306730673
Synthetic_alt64_b34_w224_s56_state0,34,224,56,0,0.5535714285714286,0.01654443980526057,minibatch_kmeans,20,0.0673067306730673
Synthetic_alt64_b34_w224_s56_state1,34,224,56,1,0.4016973125884017,0.01654443980526057,minibatch_kmeans,20,0.0673067306730673
Synthetic_alt64_b34_w224_s56_state2,34,224,56,2,0.7857142857142857,0.01654443980526057,minibatch_kmeans,20,0.0673067306730673
Synthetic_alt64_b34_w224_s56_state3,34,224,56,3,0.5124458874458875,0.01654443980526057,minibatch_kmeans,20,0.0673067306730673
Synthetic_alt64_b34_w224_s56_state4,34,224,56,4,0.5,0.01654443980526057,minibatch_kmeans,20,0.0673067306730673
Synthetic_alt64_b34_w224_s56_state5,34,224,56,5,0.7142857142857143,0.01654443980526057,minibatch_kmeans,20,0.0673067306730673
Synthetic_alt64_b34_w224_s56_state6,34,224,56,6,0.9900367068694285,0.01654443980526057,minibatch_kmeans,20,0.0673067306730673
Synthetic_alt64_b34_w224_s56_state7,34,224,56,7,0.8571428571428571,0.01654443980526057,minibatch_kmeans,20,0.0673067306730673
Synthetic_alt64_b34_w224_s56_state8,34,224,56,8,0.7857142857142857,0.01654443980526057,minibatch_kmeans,20,0.0673067306730673
Synthetic_alt64_b34_w224_s56_state9,34,224,56,9,1.0,0.01654443980526057,minibatch_kmeans,20,0.0673067306730673
Synthetic_alt64_b35_w224_s84_state0,35,224,84,0,0.550987505038291,0.016116003110383286,minibatch_kmeans,20,0.0673067306730673
Synthetic_alt64_b35_w224_s84_state1,35,224,84,1,0.5,0.016116003110383286,minibatch_kmeans,20,0.0673067306730673
Synthetic_alt64_b35_w224_s84_state2,35,224,84,2,0.3901098901098901,0.016116003110383286,minibatch_kmeans,20,0.0673067306730673
Synthetic_alt64_b35_w224_s84_state3,35,224,84,3,0.7785714285714286,0.016116003110383286,minibatch_kmeans,20,0.0673067306730673
Synthetic_alt64_b35_w224_s84_state4,35,224,84,4,0.5491071428571429,0.016116003110383286,minibatch_kmeans,20,0.0673067306730673
Synthetic_alt64_b35_w224_s84_state5,35,224,84,5,0.46382783882783885,0.016116003110383286,minibatch_kmeans,20,0.0673067306730673
Synthetic_alt64_b35_w224_s84_state6,35,224,84,6,1.0,0.016116003110383286,minibatch_kmeans,20,0.0673067306730673
Synthetic_alt64_b35_w224_s84_state7,35,224,84,7,1.0,0.016116003110383286,minibatch_kmeans,20,0.0673067306730673
Synthetic_alt64_b35_w224_s84_state8,35,224,84,8,1.0,0.016116003110383286,minibatch_kmeans,20,0.0673067306730673
Synthetic_alt64_b36_w224_s112_state0,36,224,112,0,0.5180283851169927,0.01601145184324691,minibatch_kmeans,20,0.0673067306730673
Synthetic_alt64_b36_w224_s112_state1,36,224,112,1,0.4523809523809524,0.01601145184324691,minibatch_kmeans,20,0.0673067306730673
Synthetic_alt64_b36_w224_s112_state2,36,224,112,2,0.4057142857142857,0.01601145184324691,minibatch_kmeans,20,0.0673067306730673
Synthetic_alt64_b36_w224_s112_state3,36,224,112,3,0.6666666666666666,0.01601145184324691,minibatch_kmeans,20,0.0673067306730673
Synthetic_alt64_b36_w224_s112_state4,36,224,112,4,0.5145089285714286,0.01601145184324691,minibatch_kmeans,20,0.0673067306730673
Synthetic_alt64_b36_w224_s112_state5,36,224,112,5,0.7142857142857143,0.01601145184324691,minibatch_kmeans,20,0.0673067306730673
Synthetic_alt64_b36_w224_s112_state6,36,224,112,6,1.0,0.01601145184324691,minibatch_kmeans,20,0.0673067306730673
Synthetic_alt64_b36_w224_s112_state7,36,224,112,7,0.7142857142857143,0.01601145184324691,minibatch_kmeans,20,0.0673067306730673
Synthetic_alt64_b36_w224_s112_state8,36,224,112,8,1.0,0.01601145184324691,minibatch_kmeans,20,0.0673067306730673
Synthetic_alt64_b36_w224_s112_state9,36,224,112,9,1.0,0.01601145184324691,minibatch_kmeans,20,0.0673067306730673
Synthetic_alt64_b37_w240_s40_state0,37,240,40,0,0.563624396665204,0.015894110913200823,minibatch_kmeans,20,0.0673067306730673
Synthetic_alt64_b37_w240_s40_state1,37,240,40,1,0.5833333333333334,0.015894110913200823,minibatch_kmeans,20,0.0673067306730673
Synthetic_alt64_b37_w240_s40_state2,37,240,40,2,0.40283687943262414,0.015894110913200823,minibatch_kmeans,20,0.0673067306730673
Synthetic_alt64_b37_w240_s40_state3,37,240,40,3,0.8,0.015894110913200823,minibatch_kmeans,20,0.0673067306730673
Synthetic_alt64_b37_w240_s40_state4,37,240,40,4,0.49842105263157893,0.015894110913200823,minibatch_kmeans,20,0.0673067306730673
Synthetic_alt64_b37_w240_s40_state5,37,240,40,5,0.6166666666666667,0.015894110913200823,minibatch_kmeans,20,0.0673067306730673
Synthetic_alt64_b37_w240_s40_state6,37,240,40,6,0.6,0.015894110913200823,minibatch_kmeans,20,0.0673067306730673
Synthetic_alt64_b37_w240_s40_state7,37,240,40,7,1.0,0.015894110913200823,minibatch_kmeans,20,0.0673067306730673
Synthetic_alt64_b37_w240_s40_state8,37,240,40,8,1.0,0.015894110913200823,minibatch_kmeans,20,0.0673067306730673
Synthetic_alt64_b37_w240_s40_state9,37,240,40,9,0.5333333333333333,0.015894110913200823,minibatch_kmeans,20,0.0673067306730673
Synthetic_alt64_b37_w240_s40_state10,37,240,40,10,0.36666666666666664,0.015894110913200823,minibatch_kmeans,20,0.0673067306730673
Synthetic_alt64_b37_w240_s40_state11,37,240,40,11,1.0,0.015894110913200823,minibatch_kmeans,20,0.0673067306730673
Synthetic_alt64_b38_w240_s60_state0,38,240,60,0,0.5320833333333334,0.015164708420689364,minibatch_kmeans,20,0.0673067306730673
Synthetic_alt64_b38_w240_s60_state1,38,240,60,1,0.407168458781362,0.015164708420689364,minibatch_kmeans,20,0.0673067306730673
Synthetic_alt64_b38_w240_s60_state2,38,240,60,2,0.3375,0.015164708420689364,minibatch_kmeans,20,0.0673067306730673
Synthetic_alt64_b38_w240_s60_state3,38,240,60,3,0.9,0.015164708420689364,minibatch_kmeans,20,0.0673067306730673
Synthetic_alt64_b38_w240_s60_state4,38,240,60,4,0.4853107344632768,0.015164708420689364,minibatch_kmeans,20,0.0673067306730673
Synthetic_alt64_b38_w240_s60_state5,38,240,60,5,0.4666666666666667,0.015164708420689364,minibatch_kmeans,20,0.0673067306730673
Synthetic_alt64_b38_w240_s60_state6,38,240,60,6,0.976303317535545,0.015164708420689364,minibatch_kmeans,20,0.0673067306730673
Synthetic_alt64_b38_w240_s60_state7,38,240,60,7,0.5111111111111111,0.015164708420689364,minibatch_kmeans,20,0.0673067306730673
Synthetic_alt64_b38_w240_s60_state8,38,240,60,8,1.0,0.015164708420689364,minibatch_kmeans,20,0.0673067306730673
Synthetic_alt64_b39_w240_s90_state0,39,240,90,0,0.5189003436426117,0.01541600753800059,minibatch_kmeans,20,0.0673067306730673
Synthetic_alt64_b39_w240_s90_state1,39,240,90,1,0.6666666666666666,0.01541600753800059,minibatch_kmeans,20,0.0673067306730673
Synthetic_alt64_b39_w240_s90_state2,39,240,90,2,0.38639455782312926,0.01541600753800059,minibatch_kmeans,20,0.0673067306730673
Synthetic_alt64_b39_w240_s90_state3,39,240,90,3,0.49731182795698925,0.01541600753800059,minibatch_kmeans,20,0.0673067306730673
Synthetic_alt64_b39_w240_s90_state4,39,240,90,4,0.5333333333333333,0.01541600753800059,minibatch_kmeans,20,0.0673067306730673
Synthetic_alt64_b39_w240_s90_state5,39,240,90,5,1.0,0.01541600753800059,minibatch_kmeans,20,0.0673067306730673
Synthetic_alt64_b39_w240_s90_state6,39,240,90,6,0.4583333333333333,0.01541600753800059,minibatch_kmeans,20,0.0673067306730673
Synthetic_alt64_b39_w240_s90_state7,39,240,90,7,0.4266666666666667,0.01541600753800059,minibatch_kmeans,20,0.0673067306730673
Synthetic_alt64_b39_w240_s90_state8,39,240,90,8,0.9523809523809523,0.01541600753800059,minibatch_kmeans,20,0.0673067306730673
Synthetic_alt64_b39_w240_s90_state9,39,240,90,9,1.0,0.01541600753800059,minibatch_kmeans,20,0.0673067306730673
Synthetic_alt64_b40_w240_s120_state0,40,240,120,0,0.5106382978723404,0.015615109765513946,minibatch_kmeans,20,0.0673067306730673
Synthetic_alt64_b40_w240_s120_state1,40,240,120,1,0.40283687943262414,0.015615109765513946,minibatch_kmeans,20,0.0673067306730673
Synthetic_alt64_b40_w240_s120_state2,40,240,120,2,0.35,0.015615109765513946,minibatch_kmeans,20,0.0673067306730673
Synthetic_alt64_b40_w240_s120_state3,40,240,120,3,0.5027777777777778,0.015615109765513946,minibatch_kmeans,20,0.0673067306730673
Synthetic_alt64_b40_w240_s120_state4,40,240,120,4,0.8666666666666667,0.015615109765513946,minibatch_kmeans,20,0.0673067306730673
Synthetic_alt64_b40_w240_s120_state5,40,240,120,5,0.9844444444444445,0.015615109765513946,minibatch_kmeans,20,0.0673067306730673
Synthetic_alt64_b40_w240_s120_state6,40,240,120,6,1.0,0.015615109765513946,minibatch_kmeans,20,0.0673067306730673
Synthetic_alt64_b40_w240_s120_state7,40,240,120,7,0.9583333333333334,0.015615109765513946,minibatch_kmeans,20,0.0673067306730673
Synthetic_alt64_b41_w256_s50_state0,41,256,50,0,0.5371198568872988,0.014828059633128396,minibatch_kmeans,20,0.0673067306730673
Synthetic_alt64_b41_w256_s50_state1,41,256,50,1,0.5316666666666666,0.014828059633128396,minibatch_kmeans,20,0.0673067306730673
Synthetic_alt64_b41_w256_s50_state2,41,256,50,2,0.4178006620080912,0.014828059633128396,minibatch_kmeans,20,0.0673067306730673
Synthetic_alt64_b41_w256_s50_state3,41,256,50,3,0.851063829787234,0.014828059633128396,minibatch_kmeans,20,0.0673067306730673
Synthetic_alt64_b41_w256_s50_state4,41,256,50,4,0.49912229373902867,0.014828059633128396,minibatch_kmeans,20,0.0673067306730673
Synthetic_alt64_b41_w256_s50_state5,41,256,50,5,0.48,0.014828059633128396,minibatch_kmeans,20,0.0673067306730673
Synthetic_alt64_b41_w256_s50_state6,41,256,50,6,1.0,0.014828059633128396,minibatch_kmeans,20,0.0673067306730673
Synthetic_alt64_b41_w256_s50_state7,41,256,50,7,0.49746192893401014,0.014828059633128396,minibatch_kmeans,20,0.0673067306730673
Synthetic_alt64_b41_w256_s50_state8,41,256,50,8,0.37142857142857144,0.014828059633128396,minibatch_kmeans,20,0.0673067306730673
Synthetic_alt64_b41_w256_s50_state9,41,256,50,9,0.4329896907216495,0.014828059633128396,minibatch_kmeans,20,0.0673067306730673
Synthetic_alt64_b41_w256_s50_state10,41,256,50,10,1.0,0.014828059633128396,minibatch_kmeans,20,0.0673067306730673
Synthetic_alt64_b41_w256_s50_state11,41,256,50,11,0.6907216494845361,0.014828059633128396,minibatch_kmeans,20,0.0673067306730673
Synthetic_alt64_b42_w256_s64_state0,42,256,64,0,0.5457899305555556,0.015258242783980016,minibatch_kmeans,20,0.0673067306730673
Synthetic_alt64_b42_w256_s64_state1,42,256,64,1,0.4192708333333333,0.015258242783980016,minibatch_kmeans,20,0.0673067306730673
Synthetic_alt64_b42_w256_s64_state2,42,256,64,2,0.40445402298850575,0.015258242783980016,minibatch_kmeans,20,0.0673067306730673
Synthetic_alt64_b42_w256_s64_state3,42,256,64,3,0.7083333333333334,0.015258242783980016,minibatch_kmeans,20,0.0673067306730673
Synthetic_alt64_b42_w256_s64_state4,42,256,64,4,0.506578947368421,0.015258242783980016,minibatch_kmeans,20,0.0673067306730673
Synthetic_alt64_b42_w256_s64_state5,42,256,64,5,0.5,0.015258242783980016,minibatch_kmeans,20,0.0673067306730673
Synthetic_alt64_b42_w256_s64_state6,42,256,64,6,0.5,0.015258242783980016,minibatch_kmeans,20,0.0673067306730673
Synthetic_alt64_b42_w256_s64_state7,42,256,64,7,0.9812934259754142,0.015258242783980016,minibatch_kmeans,20,0.0673067306730673
Synthetic_alt64_b42_w256_s64_state8,42,256,64,8,0.921875,0.015258242783980016,minibatch_kmeans,20,0.0673067306730673
Synthetic_alt64_b42_w256_s64_state9,42,256,64,9,0.375,0.015258242783980016,minibatch_kmeans,20,0.0673067306730673
Synthetic_alt64_b42_w256_s64_state10,42,256,64,10,0.7083333333333334,0.015258242783980016,minibatch_kmeans,20,0.0673067306730673
Synthetic_alt64_b42_w256_s64_state11,42,256,64,11,0.9666666666666667,0.015258242783980016,minibatch_kmeans,20,0.0673067306730673
Synthetic_alt64_b43_w256_s96_state0,43,256,96,0,0.5022874571101792,0.015058590090189783,minibatch_kmeans,20,0.0673067306730673
Synthetic_alt64_b43_w256_s96_state1,43,256,96,1,0.3923611111111111,0.015058590090189783,minibatch_kmeans,20,0.0673067306730673
Synthetic_alt64_b43_w256_s96_state2,43,256,96,2,0.39664804469273746,0.015058590090189783,minibatch_kmeans,20,0.0673067306730673
Synthetic_alt64_b43_w256_s96_state3,43,256,96,3,0.625,0.015058590090189783,minibatch_kmeans,20,0.0673067306730673
Synthetic_alt64_b43_w256_s96_state4,43,256,96,4,0.5081018518518519,0.015058590090189783,minibatch_kmeans,20,0.0673067306730673
Synthetic_alt64_b43_w256_s96_state5,43,256,96,5,0.8986486486486487,0.015058590090189783,minibatch_kmeans,20,0.0673067306730673
Synthetic_alt64_b43_w256_s96_state6,43,256,96,6,1.0,0.015058590090189783,minibatch_kmeans,20,0.0673067306730673
Synthetic_alt64_b43_w256_s96_state7,43,256,96,7,0.56875,0.015058590090189783,minibatch_kmeans,20,0.0673067306730673
Synthetic_alt64_b44_w256_s128_state0,44,256,128,0,0.5357730263157895,0.015367675673266844,minibatch_kmeans,20,0.0673067306730673
Synthetic_alt64_b44_w256_s128_state1,44,256,128,1,0.453125,0.015367675673266844,minibatch_kmeans,20,0.0673067306730673
Synthetic_alt64_b44_w256_s128_state2,44,256,128,2,0.39444444444444443,0.015367675673266844,minibatch_kmeans,20,0.0673067306730673
Synthetic_alt64_b44_w256_s128_state3,44,256,128,3,0.475,0.015367675673266844,minibatch_kmeans,20,0.0673067306730673
Synthetic_alt64_b44_w256_s128_state4,44,256,128,4,0.5115740740740741,0.015367675673266844,minibatch_kmeans,20,0.0673067306730673
Synthetic_alt64_b44_w256_s128_state5,44,256,128,5,1.0,0.015367675673266844,minibatch_kmeans,20,0.0673067306730673
Synthetic_alt64_b44_w256_s128_state6,44,256,128,6,0.9620523784072689,0.015367675673266844,minibatch_kmeans,20,0.0673067306730673
Synthetic_alt64_b44_w256_s128_state7,44,256,128,7,1.0,0.015367675673266844,minibatch_kmeans,20,0.0673067306730673
Synthetic_alt64_b45_w272_s45_state0,45,272,45,0,0.5404875925119721,0.015067027414493407,minibatch_kmeans,20,0.0673067306730673
Synthetic_alt64_b45_w272_s45_state1,45,272,45,1,0.6271186440677966,0.015067027414493407,minibatch_kmeans,20,0.0673067306730673
Synthetic_alt64_b45_w272_s45_state2,45,272,45,2,0.4202737698853126,0.015067027414493407,minibatch_kmeans,20,0.0673067306730673
Synthetic_alt64_b45_w272_s45_state3,45,272,45,3,0.6089385474860335,0.015067027414493407,minibatch_kmeans,20,0.0673067306730673
Synthetic_alt64_b45_w272_s45_state4,45,272,45,4,0.5261699507389163,0.015067027414493407,minibatch_kmeans,20,0.0673067306730673
Synthetic_alt64_b45_w272_s45_state5,45,272,45,5,0.9917081260364843,0.015067027414493407,minibatch_kmeans,20,0.0673067306730673
Synthetic_alt64_b45_w272_s45_state6,45,272,45,6,0.4226457399103139,0.015067027414493407,minibatch_kmeans,20,0.0673067306730673
Synthetic_alt64_b45_w272_s45_state7,45,272,45,7,0.6333333333333333,0.015067027414493407,minibatch_kmeans,20,0.0673067306730673
Synthetic_alt64_b45_w272_s45_state8,45,272,45,8,0.9595959595959596,0.015067027414493407,minibatch_kmeans,20,0.0673067306730673
Synthetic_alt64_b46_w272_s68_state0,46,272,68,0,0.5311676909569798,0.015521216227655493,minibatch_kmeans,20,0.0673067306730673
Synthetic_alt64_b46_w272_s68_state1,46,272,68,1,0.49816176470588236,0.015521216227655493,minibatch_kmeans,20,0.0673067306730673
Synthetic_alt64_b46_w272_s68_state2,46,272,68,2,0.42144452717795977,0.015521216227655493,minibatch_kmeans,20,0.0673067306730673
Synthetic_alt64_b46_w272_s68_state3,46,272,68,3,0.6838235294117647,0.015521216227655493,minibatch_kmeans,20,0.0673067306730673
Synthetic_alt64_b46_w272_s68_state4,46,272,68,4,0.5124434389140271,0.015521216227655493,minibatch_kmeans,20,0.0673067306730673
Synthetic_alt64_b46_w272_s68_state5,46,272,68,5,0.4957983193277311,0.015521216227655493,minibatch_kmeans,20,0.0673067306730673
Synthetic_alt64_b46_w272_s68_state6,46,272,68,6,0.981313400961025,0.015521216227655493,minibatch_kmeans,20,0.0673067306730673
Synthetic_alt64_b46_w272_s68_state7,46,272,68,7,0.7941176470588235,0.015521216227655493,minibatch_kmeans,20,0.0673067306730673
Synthetic_alt64_b46_w272_s68_state8,46,272,68,8,0.3382352941176471,0.015521216227655493,minibatch_kmeans,20,0.0673067306730673
Synthetic_alt64_b46_w272_s68_state9,46,272,68,9,1.0,0.015521216227655493,minibatch_kmeans,20,0.0673067306730673
Synthetic_alt64_b46_w272_s68_state10,46,272,68,10,1.0,0.015521216227655493,minibatch_kmeans,20,0.0673067306730673
Synthetic_alt64_b47_w272_s102_state0,47,272,102,0,0.528169014084507,0.015393119550273686,minibatch_kmeans,20,0.0673067306730673
Synthetic_alt64_b47_w272_s102_state1,47,272,102,1,0.37254901960784315,0.015393119550273686,minibatch_kmeans,20,0.0673067306730673
Synthetic_alt64_b47_w272_s102_state2,47,272,102,2,0.3862631757905474,0.015393119550273686,minibatch_kmeans,20,0.0673067306730673
Synthetic_alt64_b47_w272_s102_state3,47,272,102,3,0.7777777777777778,0.015393119550273686,minibatch_kmeans,20,0.0673067306730673
Synthetic_alt64_b47_w272_s102_state4,47,272,102,4,0.5197963800904978,0.015393119550273686,minibatch_kmeans,20,0.0673067306730673
Synthetic_alt64_b47_w272_s102_state5,47,272,102,5,0.5798319327731093,0.015393119550273686,minibatch_kmeans,20,0.0673067306730673
Synthetic_alt64_b47_w272_s102_state6,47,272,102,6,1.0,0.015393119550273686,minibatch_kmeans,20,0.0673067306730673
Synthetic_alt64_b47_w272_s102_state7,47,272,102,7,0.38823529411764707,0.015393119550273686,minibatch_kmeans,20,0.0673067306730673
Synthetic_alt64_b47_w272_s102_state8,47,272,102,8,1.0,0.015393119550273686,minibatch_kmeans,20,0.0673067306730673
Synthetic_alt64_b47_w272_s102_state9,47,272,102,9,1.0,0.015393119550273686,minibatch_kmeans,20,0.0673067306730673
Synthetic_alt64_b48_w272_s136_state0,48,272,136,0,0.5216503267973857,0.014829524434812086,minibatch_kmeans,20,0.0673067306730673
Synthetic_alt64_b48_w272_s136_state1,48,272,136,1,0.4209558823529412,0.014829524434812086,minibatch_kmeans,20,0.0673067306730673
Synthetic_alt64_b48_w272_s136_state2,48,272,136,2,0.42066563467492263,0.014829524434812086,minibatch_kmeans,20,0.0673067306730673
Synthetic_alt64_b48_w272_s136_state3,48,272,136,3,0.5490196078431373,0.014829524434812086,minibatch_kmeans,20,0.0673067306730673
Synthetic_alt64_b48_w272_s136_state4,48,272,136,4,0.5211764705882352,0.014829524434812086,minibatch_kmeans,20,0.0673067306730673
Synthetic_alt64_b48_w272_s136_state5,48,272,136,5,0.49019607843137253,0.014829524434812086,minibatch_kmeans,20,0.0673067306730673
Synthetic_alt64_b48_w272_s136_state6,48,272,136,6,0.9915302089215132,0.014829524434812086,minibatch_kmeans,20,0.0673067306730673
Synthetic_alt64_b48_w272_s136_state7,48,272,136,7,0.3382352941176471,0.014829524434812086,minibatch_kmeans,20,0.0673067306730673
Synthetic_alt64_b48_w272_s136_state8,48,272,136,8,1.0,0.014829524434812086,minibatch_kmeans,20,0.0673067306730673
Synthetic_alt64_b48_w272_s136_state9,48,272,136,9,1.0,0.014829524434812086,minibatch_kmeans,20,0.0673067306730673
Synthetic_alt64_b49_w288_s48_state0,49,288,48,0,0.5524193548387096,0.015412471251300604,minibatch_kmeans,20,0.0673067306730673
Synthetic_alt64_b49_w288_s48_state1,49,288,48,1,0.5208333333333334,0.015412471251300604,minibatch_kmeans,20,0.0673067306730673
Synthetic_alt64_b49_w288_s48_state2,49,288,48,2,0.40804597701149425,0.015412471251300604,minibatch_kmeans,20,0.0673067306730673
Synthetic_alt64_b49_w288_s48_state3,49,288,48,3,1.0,0.015412471251300604,minibatch_kmeans,20,0.0673067306730673
Synthetic_alt64_b49_w288_s48_state4,49,288,48,4,0.5246478873239436,0.015412471251300604,minibatch_kmeans,20,0.0673067306730673
Synthetic_alt64_b49_w288_s48_state5,49,288,48,5,0.5833333333333334,0.015412471251300604,minibatch_kmeans,20,0.0673067306730673
Synthetic_alt64_b49_w288_s48_state6,49,288,48,6,0.5,0.015412471251300604,minibatch_kmeans,20,0.0673067306730673
Synthetic_alt64_b49_w288_s48_state7,49,288,48,7,0.989801395598497,0.015412471251300604,minibatch_kmeans,20,0.0673067306730673
Synthetic_alt64_b49_w288_s48_state8,49,288,48,8,0.6319444444444444,0.015412471251300604,minibatch_kmeans,20,0.0673067306730673
Synthetic_alt64_b49_w288_s48_state9,49,288,48,9,0.4861111111111111,0.015412471251300604,minibatch_kmeans,20,0.0673067306730673
Synthetic_alt64_b49_w288_s48_state10,49,288,48,10,0.625,0.015412471251300604,minibatch_kmeans,20,0.0673067306730673
Synthetic_alt64_b49_w288_s48_state11,49,288,48,11,0.9833333333333333,0.015412471251300604,minibatch_kmeans,20,0.0673067306730673
Synthetic_alt64_b50_w288_s72_state0,50,288,72,0,0.5649237472766885,0.01446023918712708,minibatch_kmeans,20,0.0673067306730673
Synthetic_alt64_b50_w288_s72_state1,50,288,72,1,0.4722222222222222,0.01446023918712708,minibatch_kmeans,20,0.0673067306730673
Synthetic_alt64_b50_w288_s72_state2,50,288,72,2,0.4299847792998478,0.01446023918712708,minibatch_kmeans,20,0.0673067306730673
Synthetic_alt64_b50_w288_s72_state3,50,288,72,3,0.6055555555555555,0.01446023918712708,minibatch_kmeans,20,0.0673067306730673
Synthetic_alt64_b50_w288_s72_state4,50,288,72,4,0.5155038759689923,0.01446023918712708,minibatch_kmeans,20,0.0673067306730673
Synthetic_alt64_b50_w288_s72_state5,50,288,72,5,0.48148148148148145,0.01446023918712708,minibatch_kmeans,20,0.0673067306730673
Synthetic_alt64_b50_w288_s72_state6,50,288,72,6,0.9825708061002179,0.01446023918712708,minibatch_kmeans,20,0.0673067306730673
Synthetic_alt64_b50_w288_s72_state7,50,288,72,7,0.3551587301587302,0.01446023918712708,minibatch_kmeans,20,0.0673067306730673
Synthetic_alt64_b50_w288_s72_state8,50,288,72,8,0.3194444444444444,0.01446023918712708,minibatch_kmeans,20,0.0673067306730673
Synthetic_alt64_b50_w288_s72_state9,50,288,72,9,1.0,0.01446023918712708,minibatch_kmeans,20,0.0673067306730673
Synthetic_alt64_b50_w288_s72_state10,50,288,72,10,0.7222222222222222,0.01446023918712708,minibatch_kmeans,20,0.0673067306730673
Synthetic_alt64_b51_w288_s108_state0,51,288,108,0,0.5598926063610078,0.01482926597123076,minibatch_kmeans,20,0.0673067306730673
Synthetic_alt64_b51_w288_s108_state1,51,288,108,1,0.5138888888888888,0.01482926597123076,minibatch_kmeans,20,0.0673067306730673
Synthetic_alt64_b51_w288_s108_state2,51,288,108,2,0.43700787401574803,0.01482926597123076,minibatch_kmeans,20,0.0673067306730673
Synthetic_alt64_b51_w288_s108_state3,51,288,108,3,0.5404040404040404,0.01482926597123076,minibatch_kmeans,20,0.0673067306730673
Synthetic_alt64_b51_w288_s108_state4,51,288,108,4,0.5222222222222223,0.01482926597123076,minibatch_kmeans,20,0.0673067306730673
Synthetic_alt64_b51_w288_s108_state5,51,288,108,5,0.6907756813417191,0.01482926597123076,minibatch_kmeans,20,0.0673067306730673
Synthetic_alt64_b51_w288_s108_state6,51,288,108,6,0.6472222222222223,0.01482926597123076,minibatch_kmeans,20,0.0673067306730673
Synthetic_alt64_b51_w288_s108_state7,51,288,108,7,0.6296296296296297,0.01482926597123076,minibatch_kmeans,20,0.0673067306730673
Synthetic_alt64_b51_w288_s108_state8,51,288,108,8,1.0,0.01482926597123076,minibatch_kmeans,20,0.0673067306730673
Synthetic_alt64_b51_w288_s108_state9,51,288,108,9,0.45555555555555555,0.01482926597123076,minibatch_kmeans,20,0.0673067306730673
Synthetic_alt64_b51_w288_s108_state10,51,288,108,10,0.9616858237547893,0.01482926597123076,minibatch_kmeans,20,0.0673067306730673
Synthetic_alt64_b52_w288_s144_state0,52,288,144,0,0.5228416569879984,0.014674182311081854,minibatch_kmeans,20,0.0673067306730673
Synthetic_alt64_b52_w288_s144_state1,52,288,144,1,0.42592592592592593,0.014674182311081854,minibatch_kmeans,20,0.0673067306730673
Synthetic_alt64_b52_w288_s144_state2,52,288,144,2,0.41191520467836257,0.014674182311081854,minibatch_kmeans,20,0.0673067306730673
Synthetic_alt64_b52_w288_s144_state3,52,288,144,3,0.5277777777777778,0.014674182311081854,minibatch_kmeans,20,0.0673067306730673
Synthetic_alt64_b52_w288_s144_state4,52,288,144,4,0.5104166666666666,0.014674182311081854,minibatch_kmeans,20,0.0673067306730673
Synthetic_alt64_b52_w288_s144_state5,52,288,144,5,0.875,0.014674182311081854,minibatch_kmeans,20,0.0673067306730673
Synthetic_alt64_b52_w288_s144_state6,52,288,144,6,0.9743589743589743,0.014674182311081854,minibatch_kmeans,20,0.0673067306730673
Synthetic_alt64_b53_w304_s51_state0,53,304,51,0,0.5639561443581544,0.014799045131854146,minibatch_kmeans,20,0.0673067306730673
Synthetic_alt64_b53_w304_s51_state1,53,304,51,1,0.48366013071895425,0.014799045131854146,minibatch_kmeans,20,0.0673067306730673
Synthetic_alt64_b53_w304_s51_state2,53,304,51,2,0.4244348963198207,0.014799045131854146,minibatch_kmeans,20,0.0673067306730673
Synthetic_alt64_b53_w304_s51_state3,53,304,51,3,0.5343137254901961,0.014799045131854146,minibatch_kmeans,20,0.0673067306730673
Synthetic_alt64_b53_w304_s51_state4,53,304,51,4,0.511883541295306,0.014799045131854146,minibatch_kmeans,20,0.0673067306730673
Synthetic_alt64_b53_w304_s51_state5,53,304,51,5,0.5175097276264592,0.014799045131854146,minibatch_kmeans,20,0.0673067306730673
Synthetic_alt64_b53_w304_s51_state6,53,304,51,6,0.9605820105820105,0.014799045131854146,minibatch_kmeans,20,0.0673067306730673
Synthetic_alt64_b53_w304_s51_state7,53,304,51,7,0.5745140388768899,0.014799045131854146,minibatch_kmeans,20,0.0673067306730673
Synthetic_alt64_b53_w304_s51_state8,53,304,51,8,0.3161290322580645,0.014799045131854146,minibatch_kmeans,20,0.0673067306730673
Synthetic_alt64_b53_w304_s51_state9,53,304,51,9,0.8300653594771242,0.014799045131854146,minibatch_kmeans,20,0.0673067306730673
Synthetic_alt64_b53_w304_s51_state10,53,304,51,10,1.0,0.014799045131854146,minibatch_kmeans,20,0.0673067306730673
Synthetic_alt64_b54_w304_s76_state0,54,304,76,0,0.5325814536340853,0.014174209276973378,minibatch_kmeans,20,0.0673067306730673
Synthetic_alt64_b54_w304_s76_state1,54,304,76,1,0.35902255639097747,0.014174209276973378,minibatch_kmeans,20,0.0673067306730673
Synthetic_alt64_b54_w304_s76_state2,54,304,76,2,0.41483918128654973,0.014174209276973378,minibatch_kmeans,20,0.0673067306730673
Synthetic_alt64_b54_w304_s76_state3,54,304,76,3,0.42857142857142855,0.014174209276973378,minibatch_kmeans,20,0.0673067306730673
Synthetic_alt64_b54_w304_s76_state4,54,304,76,4,0.5302631578947369,0.014174209276973378,minibatch_kmeans,20,0.0673067306730673
Synthetic_alt64_b54_w304_s76_state5,54,304,76,5,0.6901913875598086,0.014174209276973378,minibatch_kmeans,20,0.0673067306730673
Synthetic_alt64_b54_w304_s76_state6,54,304,76,6,0.9863313285948606,0.014174209276973378,minibatch_kmeans,20,0.0673067306730673
Synthetic_alt64_b54_w304_s76_state7,54,304,76,7,0.36257309941520466,0.014174209276973378,minibatch_kmeans,20,0.0673067306730673
Synthetic_alt64_b54_w304_s76_state8,54,304,76,8,0.5789473684210527,0.014174209276973378,minibatch_kmeans,20,0.0673067306730673
Synthetic_alt64_b54_w304_s76_state9,54,304,76,9,0.9661654135338346,0.014174209276973378,minibatch_kmeans,20,0.0673067306730673
Synthetic_alt64_b55_w304_s114_state0,55,304,114,0,0.5300157977883097,0.014803442585110654,minibatch_kmeans,20,0.0673067306730673
Synthetic_alt64_b55_w304_s114_state1,55,304,114,1,0.4461901021209741,0.014803442585110654,minibatch_kmeans,20,0.0673067306730673
Synthetic_alt64_b55_w304_s114_state2,55,304,114,2,0.5882352941176471,0.014803442585110654,minibatch_kmeans,20,0.0673067306730673
Synthetic_alt64_b55_w304_s114_state3,55,304,114,3,0.47117794486215536,0.014803442585110654,minibatch_kmeans,20,0.0673067306730673
Synthetic_alt64_b55_w304_s114_state4,55,304,114,4,0.9647368421052631,0.014803442585110654,minibatch_kmeans,20,0.0673067306730673
Synthetic_alt64_b55_w304_s114_state5,55,304,114,5,0.5,0.014803442585110654,minibatch_kmeans,20,0.0673067306730673
Synthetic_alt64_b55_w304_s114_state6,55,304,114,6,0.875,0.014803442585110654,minibatch_kmeans,20,0.0673067306730673
Synthetic_alt64_b56_w304_s152_state0,56,304,152,0,0.5317522540180322,0.01418940251581242,minibatch_kmeans,20,0.0673067306730673
Synthetic_alt64_b56_w304_s152_state1,56,304,152,1,0.45614035087719296,0.01418940251581242,minibatch_kmeans,20,0.0673067306730673
Synthetic_alt64_b56_w304_s152_state2,56,304,152,2,0.41756965944272445,0.01418940251581242,minibatch_kmeans,20,0.0673067306730673
Synthetic_alt64_b56_w304_s152_state3,56,304,152,3,0.34210526315789475,0.01418940251581242,minibatch_kmeans,20,0.0673067306730673
Synthetic_alt64_b56_w304_s152_state4,56,304,152,4,0.5173444976076556,0.01418940251581242,minibatch_kmeans,20,0.0673067306730673
Synthetic_alt64_b56_w304_s152_state5,56,304,152,5,0.5,0.01418940251581242,minibatch_kmeans,20,0.0673067306730673
Synthetic_alt64_b56_w304_s152_state6,56,304,152,6,0.988558352402746,0.01418940251581242,minibatch_kmeans,20,0.0673067306730673
Synthetic_alt64_b56_w304_s152_state7,56,304,152,7,0.5,0.01418940251581242,minibatch_kmeans,20,0.0673067306730673
Synthetic_alt64_b56_w304_s152_state8,56,304,152,8,0.631578947368421,0.01418940251581242,minibatch_kmeans,20,0.0673067306730673
Synthetic_alt64_b56_w304_s152_state9,56,304,152,9,0.9624060150375939,0.01418940251581242,minibatch_kmeans,20,0.0673067306730673
Synthetic_alt64_b57_w320_s53_state0,57,320,53,0,0.5615856536101935,0.014201117498760945,minibatch_kmeans,20,0.0673067306730673
Synthetic_alt64_b57_w320_s53_state1,57,320,53,1,0.45534407027818447,0.014201117498760945,minibatch_kmeans,20,0.0673067306730673
Synthetic_alt64_b57_w320_s53_state2,57,320,53,2,0.4564081960626758,0.014201117498760945,minibatch_kmeans,20,0.0673067306730673
Synthetic_alt64_b57_w320_s53_state3,57,320,53,3,0.5129411764705882,0.014201117498760945,minibatch_kmeans,20,0.0673067306730673
Synthetic_alt64_b57_w320_s53_state4,57,320,53,4,0.52032,0.014201117498760945,minibatch_kmeans,20,0.0673067306730673
Synthetic_alt64_b57_w320_s53_state5,57,320,53,5,0.4981132075471698,0.014201117498760945,minibatch_kmeans,20,0.0673067306730673
Synthetic_alt64_b57_w320_s53_state6,57,320,53,6,0.991167540712117,0.014201117498760945,minibatch_kmeans,20,0.0673067306730673
Synthetic_alt64_b57_w320_s53_state7,57,320,53,7,0.4030373831775701,0.014201117498760945,minibatch_kmeans,20,0.0673067306730673
Synthetic_alt64_b57_w320_s53_state8,57,320,53,8,0.36024844720496896,0.014201117498760945,minibatch_kmeans,20,0.0673067306730673
Synthetic_alt64_b57_w320_s53_state9,57,320,53,9,0.5660377358490566,0.014201117498760945,minibatch_kmeans,20,0.0673067306730673
Synthetic_alt64_b57_w320_s53_state10,57,320,53,10,0.9580712788259959,0.014201117498760945,minibatch_kmeans,20,0.0673067306730673
Synthetic_alt64_b58_w320_s80_state0,58,320,80,0,0.5604820372896772,0.01411842707416298,minibatch_kmeans,20,0.0673067306730673
Synthetic_alt64_b58_w320_s80_state1,58,320,80,1,0.35555555555555557,0.01411842707416298,minibatch_kmeans,20,0.0673067306730673
Synthetic_alt64_b58_w320_s80_state2,58,320,80,2,0.4475806451612903,0.01411842707416298,minibatch_kmeans,20,0.0673067306730673
Synthetic_alt64_b58_w320_s80_state3,58,320,80,3,0.4954545454545455,0.01411842707416298,minibatch_kmeans,20,0.0673067306730673
Synthetic_alt64_b58_w320_s80_state4,58,320,80,4,0.5230769230769231,0.01411842707416298,minibatch_kmeans,20,0.0673067306730673
Synthetic_alt64_b58_w320_s80_state5,58,320,80,5,0.4714285714285714,0.01411842707416298,minibatch_kmeans,20,0.0673067306730673
Synthetic_alt64_b58_w320_s80_state6,58,320,80,6,1.0,0.01411842707416298,minibatch_kmeans,20,0.0673067306730673
Synthetic_alt64_b58_w320_s80_state7,58,320,80,7,0.4225,0.01411842707416298,minibatch_kmeans,20,0.0673067306730673
Synthetic_alt64_b58_w320_s80_state8,58,320,80,8,0.5,0.01411842707416298,minibatch_kmeans,20,0.0673067306730673
Synthetic_alt64_b58_w320_s80_state9,58,320,80,9,1.0,0.01411842707416298,minibatch_kmeans,20,0.0673067306730673
Synthetic_alt64_b59_w320_s120_state0,59,320,120,0,0.5175639557082856,0.014038981484397802,minibatch_kmeans,20,0.0673067306730673
Synthetic_alt64_b59_w320_s120_state1,59,320,120,1,0.4675213675213675,0.014038981484397802,minibatch_kmeans,20,0.0673067306730673
Synthetic_alt64_b59_w320_s120_state2,59,320,120,2,0.5714285714285714,0.014038981484397802,minibatch_kmeans,20,0.0673067306730673
Synthetic_alt64_b59_w320_s120_state3,59,320,120,3,0.4863636363636364,0.014038981484397802,minibatch_kmeans,20,0.0673067306730673
Synthetic_alt64_b59_w320_s120_state4,59,320,120,4,0.36666666666666664,0.014038981484397802,minibatch_kmeans,20,0.0673067306730673
Synthetic_alt64_b59_w320_s120_state5,59,320,120,5,0.9662921348314607,0.014038981484397802,minibatch_kmeans,20,0.0673067306730673
Synthetic_alt64_b59_w320_s120_state6,59,320,120,6,0.4625,0.014038981484397802,minibatch_kmeans,20,0.0673067306730673
Synthetic_alt64_b59_w320_s120_state7,59,320,120,7,0.475,0.014038981484397802,minibatch_kmeans,20,0.0673067306730673
Synthetic_alt64_b59_w320_s120_state8,59,320,120,8,0.6,0.014038981484397802,minibatch_kmeans,20,0.0673067306730673
Synthetic_alt64_b59_w320_s120_state9,59,320,120,9,1.0,0.014038981484397802,minibatch_kmeans,20,0.0673067306730673
Synthetic_alt64_b60_w320_s160_state0,60,320,160,0,0.5026220250100847,0.014445429210697507,minibatch_kmeans,20,0.0673067306730673
Synthetic_alt64_b60_w320_s160_state1,60,320,160,1,0.4,0.014445429210697507,minibatch_kmeans,20,0.0673067306730673
Synthetic_alt64_b60_w320_s160_state2,60,320,160,2,0.4265151515151515,0.014445429210697507,minibatch_kmeans,20,0.0673067306730673
Synthetic_alt64_b60_w320_s160_state3,60,320,160,3,0.41875,0.014445429210697507,minibatch_kmeans,20,0.0673067306730673
Synthetic_alt64_b60_w320_s160_state4,60,320,160,4,0.5053571428571428,0.014445429210697507,minibatch_kmeans,20,0.0673067306730673
Synthetic_alt64_b60_w320_s160_state5,60,320,160,5,0.7875,0.014445429210697507,minibatch_kmeans,20,0.0673067306730673
Synthetic_alt64_b60_w320_s160_state6,60,320,160,6,0.995,0.014445429210697507,minibatch_kmeans,20,0.0673067306730673
Synthetic_alt64_b60_w320_s160_state7,60,320,160,7,0.425,0.014445429210697507,minibatch_kmeans,20,0.0673067306730673
Synthetic_alt64_b60_w320_s160_state8,60,320,160,8,0.95,0.014445429210697507,minibatch_kmeans,20,0.0673067306730673
Synthetic_alt64_b61_w336_s56_state0,61,336,56,0,0.5787124060150376,0.014016180651161897,minibatch_kmeans,20,0.0673067306730673
Synthetic_alt64_b61_w336_s56_state1,61,336,56,1,0.3392857142857143,0.014016180651161897,minibatch_kmeans,20,0.0673067306730673
Synthetic_alt64_b61_w336_s56_state2,61,336,56,2,0.4497354497354497,0.014016180651161897,minibatch_kmeans,20,0.0673067306730673
Synthetic_alt64_b61_w336_s56_state3,61,336,56,3,0.48660714285714285,0.014016180651161897,minibatch_kmeans,20,0.0673067306730673
Synthetic_alt64_b61_w336_s56_state4,61,336,56,4,0.5294486215538847,0.014016180651161897,minibatch_kmeans,20,0.0673067306730673
Synthetic_alt64_b61_w336_s56_state5,61,336,56,5,0.5238095238095238,0.014016180651161897,minibatch_kmeans,20,0.0673067306730673
Synthetic_alt64_b61_w336_s56_state6,61,336,56,6,0.9894150417827298,0.014016180651161897,minibatch_kmeans,20,0.0673067306730673
Synthetic_alt64_b61_w336_s56_state7,61,336,56,7,0.4126984126984127,0.014016180651161897,minibatch_kmeans,20,0.0673067306730673
Synthetic_alt64_b61_w336_s56_state8,61,336,56,8,0.7857142857142857,0.014016180651161897,minibatch_kmeans,20,0.0673067306730673
Synthetic_alt64_b61_w336_s56_state9,61,336,56,9,0.3333333333333333,0.014016180651161897,minibatch_kmeans,20,0.0673067306730673
Synthetic_alt64_b61_w336_s56_state10,61,336,56,10,0.8260869565217391,0.014016180651161897,minibatch_kmeans,20,0.0673067306730673
Synthetic_alt64_b62_w336_s84_state0,62,336,84,0,0.5546737213403881,0.01512703170100944,minibatch_kmeans,20,0.0673067306730673
Synthetic_alt64_b62_w336_s84_state1,62,336,84,1,0.37142857142857144,0.01512703170100944,minibatch_kmeans,20,0.0673067306730673
Synthetic_alt64_b62_w336_s84_state2,62,336,84,2,0.42479213907785335,0.01512703170100944,minibatch_kmeans,20,0.0673067306730673
Synthetic_alt64_b62_w336_s84_state3,62,336,84,3,0.5190476190476191,0.01512703170100944,minibatch_kmeans,20,0.0673067306730673
Synthetic_alt64_b62_w336_s84_state4,62,336,84,4,0.5489060489060489,0.01512703170100944,minibatch_kmeans,20,0.0673067306730673
Synthetic_alt64_b62_w336_s84_state5,62,336,84,5,0.4603174603174603,0.01512703170100944,minibatch_kmeans,20,0.0673067306730673
Synthetic_alt64_b62_w336_s84_state6,62,336,84,6,0.984332793084819,0.01512703170100944,minibatch_kmeans,20,0.0673067306730673
Synthetic_alt64_b62_w336_s84_state7,62,336,84,7,0.5136054421768708,0.01512703170100944,minibatch_kmeans,20,0.0673067306730673
Synthetic_alt64_b62_w336_s84_state8,62,336,84,8,0.4880952380952381,0.01512703170100944,minibatch_kmeans,20,0.0673067306730673
Synthetic_alt64_b62_w336_s84_state9,62,336,84,9,1.0,0.01512703170100944,minibatch_kmeans,20,0.0673067306730673
Synthetic_alt64_b62_w336_s84_state10,62,336,84,10,1.0,0.01512703170100944,minibatch_kmeans,20,0.0673067306730673
Synthetic_alt64_b62_w336_s84_state11,62,336,84,11,0.8333333333333334,0.01512703170100944,minibatch_kmeans,20,0.0673067306730673
Synthetic_alt64_b63_w336_s126_state0,63,336,126,0,0.5719000471475719,0.013585327576583492,minibatch_kmeans,20,0.0673067306730673
Synthetic_alt64_b63_w336_s126_state1,63,336,126,1,0.29699248120300753,0.013585327576583492,minibatch_kmeans,20,0.0673067306730673
Synthetic_alt64_b63_w336_s126_state2,63,336,126,2,0.41934293097083797,0.013585327576583492,minibatch_kmeans,20,0.0673067306730673
Synthetic_alt64_b63_w336_s126_state3,63,336,126,3,0.49373433583959897,0.013585327576583492,minibatch_kmeans,20,0.0673067306730673
Synthetic_alt64_b63_w336_s126_state4,63,336,126,4,0.5138154027042916,0.013585327576583492,minibatch_kmeans,20,0.0673067306730673
Synthetic_alt64_b63_w336_s126_state5,63,336,126,5,0.7142857142857143,0.013585327576583492,minibatch_kmeans,20,0.0673067306730673
Synthetic_alt64_b63_w336_s126_state6,63,336,126,6,0.9872463768115942,0.013585327576583492,minibatch_kmeans,20,0.0673067306730673
Synthetic_alt64_b63_w336_s126_state7,63,336,126,7,0.44761904761904764,0.013585327576583492,minibatch_kmeans,20,0.0673067306730673
Synthetic_alt64_b63_w336_s126_state8,63,336,126,8,0.3904761904761905,0.013585327576583492,minibatch_kmeans,20,0.0673067306730673
Synthetic_alt64_b64_w336_s168_state0,64,336,168,0,0.5113095238095238,0.014125225256145332,minibatch_kmeans,20,0.0673067306730673
Synthetic_alt64_b64_w336_s168_state1,64,336,168,1,0.3888888888888889,0.014125225256145332,minibatch_kmeans,20,0.0673067306730673
Synthetic_alt64_b64_w336_s168_state2,64,336,168,2,0.4338860544217687,0.014125225256145332,minibatch_kmeans,20,0.0673067306730673
Synthetic_alt64_b64_w336_s168_state3,64,336,168,3,0.3273809523809524,0.014125225256145332,minibatch_kmeans,20,0.0673067306730673
Synthetic_alt64_b64_w336_s168_state4,64,336,168,4,0.5125661375661376,0.014125225256145332,minibatch_kmeans,20,0.0673067306730673
Synthetic_alt64_b64_w336_s168_state5,64,336,168,5,0.873015873015873,0.014125225256145332,minibatch_kmeans,20,0.0673067306730673
Synthetic_alt64_b64_w336_s168_state6,64,336,168,6,0.9281267685342388,0.014125225256145332,minibatch_kmeans,20,0.0673067306730673
Synthetic_alt64_b64_w336_s168_state7,64,336,168,7,0.29464285714285715,0.014125225256145332,minibatch_kmeans,20,0.0673067306730673
Synthetic_alt64_b64_w336_s168_state8,64,336,168,8,1.0,0.014125225256145332,minibatch_kmeans,20,0.0673067306730673
Synthetic_alt64_b64_w336_s168_state9,64,336,168,9,1.0,0.014125225256145332,minibatch_kmeans,20,0.0673067306730673
