true_label,meta_K9
0,0
0,0
0,0
0,0
0,0
0,0
0,0
0,0
0,0
0,0
0,0
0,0
0,0
0,0
0,0
0,0
0,0
0,0
0,0
0,0
0,0
0,0
0,0
0,0
0,0
0,0
0,0
0,0
0,0
0,0
0,0
0,0
0,0
0,0
0,0
0,0
0,0
0,0
0,0
0,0
0,0
0,0
0,0
0,0
0,0
0,0
0,0
0,0
0,0
0,0
0,0
0,0
0,0
0,0
0,0
0,0
0,0
0,0
0,0
0,0
0,0
0,0
0,0
0,0
0,0
0,0
0,0
0,0
0,0
0,0
0,0
0,0
0,0
0,0
0,0
0,0
0,0
0,0
0,0
0,0
0,0
0,0
0,0
0,0
0,0
0,0
0,0
0,0
0,0
0,0
0,0
0,0
0,0
0,0
0,0
0,0
0,1
0,1
0,1
0,1
0,1
0,1
0,1
0,1
0,1
0,1
0,1
0,1
0,1
0,1
0,1
0,1
0,1
0,1
0,1
0,1
0,1
0,1
0,1
0,1
0,1
0,1
0,1
0,1
0,1
0,1
0,1
0,1
0,1
0,1
0,1
0,1
0,1
0,1
0,1
0,1
0,1
0,1
0,1
0,1
0,1
0,1
0,1
0,1
0,1
0,1
0,1
0,1
0,1
0,1
0,1
0,1
0,1
0,1
0,1
0,1
0,1
0,1
0,1
0,1
0,1
0,1
0,1
0,1
0,1
0,1
0,1
0,1
0,1
0,1
0,1
0,1
0,1
0,1
0,1
0,1
0,1
0,1
0,1
0,1
0,0
0,0
0,0
0,0
0,0
0,0
0,0
0,0
0,0
0,0
0,0
0,0
0,0
0,0
0,0
0,0
0,0
0,0
0,0
0,0
0,0
0,0
0,0
0,0
0,0
0,0
0,0
0,0
0,0
0,0
0,0
0,0
0,0
0,0
0,0
0,0
0,0
0,0
0,0
0,0
0,0
0,0
0,0
0,0
0,0
0,0
0,0
0,0
0,0
0,0
0,0
0,0
0,0
0,0
0,0
0,0
0,0
0,0
0,0
0,0
0,0
0,0
0,0
0,0
0,0
0,0
0,0
0,0
0,0
0,0
0,0
0,0
0,0
0,0
0,0
0,0
0,0
0,0
0,0
0,0
0,0
0,0
0,0
0,0
0,0
0,0
0,0
0,0
0,0
0,0
0,0
0,0
0,0
0,0
0,0
0,0
0,0
0,0
0,0
0,0
0,0
0,0
0,0
0,0
0,0
0,0
0,0
0,0
0,1
0,1
0,1
0,1
0,1
0,1
0,1
0,1
0,1
0,1
0,1
0,1
0,1
0,1
0,1
0,1
0,1
0,1
0,1
0,1
0,1
0,1
0,1
0,1
0,1
0,1
0,1
0,1
0,1
0,1
0,1
0,1
0,1
0,1
0,1
0,1
0,1
0,1
0,1
0,1
0,1
0,1
0,1
0,1
0,1
0,1
0,1
0,1
0,1
0,1
0,1
0,1
0,1
0,1
0,1
0,1
0,1
0,1
0,1
0,1
0,1
0,1
0,1
0,1
0,1
0,1
0,1
0,1
0,1
0,1
0,1
0,1
0,1
0,1
0,1
0,1
0,1
0,1
0,1
0,1
0,1
0,1
0,1
0,1
0,1
0,1
0,1
0,1
0,1
0,1
0,1
0,1
0,1
0,1
0,1
0,1
0,0
0,0
0,0
0,0
0,0
0,0
0,0
0,0
0,0
0,0
0,0
0,0
0,0
0,0
0,0
0,0
0,0
0,0
0,0
0,0
0,0
0,0
0,0
0,0
0,0
0,0
0,0
0,0
0,0
0,0
0,0
0,0
0,0
0,0
0,0
0,0
0,0
0,0
0,0
0,0
0,0
0,0
0,0
0,0
0,0
0,0
0,0
0,0
0,0
0,0
0,0
0,0
0,0
0,0
0,0
0,0
0,0
0,0
0,0
0,0
0,0
0,0
0,0
0,0
0,0
0,0
0,0
0,0
0,0
0,0
0,0
0,0
0,0
0,0
0,0
0,0
0,0
0,0
0,0
0,0
0,0
0,0
0,0
0,0
0,0
0,0
0,0
0,0
0,0
0,0
0,0
0,0
0,0
0,0
0,0
0,0
0,0
0,0
0,0
0,0
0,0
0,0
0,0
0,0
0,0
0,0
0,0
0,0
0,0
0,0
0,0
0,0
0,0
0,0
0,0
0,0
0,0
0,0
0,0
0,0
0,1
0,1
0,1
0,1
0,1
0,1
0,1
0,1
0,1
0,1
0,1
0,1
0,1
0,1
0,1
0,1
0,1
0,1
0,1
0,1
0,1
0,1
0,1
0,1
0,1
0,1
0,1
0,1
0,1
0,1
0,1
0,1
0,1
0,1
0,1
0,1
0,1
0,1
0,1
0,1
0,1
0,1
0,1
0,1
0,1
0,1
0,1
0,1
0,1
0,1
0,1
0,1
0,1
0,1
0,1
0,1
0,1
0,1
0,1
0,1
0,1
0,1
0,1
0,1
0,1
0,1
0,1
0,1
0,1
0,1
0,1
0,1
0,0
0,0
0,0
0,0
0,0
0,0
0,0
0,0
0,0
0,0
0,0
0,0
0,0
0,0
0,0
0,0
0,0
0,0
0,0
0,0
0,0
0,0
0,0
0,0
0,0
0,0
0,0
0,0
0,0
0,0
0,0
0,0
0,0
0,0
0,0
0,0
0,0
0,0
0,0
0,0
0,0
0,0
0,0
0,0
0,0
0,0
0,0
0,0
0,0
0,0
0,0
0,0
0,0
0,0
0,0
0,0
0,0
0,0
0,0
0,0
0,0
0,0
0,0
0,0
0,0
0,0
0,0
0,0
0,0
0,0
0,0
0,0
0,0
0,0
0,0
0,0
0,0
0,0
0,0
0,0
0,0
0,0
0,0
0,0
0,0
0,0
0,0
0,0
0,0
0,0
0,0
0,0
0,0
0,0
0,0
0,0
0,0
0,0
0,0
0,0
0,0
0,0
0,0
0,0
0,0
0,0
0,0
0,0
0,0
0,0
0,0
0,0
0,0
0,0
0,0
0,0
0,0
0,0
0,0
0,0
0,1
0,1
0,1
0,1
0,1
0,1
0,1
0,1
0,1
0,1
0,1
0,1
0,1
0,1
0,1
0,1
0,1
0,1
0,1
0,1
0,1
0,1
0,1
0,1
0,1
0,1
0,1
0,1
0,1
0,1
0,1
0,1
0,1
0,1
0,1
0,1
0,1
0,1
0,1
0,1
0,1
0,1
0,1
0,1
0,1
0,1
0,1
0,1
0,1
0,1
0,1
0,1
0,1
0,1
0,1
0,1
0,1
0,1
0,1
0,1
0,1
0,1
0,1
0,1
0,1
0,1
0,1
0,1
0,1
0,1
0,1
0,1
0,1
0,1
0,1
0,1
0,1
0,1
0,1
0,1
0,1
0,1
0,1
0,1
0,1
0,1
0,1
0,1
0,0
0,0
0,0
0,0
0,0
0,0
0,0
0,0
0,0
0,0
0,0
0,0
0,0
0,0
0,0
0,0
0,0
0,0
0,0
0,0
0,0
0,0
0,0
0,0
0,0
0,0
0,0
0,0
0,0
0,0
0,0
0,0
0,0
0,0
0,0
0,0
0,0
0,0
0,0
0,0
0,0
0,0
0,0
0,0
0,0
0,0
0,0
0,0
0,0
0,0
0,0
0,0
0,0
0,0
0,0
0,0
0,0
0,0
0,0
0,0
0,0
0,0
0,0
0,0
0,0
0,0
0,0
0,0
0,0
0,0
0,0
0,0
0,0
0,0
0,0
0,0
0,0
0,0
0,0
0,0
0,0
0,0
0,0
0,0
0,0
0,0
0,0
0,0
0,0
0,0
0,0
0,0
0,0
0,0
0,0
0,0
0,0
0,0
0,0
0,0
0,0
0,0
0,0
0,0
0,0
0,0
0,0
0,0
0,0
0,0
0,0
0,0
0,1
0,1
0,1
0,1
0,1
0,1
0,1
0,1
0,1
0,1
0,1
0,1
0,1
0,1
0,1
0,1
0,1
0,1
0,1
0,1
0,1
0,1
0,1
0,1
0,1
0,1
0,1
0,1
0,1
0,1
0,1
0,1
0,1
0,1
0,1
0,1
0,1
0,1
0,1
0,1
0,1
0,1
0,1
0,1
0,1
0,1
0,1
0,1
0,1
0,1
0,1
0,1
0,1
0,1
0,1
0,1
0,1
0,1
0,1
0,1
0,1
0,1
0,1
0,1
0,1
0,1
0,1
0,1
0,1
0,1
0,1
0,1
0,1
0,1
0,1
0,1
0,1
0,1
0,1
0,1
0,1
0,1
0,1
0,1
0,1
0,1
0,1
0,1
0,1
0,1
0,1
0,1
0,1
0,1
0,1
0,1
0,1
0,1
0,1
0,1
0,1
0,1
1,1
1,1
1,1
1,1
1,1
1,1
1,1
1,1
1,1
1,1
1,2
1,2
1,2
1,2
1,2
1,2
1,2
1,2
1,2
1,2
1,2
1,2
1,2
1,2
1,2
1,2
1,2
1,2
1,2
1,2
1,2
1,2
1,2
1,2
1,2
1,2
1,2
1,2
1,2
1,2
1,2
1,2
1,2
1,2
1,2
1,2
1,2
1,2
1,2
1,2
1,2
1,2
1,2
1,2
1,2
1,2
1,2
1,2
1,2
1,2
1,2
1,2
1,2
1,2
1,2
1,2
1,2
1,2
1,2
1,2
1,2
1,2
1,2
1,2
1,2
1,2
1,2
1,2
1,2
1,2
1,2
1,2
1,2
1,2
1,2
1,2
1,2
1,2
1,2
1,2
1,2
1,2
1,2
1,2
1,2
1,2
1,2
1,2
1,2
1,2
1,2
1,2
1,2
1,2
1,2
1,2
1,2
1,2
1,2
1,2
1,2
1,2
1,2
1,2
1,2
1,2
1,2
1,2
1,2
1,2
1,2
1,2
1,2
1,2
1,2
1,2
1,2
1,2
1,2
1,2
1,2
1,2
1,2
1,2
1,2
1,2
1,2
1,2
1,2
1,2
1,2
1,2
1,2
1,2
1,2
1,2
1,2
1,2
1,2
1,2
1,2
1,2
1,2
1,2
1,2
1,2
1,2
1,2
1,2
1,2
1,2
1,2
1,2
1,2
1,2
1,2
1,2
1,2
1,2
1,2
1,2
1,2
1,2
1,2
1,2
1,2
1,2
1,2
1,2
1,2
1,2
1,2
1,2
1,2
1,2
1,2
1,2
1,2
1,2
1,2
1,2
1,2
1,2
1,2
1,2
1,2
1,2
1,2
1,2
1,2
1,2
1,2
1,2
1,2
1,2
1,2
1,2
1,2
1,2
1,2
1,2
1,2
1,2
1,2
1,2
1,2
1,2
1,2
1,2
1,2
1,2
1,2
1,2
1,2
1,2
1,2
1,2
1,2
1,2
1,2
1,2
1,2
1,2
1,2
1,2
1,2
1,2
1,2
1,2
1,2
1,2
1,2
1,2
1,2
1,2
1,2
1,2
1,2
1,2
1,2
1,2
1,2
1,2
1,2
1,2
1,2
1,2
1,2
1,2
1,2
1,2
1,2
1,2
1,2
1,2
1,2
1,2
1,2
1,2
1,2
1,2
1,2
1,2
1,2
1,2
1,2
1,2
1,2
1,2
1,2
1,2
1,2
1,2
1,2
1,2
1,2
1,2
1,2
1,2
1,2
1,2
1,2
1,2
1,2
1,2
1,2
1,2
1,2
1,2
1,2
1,2
1,2
1,2
1,2
1,2
1,2
1,2
1,2
1,2
1,2
1,2
1,2
1,2
1,2
1,2
1,2
1,2
1,2
1,2
1,2
1,2
1,2
1,2
1,2
1,2
1,2
1,2
1,2
1,2
1,2
1,2
1,2
1,2
1,2
1,2
1,2
1,2
1,2
1,2
1,2
1,2
1,2
1,2
1,2
1,2
1,2
1,2
1,2
1,2
1,2
1,2
1,2
1,2
1,2
1,2
1,2
1,2
1,2
1,2
1,2
1,2
1,2
1,2
1,2
1,2
1,2
1,2
1,2
1,2
1,2
1,2
1,2
1,2
1,2
1,2
1,2
1,2
1,2
1,2
1,2
1,2
1,2
1,2
1,2
1,2
1,2
1,2
1,2
1,2
1,2
1,2
1,2
1,2
1,2
1,2
1,2
1,2
1,2
1,2
1,2
1,2
1,2
1,2
1,2
1,2
1,2
1,2
1,2
1,2
1,2
1,2
1,2
1,2
1,2
1,2
1,2
1,2
1,2
1,2
1,2
1,2
1,2
1,2
1,2
1,2
1,2
1,2
1,2
1,2
1,2
1,2
1,2
1,2
1,2
1,2
1,2
1,2
1,2
1,2
1,2
1,2
1,2
1,2
1,2
1,2
1,2
1,2
1,2
1,2
1,2
1,2
1,2
1,2
1,2
1,2
1,2
1,2
1,2
1,2
1,2
1,2
1,2
1,2
1,2
1,2
1,2
1,2
1,2
1,2
1,2
1,2
1,2
1,2
1,2
1,2
1,2
1,2
1,2
1,2
1,2
1,2
1,2
1,2
1,2
1,2
1,2
1,2
1,2
1,2
1,2
1,2
1,2
1,2
1,2
1,2
1,2
1,2
1,2
1,2
1,2
1,2
1,2
1,2
1,2
1,2
1,2
1,2
1,2
1,2
1,2
1,2
1,2
1,2
1,2
1,2
1,2
1,2
1,2
1,2
1,2
1,2
1,2
1,2
1,2
1,2
1,2
1,2
1,2
1,2
1,2
1,2
1,2
1,2
1,2
1,2
1,2
1,2
1,2
1,2
1,2
1,2
1,2
1,2
1,2
1,2
1,2
1,2
1,2
1,2
1,2
1,2
1,2
1,2
1,2
1,2
1,2
1,2
1,2
1,2
1,2
1,2
1,2
1,2
1,2
1,2
1,2
1,2
1,2
1,2
1,2
1,2
1,2
1,2
1,2
1,2
1,2
1,2
1,2
1,2
1,2
1,2
1,2
1,2
1,2
1,2
1,2
1,2
1,2
1,2
1,2
1,2
1,2
1,2
1,2
1,2
1,2
1,2
1,2
1,2
1,2
1,2
1,2
1,2
1,2
1,2
1,2
1,2
1,2
1,2
1,2
1,2
1,2
1,2
1,2
1,2
1,2
1,2
1,2
1,2
1,2
1,2
1,2
1,2
1,2
1,2
1,2
1,2
1,2
1,2
1,2
1,2
1,2
1,2
1,2
1,2
1,2
1,2
1,2
1,2
1,2
1,2
1,2
1,2
1,2
1,2
1,2
1,2
1,2
1,2
1,2
1,2
1,2
1,2
1,2
1,2
1,2
1,2
1,2
1,2
1,2
1,2
1,2
1,2
1,2
1,2
1,2
1,2
1,2
1,2
1,2
1,2
1,2
1,2
1,2
1,2
1,2
1,2
1,2
1,2
1,2
1,2
1,2
1,2
1,2
1,2
1,2
1,2
1,2
1,2
1,2
1,2
1,2
1,2
1,2
1,2
1,2
1,2
1,2
1,2
1,2
1,2
1,2
1,2
1,2
1,2
1,2
1,2
1,2
1,2
1,2
1,2
1,2
1,2
1,2
1,2
1,2
1,2
1,2
1,2
1,2
1,2
1,2
1,2
1,2
1,2
1,2
1,2
1,2
1,2
1,2
1,2
1,2
1,2
1,2
1,2
1,2
1,2
1,2
1,2
1,2
1,2
1,2
1,2
1,2
1,2
1,2
1,2
1,2
1,2
1,2
1,2
1,2
1,2
1,2
1,2
1,2
1,2
1,2
1,2
1,2
1,2
1,2
1,2
1,2
1,2
1,2
1,2
1,2
1,2
1,2
1,2
1,2
1,2
1,2
1,2
1,2
1,2
1,2
1,2
1,2
1,2
1,2
1,2
1,2
1,2
1,2
1,2
1,2
1,2
1,2
1,2
1,2
1,2
1,2
1,2
1,2
1,2
1,2
1,2
1,2
1,2
1,2
1,2
1,2
1,2
1,2
1,2
1,2
1,2
1,2
1,2
1,2
1,2
1,2
1,2
1,2
1,2
1,2
1,2
1,2
1,2
1,2
1,2
1,2
1,2
1,2
1,2
1,2
1,2
1,2
1,2
1,2
1,2
1,2
1,2
1,2
1,2
1,2
1,2
1,2
1,2
1,2
1,2
1,2
1,2
1,2
1,2
1,2
1,2
1,2
1,2
1,2
1,2
1,2
1,2
1,2
1,2
1,2
1,2
1,2
1,2
1,2
1,2
1,2
1,2
1,2
1,2
1,2
1,2
1,2
1,2
1,2
1,2
1,2
1,2
1,2
1,2
1,2
1,2
1,2
1,2
1,2
1,2
1,2
1,2
1,2
1,2
1,2
1,2
1,2
1,2
1,2
1,2
1,2
1,2
1,2
1,2
1,2
1,2
1,2
1,2
1,2
1,2
1,2
1,2
1,2
1,2
1,2
1,2
1,2
1,2
1,2
1,2
1,2
1,2
1,2
1,2
1,2
1,2
1,2
1,2
1,2
1,2
1,2
1,2
1,2
1,2
1,2
1,2
1,2
1,2
1,2
1,2
1,2
1,2
1,2
1,2
1,2
1,2
1,2
1,2
1,2
1,2
1,2
1,2
1,2
1,2
1,2
1,2
1,2
1,2
1,2
1,2
1,2
1,2
1,2
1,2
1,2
1,2
1,2
1,2
1,2
1,2
1,2
1,2
1,2
1,2
1,2
1,2
1,2
1,2
1,2
1,2
1,2
1,2
1,2
1,2
1,2
1,2
1,2
1,2
1,2
1,2
1,2
1,2
1,2
1,2
1,2
1,2
1,2
1,2
1,2
1,2
1,2
1,2
1,2
1,2
1,2
1,2
1,2
0,2
0,2
0,2
0,2
0,0
0,0
0,0
0,0
0,0
0,0
0,0
0,0
0,0
0,0
0,0
0,0
0,0
0,0
0,0
0,0
0,0
0,0
0,0
0,0
0,0
0,0
0,0
0,0
0,0
0,0
0,0
0,0
0,0
0,0
0,0
0,0
0,0
0,0
0,0
0,0
0,0
0,0
0,0
0,0
0,0
0,0
0,0
0,0
0,0
0,0
0,0
0,0
0,0
0,0
0,0
0,0
0,0
0,0
0,0
0,0
0,0
0,0
0,0
0,0
0,0
0,0
0,0
0,0
0,0
0,0
0,0
0,0
0,0
0,0
0,0
0,0
0,0
0,0
0,0
0,0
0,0
0,0
0,0
0,0
0,0
0,0
0,0
0,0
0,0
0,0
0,0
0,0
0,0
0,0
0,0
0,0
0,0
0,0
0,1
0,1
0,1
0,1
0,1
0,1
0,1
0,1
0,1
0,1
0,1
0,1
0,1
0,1
0,1
0,1
0,1
0,1
0,1
0,1
0,1
0,1
0,1
0,1
0,1
0,1
0,1
0,1
0,1
0,1
0,1
0,1
0,1
0,1
0,1
0,1
0,1
0,1
0,1
0,1
0,1
0,1
0,1
0,1
0,1
0,1
0,1
0,1
0,1
0,1
0,1
0,1
0,1
0,1
0,1
0,1
0,1
0,1
0,1
0,1
0,1
0,1
0,1
0,1
0,1
0,1
0,1
0,1
0,1
0,1
0,1
0,1
0,1
0,1
0,1
0,1
0,1
0,1
0,1
0,1
0,1
0,1
0,1
0,1
0,1
0,1
0,1
0,1
0,1
0,0
0,0
0,0
0,0
0,0
0,0
0,0
0,0
0,0
0,0
0,0
0,0
0,0
0,0
0,0
0,0
0,0
0,0
0,0
0,0
0,0
0,0
0,0
0,0
0,0
0,0
0,0
0,0
0,0
0,0
0,0
0,0
0,0
0,0
0,0
0,0
0,0
0,0
0,0
0,0
0,0
0,0
0,0
0,0
0,0
0,0
0,0
0,0
0,0
0,0
0,0
0,0
0,0
0,0
0,0
0,0
0,0
0,0
0,0
0,0
0,0
0,0
0,0
0,0
0,0
0,0
0,0
0,0
0,0
0,0
0,0
0,0
0,0
0,0
0,0
0,0
0,0
0,0
0,0
0,0
0,0
0,0
0,0
0,0
0,0
0,0
0,0
0,0
0,0
0,0
0,0
0,0
0,0
0,0
0,0
0,0
0,0
0,0
0,0
0,0
0,0
0,0
0,0
0,0
0,0
0,0
0,0
0,0
0,0
0,0
0,0
0,1
0,1
0,1
0,1
0,1
0,1
0,1
0,1
0,1
0,1
0,1
0,1
0,1
0,1
0,1
0,1
0,1
0,1
0,1
0,1
0,1
0,1
0,1
0,1
0,1
0,1
0,1
0,1
0,1
0,1
0,1
0,1
0,1
0,1
0,1
0,1
0,1
0,1
0,1
0,1
0,1
0,1
0,1
0,1
0,1
0,1
0,1
0,1
0,1
0,1
0,1
0,1
0,1
0,1
0,1
0,1
0,1
0,1
0,1
0,1
0,1
0,1
0,1
0,1
0,1
0,1
0,1
0,1
0,1
0,1
0,1
0,1
0,1
0,1
0,1
0,1
0,1
0,1
0,1
0,1
0,1
0,1
0,1
0,1
0,0
0,0
0,0
0,0
0,0
0,0
0,0
0,0
0,0
0,0
0,0
0,0
0,0
0,0
0,0
0,0
0,0
0,0
0,0
0,0
0,0
0,0
0,0
0,0
0,0
0,0
0,0
0,0
0,0
0,0
0,0
0,0
0,0
0,0
0,0
0,0
0,0
0,0
0,0
0,0
0,0
0,0
0,0
0,0
0,0
0,0
0,0
0,0
0,0
0,0
0,0
0,0
0,0
0,0
0,0
0,0
0,0
0,0
0,0
0,0
0,0
0,0
0,0
0,0
0,0
0,0
0,0
0,0
0,0
0,0
0,0
0,0
0,0
0,0
0,0
0,0
0,0
0,0
0,0
0,0
0,0
0,0
0,0
0,0
0,0
0,0
0,0
0,0
0,0
0,0
0,0
0,0
0,0
0,0
0,0
0,0
0,0
0,0
0,0
0,0
0,0
0,0
0,0
0,0
0,0
0,0
0,0
0,0
0,0
0,0
0,0
0,0
0,0
0,0
0,0
0,0
0,1
0,1
0,1
0,1
0,1
0,1
0,1
0,1
0,1
0,1
0,1
0,1
0,1
0,1
0,1
0,1
0,1
0,1
0,1
0,1
0,1
0,1
0,1
0,1
0,1
0,1
0,1
0,1
0,1
0,1
0,1
0,1
0,1
0,1
0,1
0,1
0,1
0,1
0,1
0,1
0,1
0,1
0,1
0,1
0,1
0,1
0,1
0,1
0,1
0,1
0,1
0,1
0,1
0,1
0,1
0,1
0,1
0,1
0,1
0,1
0,1
0,1
0,1
0,1
0,1
0,1
0,1
0,1
0,1
0,1
0,1
0,1
0,1
0,1
0,1
0,1
0,1
0,1
0,1
0,1
0,1
0,1
0,1
0,1
0,1
0,1
0,1
0,1
0,0
0,0
0,0
0,0
0,0
0,0
0,0
0,0
0,0
0,0
0,0
0,0
0,0
0,0
0,0
0,0
0,0
0,0
0,0
0,0
0,0
0,0
0,0
0,0
0,0
0,0
0,0
0,0
0,0
0,0
0,0
0,0
0,0
0,0
0,0
0,0
0,0
0,0
0,0
0,0
0,0
0,0
0,0
0,0
0,0
0,0
0,0
0,0
0,0
0,0
0,0
0,0
0,0
0,0
0,0
0,0
0,0
0,0
0,0
0,0
0,0
0,0
0,0
0,0
0,0
0,0
0,0
0,0
0,0
0,0
0,0
0,0
0,0
0,0
0,0
0,0
0,0
0,0
0,0
0,0
0,0
0,0
0,0
0,0
0,0
0,0
0,0
0,0
0,0
0,0
0,0
0,0
0,0
0,0
0,0
0,0
0,0
0,0
0,0
0,0
0,0
0,0
0,0
0,0
0,0
0,0
0,0
0,0
0,0
0,0
0,0
0,0
0,0
0,0
0,0
0,0
0,1
0,1
0,1
0,1
0,1
0,1
0,1
0,1
0,1
0,1
0,1
0,1
0,1
0,1
0,1
0,1
0,1
0,1
0,1
0,1
0,1
0,1
0,1
0,1
0,1
0,1
0,1
0,1
0,1
0,1
0,1
0,1
0,1
0,1
0,1
0,1
0,1
0,1
0,1
0,1
0,1
0,1
0,1
0,1
0,1
0,1
0,1
0,1
0,1
0,1
0,1
0,1
0,1
0,1
0,1
0,1
0,1
0,1
0,1
0,1
0,1
0,1
0,1
0,1
0,1
0,1
0,1
0,1
0,1
0,1
0,1
0,1
0,1
0,1
0,1
0,1
0,1
0,1
0,1
0,1
0,1
0,1
0,1
0,1
0,0
0,0
0,0
0,0
0,0
0,0
0,0
0,0
0,0
0,0
0,0
0,0
0,0
0,0
0,0
0,0
0,0
0,0
0,0
0,0
0,0
0,0
0,0
0,0
0,0
0,0
0,0
0,0
0,0
0,0
0,0
0,0
0,0
0,0
0,0
0,0
0,0
0,0
0,0
0,0
0,0
0,0
0,0
0,0
0,0
0,0
0,0
0,0
0,0
0,0
0,0
0,0
0,0
0,0
0,0
0,0
0,0
0,0
0,0
0,0
0,0
0,0
0,0
0,0
0,0
0,0
0,0
0,0
0,0
0,0
0,0
0,0
0,0
0,0
0,0
0,0
0,0
0,0
0,0
0,0
0,0
0,0
0,0
0,0
0,0
0,0
0,0
0,0
0,0
0,0
0,0
0,0
0,0
0,0
0,0
0,0
0,0
0,0
0,0
0,0
0,0
0,0
0,0
0,0
0,0
0,0
0,0
0,0
0,0
0,0
0,0
0,0
0,0
0,0
0,0
0,0
0,0
0,0
0,0
0,0
0,1
0,1
0,1
0,1
0,1
0,1
0,1
0,1
0,1
0,1
0,1
0,1
0,1
0,1
0,1
0,1
0,1
0,1
0,1
0,1
0,1
0,1
0,1
0,1
0,1
0,1
0,1
0,1
0,1
0,1
0,1
0,1
0,1
0,1
0,1
0,1
0,1
0,1
0,1
0,1
0,1
0,1
0,1
0,1
0,1
0,1
0,1
0,1
0,1
0,1
0,1
0,1
0,1
0,1
0,1
0,1
0,1
0,1
0,1
0,1
0,1
0,1
0,1
0,1
0,1
0,1
0,1
0,1
0,1
0,1
0,1
0,1
0,1
0,1
0,1
0,1
0,1
0,1
0,1
0,1
0,1
0,1
0,1
0,1
0,1
0,1
0,1
0,1
0,1
0,1
0,1
0,1
0,1
0,1
2,1
2,1
2,1
2,1
2,1
2,1
2,1
2,1
2,1
2,1
2,1
2,1
2,1
2,1
2,1
2,1
2,1
2,1
2,1
2,3
2,3
2,3
2,3
2,3
2,3
2,3
2,3
2,3
2,3
2,3
2,3
2,3
2,3
2,3
2,3
2,3
2,3
2,3
2,3
2,3
2,3
2,3
2,3
2,3
2,3
2,3
2,3
2,3
2,3
2,3
2,3
2,3
2,3
2,3
2,3
2,3
2,3
2,3
2,3
2,3
2,3
2,3
2,3
2,3
2,3
2,3
2,3
2,3
2,3
2,3
2,3
2,3
2,3
2,3
2,3
2,3
2,3
2,3
2,3
2,3
2,3
2,3
2,3
2,3
2,3
2,3
2,3
2,3
2,3
2,3
2,3
2,3
2,3
2,3
2,3
2,3
2,3
2,3
2,3
2,3
2,3
2,3
2,3
2,3
2,3
2,3
2,3
2,3
2,3
2,3
2,3
2,3
2,3
2,3
2,3
2,3
2,3
2,3
2,3
2,3
2,3
2,3
2,3
2,3
2,3
2,3
2,3
2,3
2,3
2,3
2,3
2,3
2,3
2,3
2,3
2,3
2,3
2,3
2,3
2,3
2,3
2,3
2,3
2,3
2,3
2,3
2,3
2,3
2,3
2,3
2,3
2,3
2,4
2,4
2,4
2,4
2,4
2,4
2,4
2,4
2,4
2,4
2,4
2,4
2,4
2,4
2,4
2,4
2,4
2,4
2,4
2,4
2,4
2,4
2,4
2,4
2,4
2,4
2,4
2,4
2,4
2,4
2,4
2,4
2,4
2,4
2,4
2,4
2,4
2,4
2,4
2,4
2,4
2,4
2,4
2,4
2,4
2,4
2,4
2,4
2,4
2,4
2,4
2,4
2,4
2,4
2,4
2,4
2,4
2,4
2,4
2,4
2,4
2,4
2,4
2,4
2,4
2,4
2,4
2,4
2,4
2,4
2,4
2,4
2,4
2,4
2,4
2,4
2,4
2,4
2,4
2,4
2,4
2,4
2,4
2,4
2,4
2,4
2,4
2,4
2,4
2,4
2,4
2,4
2,4
2,4
2,4
2,4
2,4
2,4
2,4
2,4
2,4
2,4
2,4
2,4
2,4
2,4
2,4
2,4
2,4
2,4
2,4
2,4
2,4
2,4
2,3
2,3
2,3
2,3
2,3
2,3
2,3
2,3
2,3
2,3
2,3
2,3
2,3
2,3
2,3
2,3
2,3
2,3
2,3
2,3
2,3
2,3
2,3
2,3
2,3
2,3
2,3
2,3
2,3
2,3
2,3
2,3
2,3
2,3
2,3
2,3
2,3
2,3
2,3
2,3
2,3
2,3
2,3
2,3
2,3
2,3
2,3
2,3
2,3
2,3
2,3
2,3
2,3
2,3
2,3
2,3
2,3
2,3
2,3
2,3
2,3
2,3
2,3
2,3
2,3
2,3
2,3
2,3
2,3
2,3
2,3
2,3
2,3
2,3
2,3
2,3
2,3
2,3
2,3
2,3
2,3
2,3
2,3
2,3
2,4
2,4
2,4
2,4
2,4
2,4
2,4
2,4
2,4
2,4
2,4
2,4
2,4
2,4
2,4
2,4
2,4
2,4
2,4
2,4
2,4
2,4
2,4
2,4
2,4
2,4
2,4
2,4
2,4
2,4
2,4
2,4
2,4
2,4
2,4
2,4
2,4
2,4
2,4
2,4
2,4
2,4
2,4
2,4
2,4
2,4
2,4
2,4
2,4
2,4
2,4
2,4
2,4
2,4
2,4
2,4
2,4
2,4
2,4
2,4
2,4
2,4
2,4
2,4
2,4
2,4
2,4
2,4
2,4
2,4
2,4
2,4
2,4
2,4
2,4
2,4
2,4
2,4
2,4
2,4
2,4
2,4
2,4
2,4
2,4
2,4
2,4
2,4
2,4
2,4
2,4
2,4
2,4
2,4
2,4
2,4
2,4
2,4
2,4
2,4
2,4
2,4
2,4
2,4
2,4
2,4
2,4
2,4
2,3
2,3
2,3
2,3
2,3
2,3
2,3
2,3
2,3
2,3
2,3
2,3
2,3
2,3
2,3
2,3
2,3
2,3
2,3
2,3
2,3
2,3
2,3
2,3
2,3
2,3
2,3
2,3
2,3
2,3
2,3
2,3
2,3
2,3
2,3
2,3
2,3
2,3
2,3
2,3
2,3
2,3
2,3
2,3
2,3
2,3
2,3
2,3
2,3
2,3
2,3
2,3
2,3
2,3
2,3
2,3
2,3
2,3
2,3
2,3
2,3
2,3
2,3
2,3
2,3
2,3
2,3
2,3
2,3
2,3
2,3
2,3
2,3
2,3
2,3
2,3
2,3
2,3
2,3
2,3
2,3
2,3
2,3
2,3
2,3
2,3
2,3
2,3
2,3
2,3
2,3
2,3
2,3
2,3
2,3
2,3
2,4
2,4
2,4
2,4
2,4
2,4
2,4
2,4
2,4
2,4
2,4
2,4
2,4
2,4
2,4
2,4
2,4
2,4
2,4
2,4
2,4
2,4
2,4
2,4
2,4
2,4
2,4
2,4
2,4
2,4
2,4
2,4
2,4
2,4
2,4
2,4
2,4
2,4
2,4
2,4
2,4
2,4
2,4
2,4
2,4
2,4
2,4
2,4
2,4
2,4
2,4
2,4
2,4
2,4
2,4
2,4
2,4
2,4
2,4
2,4
2,4
2,4
2,4
2,4
2,4
2,4
2,4
2,4
2,4
2,4
2,4
2,4
2,4
2,4
2,4
2,4
2,4
2,4
2,4
2,4
2,4
2,4
2,4
2,4
2,4
2,4
2,4
2,4
2,4
2,4
2,4
2,4
2,4
2,4
2,4
2,4
2,4
2,4
2,4
2,4
2,4
2,4
2,4
2,4
2,4
2,4
2,4
2,4
2,4
2,4
2,4
2,4
2,4
2,4
2,4
2,4
2,4
2,4
2,4
2,4
2,3
2,3
2,3
2,3
2,3
2,3
2,3
2,3
2,3
2,3
2,3
2,3
2,3
2,3
2,3
2,3
2,3
2,3
2,3
2,3
2,3
2,3
2,3
2,3
2,3
2,3
2,3
2,3
2,3
2,3
2,3
2,3
2,3
2,3
2,3
2,3
2,3
2,3
2,3
2,3
2,3
2,3
2,3
2,3
2,3
2,3
2,3
2,3
2,3
2,3
2,3
2,3
2,3
2,3
2,3
2,3
2,3
2,3
2,3
2,3
2,3
2,3
2,3
2,3
2,3
2,3
2,3
2,3
2,3
2,3
2,3
2,3
2,4
2,4
2,4
2,4
2,4
2,4
2,4
2,4
2,4
2,4
2,4
2,4
2,4
2,4
2,4
2,4
2,4
2,4
2,4
2,4
2,4
2,4
2,4
2,4
2,4
2,4
2,4
2,4
2,4
2,4
2,4
2,4
2,4
2,4
2,4
2,4
2,4
2,4
2,4
2,4
2,4
2,4
2,4
2,4
2,4
2,4
2,4
2,4
2,4
2,4
2,4
2,4
2,4
2,4
2,4
2,4
2,4
2,4
2,4
2,4
2,4
2,4
2,4
2,4
2,4
2,4
2,4
2,4
2,4
2,4
2,4
2,4
2,4
2,4
2,4
2,4
2,4
2,4
2,4
2,4
2,4
2,4
2,4
2,4
2,4
2,4
2,4
2,4
2,4
2,4
2,4
2,4
2,4
2,4
2,4
2,4
2,4
2,4
2,4
2,4
2,4
2,4
2,4
2,4
2,4
2,4
2,4
2,4
2,3
2,3
2,3
2,3
2,3
2,3
2,3
2,3
2,3
2,3
2,3
2,3
2,3
2,3
2,3
2,3
2,3
2,3
2,3
2,3
2,3
2,3
2,3
2,3
2,3
2,3
2,3
2,3
2,3
2,3
2,3
2,3
2,3
2,3
2,3
2,3
2,3
2,3
2,3
2,3
2,3
2,3
2,3
2,3
2,3
2,3
2,3
2,3
2,3
2,3
2,3
2,3
2,3
2,3
2,3
2,3
2,3
2,3
2,3
2,3
2,3
2,3
2,3
2,3
2,3
2,3
2,3
2,3
2,3
2,3
2,3
2,3
2,3
2,3
2,3
2,3
2,3
2,3
2,3
2,3
2,3
2,3
2,3
2,3
2,3
2,3
2,3
2,3
2,3
2,3
2,3
2,3
2,3
2,3
2,3
2,3
2,3
2,3
2,3
2,3
2,4
2,4
2,4
2,4
2,4
2,4
2,4
2,4
2,4
2,4
2,4
2,4
2,4
2,4
2,4
2,4
2,4
2,4
2,4
2,4
2,4
2,4
2,4
2,4
2,4
2,4
2,4
2,4
2,4
2,4
2,4
2,4
2,4
2,4
2,4
2,4
2,4
2,4
2,4
2,4
2,4
2,4
2,4
2,4
2,4
2,4
2,4
2,4
2,4
2,4
2,4
2,4
2,4
2,4
2,4
2,4
2,4
2,4
2,4
2,4
2,4
2,4
2,4
2,4
2,4
2,4
2,4
2,4
2,4
2,4
2,4
2,4
2,4
2,4
2,4
2,4
2,4
2,4
2,4
2,4
2,4
2,4
2,4
2,4
2,4
2,4
2,4
2,4
2,4
2,4
2,4
2,4
2,4
2,4
2,4
2,4
2,4
2,4
2,4
2,4
2,4
2,4
2,4
2,4
2,4
2,4
2,4
2,4
2,4
2,4
2,4
2,4
2,4
2,4
2,4
2,4
2,3
2,3
2,3
2,3
2,3
2,3
2,3
2,3
2,3
2,3
2,3
2,3
2,3
2,3
2,3
2,3
2,3
2,3
2,3
2,3
2,3
2,3
2,3
2,3
2,3
2,3
2,3
2,3
2,3
2,3
2,3
2,3
2,3
2,3
2,3
2,3
2,3
2,3
2,3
2,3
2,3
2,3
2,3
2,3
2,3
2,3
2,3
2,3
2,3
2,3
2,3
2,3
2,3
2,3
2,3
2,3
2,3
2,3
2,3
2,3
2,3
2,3
2,3
2,3
2,3
2,3
2,3
2,3
2,3
2,3
2,3
2,3
2,4
2,4
2,4
2,4
2,4
2,4
2,4
2,4
2,4
2,4
2,4
2,4
2,4
2,4
2,4
2,4
2,4
2,4
2,4
2,4
2,4
2,4
2,4
2,4
2,4
2,4
2,4
2,4
2,4
2,4
2,4
2,4
2,4
2,4
2,4
2,4
2,4
2,4
2,4
2,4
2,4
2,4
2,4
2,4
2,4
2,4
2,4
2,4
2,4
2,4
2,4
2,4
2,4
2,4
2,4
2,4
2,4
2,4
2,4
2,4
2,4
2,4
2,4
2,4
2,4
2,4
2,4
2,4
2,4
2,4
2,4
2,4
2,4
2,4
2,4
2,4
2,4
2,4
2,4
2,4
2,4
2,4
2,4
2,4
2,4
2,4
2,4
2,4
2,4
2,4
2,4
2,4
2,4
2,4
2,4
2,4
2,4
2,4
2,4
2,4
2,4
2,4
2,4
2,4
2,4
2,4
2,4
2,4
2,4
2,4
2,4
2,4
2,4
2,4
2,3
2,3
2,3
2,3
2,3
2,3
2,3
2,3
2,3
2,3
2,3
2,3
2,3
2,3
2,3
2,3
2,3
2,3
2,3
2,3
2,3
2,3
2,3
2,3
2,3
2,3
2,3
2,3
2,3
2,3
2,3
2,3
2,3
2,3
2,3
2,3
2,3
2,3
2,3
2,3
2,3
2,3
2,3
2,3
2,3
2,3
2,3
2,3
2,3
2,3
2,3
2,3
2,3
2,3
2,3
2,3
2,3
2,3
2,3
2,3
2,3
2,3
2,3
2,3
2,3
2,3
2,3
2,3
2,3
2,3
2,3
2,3
2,3
2,3
2,3
2,3
2,3
2,3
2,3
2,3
2,3
2,3
2,3
2,3
2,3
2,3
2,3
2,3
2,3
2,3
2,4
2,4
2,4
2,4
2,4
2,4
2,4
2,4
2,4
2,4
2,4
2,4
2,4
2,4
2,4
2,4
2,4
2,4
2,4
2,4
2,4
2,4
2,4
2,4
2,4
2,4
2,4
2,4
2,4
2,4
2,4
2,4
2,4
2,4
2,4
2,4
2,4
2,4
2,4
2,4
2,4
2,4
2,4
2,4
2,4
2,4
2,4
2,4
2,4
2,4
2,4
2,4
2,4
2,4
2,4
2,4
2,4
2,4
2,4
2,4
2,4
2,4
2,4
2,4
2,4
2,4
2,4
2,4
2,4
2,4
2,4
2,4
2,4
2,4
2,4
2,4
2,4
2,4
2,4
2,4
2,4
2,4
2,4
2,4
2,4
2,4
2,4
2,4
2,4
2,4
2,4
2,4
2,4
2,4
2,4
2,4
2,4
2,4
2,4
2,4
2,4
2,4
2,4
2,4
2,4
2,4
2,4
2,4
2,4
2,4
2,4
2,4
2,4
2,4
2,4
2,4
2,4
2,4
2,4
2,4
2,3
2,3
2,3
2,3
2,3
2,3
2,3
2,3
2,3
2,3
2,3
2,3
2,3
2,3
2,3
2,3
2,3
2,3
2,3
2,3
2,3
2,3
2,3
2,3
2,3
2,3
2,3
2,3
2,3
2,3
2,3
2,3
2,3
2,3
2,3
2,3
2,3
2,3
2,3
2,3
2,3
2,3
2,3
2,3
2,3
2,3
2,3
2,3
2,3
2,3
2,3
2,3
2,3
2,3
2,3
2,3
2,3
2,3
2,3
2,3
2,3
2,3
2,3
2,3
2,3
2,3
2,3
2,3
2,3
2,3
2,3
2,3
2,3
2,3
2,3
2,3
2,3
2,3
2,3
2,3
2,4
2,4
2,4
2,4
2,4
2,4
2,4
2,4
2,4
2,4
2,4
2,4
2,4
2,4
2,4
2,4
2,4
2,4
2,4
2,4
2,4
2,4
2,4
2,4
2,4
2,4
2,4
2,4
2,4
2,4
2,4
2,4
2,4
2,4
2,4
2,4
2,4
2,4
2,4
2,4
2,4
2,4
2,4
2,4
2,4
2,4
2,4
2,4
2,4
2,4
2,4
2,4
2,4
2,4
2,4
2,4
2,4
2,4
2,4
2,4
2,4
2,4
2,4
2,4
2,4
2,4
2,4
2,4
2,4
2,4
2,4
2,4
2,4
2,4
2,4
2,4
2,4
2,4
2,4
2,4
2,4
2,4
2,4
2,4
2,4
2,4
2,4
2,4
2,4
2,4
2,4
2,4
2,4
2,4
2,4
2,4
2,4
2,4
2,4
2,4
2,4
2,4
2,4
2,4
2,4
2,4
2,4
2,4
2,4
2,4
2,4
2,4
2,4
2,4
2,4
2,4
2,4
2,4
2,4
2,4
2,4
2,4
2,4
2,4
2,4
2,4
2,4
2,4
2,3
2,3
2,3
2,3
2,3
2,3
2,3
2,3
2,3
2,3
2,3
2,3
2,3
2,3
2,3
2,3
2,3
2,3
2,3
2,3
2,3
2,3
2,3
2,3
2,3
2,3
2,3
2,3
2,3
2,3
2,3
2,3
2,3
2,3
2,3
2,3
2,3
2,3
2,3
2,3
2,3
2,3
2,3
2,3
2,3
2,3
2,3
2,3
2,3
2,3
2,3
2,3
2,3
2,3
2,3
2,3
2,3
2,3
2,3
2,3
2,3
2,3
2,3
2,3
2,3
2,3
2,3
2,3
2,3
2,3
2,3
2,3
2,3
2,3
2,3
2,3
2,3
2,3
2,4
2,4
2,4
2,4
2,4
2,4
2,4
2,4
2,4
2,4
2,4
2,4
2,4
2,4
2,4
2,4
2,4
2,4
2,4
2,4
2,4
2,4
2,4
2,4
2,4
2,4
2,4
2,4
2,4
2,4
2,4
2,4
2,4
2,4
2,4
2,4
2,4
2,4
2,4
2,4
2,4
2,4
2,4
2,4
2,4
2,4
2,4
2,4
2,4
2,4
2,4
2,4
2,4
2,4
2,4
2,4
2,4
2,4
2,4
2,4
2,4
2,4
2,4
2,4
2,4
2,4
2,4
2,4
2,4
2,4
2,4
2,4
2,4
2,4
2,4
2,4
2,4
2,4
2,4
2,4
2,4
2,4
2,4
2,4
2,4
2,4
2,4
2,4
2,4
2,4
2,4
2,4
2,4
2,4
2,4
2,4
2,4
2,4
2,4
2,4
2,4
2,4
2,4
2,4
2,4
2,4
2,4
2,4
2,4
2,4
2,3
2,3
2,3
2,3
2,3
2,3
2,3
2,3
2,3
2,3
2,3
2,3
2,3
2,3
2,3
2,3
2,3
2,3
2,3
2,3
2,3
2,3
2,3
2,3
2,3
2,3
2,3
2,3
2,3
2,3
2,3
2,3
2,3
2,3
2,3
2,3
2,3
2,3
2,3
2,3
2,3
2,3
2,3
2,3
2,3
2,3
2,3
2,3
2,3
2,3
2,3
2,3
2,3
2,3
2,3
2,3
2,3
2,3
2,3
2,3
2,3
2,3
2,3
2,3
2,3
2,3
2,3
2,3
2,3
2,3
2,3
2,3
2,3
2,3
2,3
2,3
2,3
2,3
2,3
2,3
2,3
2,3
2,3
2,3
2,3
2,3
2,3
2,3
2,3
2,3
2,3
2,3
2,3
2,3
2,3
2,3
2,3
2,3
2,3
2,3
2,3
2,3
2,3
2,3
2,3
2,3
2,3
2,3
2,3
2,3
2,3
2,3
2,3
2,3
2,3
2,3
2,3
2,3
2,3
2,3
2,3
2,3
2,3
2,3
2,3
2,3
2,3
2,3
2,3
2,3
2,3
2,3
2,0
2,0
2,0
2,0
2,0
2,0
0,0
0,0
0,0
0,0
0,0
0,0
0,0
0,0
0,0
0,0
0,0
0,0
0,0
0,0
0,0
0,0
0,0
0,0
0,0
0,0
0,0
0,0
0,0
0,0
0,0
0,0
0,0
0,0
0,0
0,0
0,0
0,0
0,0
0,0
0,0
0,0
0,0
0,0
0,0
0,0
0,0
0,0
0,0
0,0
0,0
0,0
0,0
0,0
0,0
0,0
0,0
0,0
0,0
0,0
0,0
0,0
0,0
0,0
0,0
0,0
0,0
0,0
0,0
0,0
0,0
0,0
0,0
0,0
0,0
0,0
0,0
0,0
0,0
0,0
0,0
0,0
0,0
0,0
0,0
0,0
0,0
0,0
0,0
0,0
0,0
0,0
0,0
0,0
0,0
0,0
0,0
0,0
0,0
0,0
0,0
0,0
0,0
0,0
0,0
0,0
0,0
0,0
0,1
0,1
0,1
0,1
0,1
0,1
0,1
0,1
0,1
0,1
0,1
0,1
0,1
0,1
0,1
0,1
0,1
0,1
0,1
0,1
0,1
0,1
0,1
0,1
0,1
0,1
0,1
0,1
0,1
0,1
0,1
0,1
0,1
0,1
0,1
0,1
0,1
0,1
0,1
0,1
0,1
0,1
0,1
0,1
0,1
0,1
0,1
0,1
0,1
0,1
0,1
0,1
0,1
0,1
0,1
0,1
0,1
0,1
0,1
0,1
0,1
0,1
0,1
0,1
0,1
0,1
0,1
0,1
0,1
0,1
0,1
0,1
0,1
0,1
0,1
0,1
0,1
0,1
0,1
0,1
0,1
0,1
0,1
0,1
0,0
0,0
0,0
0,0
0,0
0,0
0,0
0,0
0,0
0,0
0,0
0,0
0,0
0,0
0,0
0,0
0,0
0,0
0,0
0,0
0,0
0,0
0,0
0,0
0,0
0,0
0,0
0,0
0,0
0,0
0,0
0,0
0,0
0,0
0,0
0,0
0,0
0,0
0,0
0,0
0,0
0,0
0,0
0,0
0,0
0,0
0,0
0,0
0,0
0,0
0,0
0,0
0,0
0,0
0,0
0,0
0,0
0,0
0,0
0,0
0,0
0,0
0,0
0,0
0,0
0,0
0,0
0,0
0,0
0,0
0,0
0,0
0,0
0,0
0,0
0,0
0,0
0,0
0,0
0,0
0,0
0,0
0,0
0,0
0,0
0,0
0,0
0,0
0,0
0,0
0,0
0,0
0,0
0,0
0,0
0,0
0,0
0,0
0,0
0,0
0,0
0,0
0,0
0,0
0,0
0,0
0,0
0,0
0,1
0,1
0,1
0,1
0,1
0,1
0,1
0,1
0,1
0,1
0,1
0,1
0,1
0,1
0,1
0,1
0,1
0,1
0,1
0,1
0,1
0,1
0,1
0,1
0,1
0,1
0,1
0,1
0,1
0,1
0,1
0,1
0,1
0,1
0,1
0,1
0,1
0,1
0,1
0,1
0,1
0,1
0,1
0,1
0,1
0,1
0,1
0,1
0,1
0,1
0,1
0,1
0,1
0,1
0,1
0,1
0,1
0,1
0,1
0,1
0,1
0,1
0,1
0,1
0,1
0,1
0,1
0,1
0,1
0,1
0,1
0,1
0,1
0,1
0,1
0,1
0,1
0,1
0,1
0,1
0,1
0,1
0,1
0,1
0,1
0,1
0,1
0,1
0,1
0,1
0,1
0,1
0,1
0,1
0,1
0,1
0,0
0,0
0,0
0,0
0,0
0,0
0,0
0,0
0,0
0,0
0,0
0,0
0,0
0,0
0,0
0,0
0,0
0,0
0,0
0,0
0,0
0,0
0,0
0,0
0,0
0,0
0,0
0,0
0,0
0,0
0,0
0,0
0,0
0,0
0,0
0,0
0,0
0,0
0,0
0,0
0,0
0,0
0,0
0,0
0,0
0,0
0,0
0,0
0,0
0,0
0,0
0,0
0,0
0,0
0,0
0,0
0,0
0,0
0,0
0,0
0,0
0,0
0,0
0,0
0,0
0,0
0,0
0,0
0,0
0,0
0,0
0,0
0,0
0,0
0,0
0,0
0,0
0,0
0,0
0,0
0,0
0,0
0,0
0,0
0,0
0,0
0,0
0,0
0,0
0,0
0,0
0,0
0,0
0,0
0,0
0,0
0,0
0,0
0,0
0,0
0,0
0,0
0,0
0,0
0,0
0,0
0,0
0,0
0,1
0,1
0,1
0,1
0,1
0,1
0,1
0,1
0,1
0,1
0,1
0,1
0,1
0,1
0,1
0,1
0,1
0,1
0,1
0,1
0,1
0,1
0,1
0,1
0,1
0,1
0,1
0,1
0,1
0,1
0,1
0,1
0,1
0,1
0,1
0,1
0,1
0,1
0,1
0,1
0,1
0,1
0,1
0,1
0,1
0,1
0,1
0,1
0,1
0,1
0,1
0,1
0,1
0,1
0,1
0,1
0,1
0,1
0,1
0,1
0,1
0,1
0,1
0,1
0,1
0,1
0,1
0,1
0,1
0,1
0,1
0,1
0,1
0,1
0,1
0,1
0,1
0,1
0,1
0,1
0,1
0,1
0,1
0,1
0,1
0,1
0,1
0,1
0,1
0,1
0,0
0,0
0,0
0,0
0,0
0,0
0,0
0,0
0,0
0,0
0,0
0,0
0,0
0,0
0,0
0,0
0,0
0,0
0,0
0,0
0,0
0,0
0,0
0,0
0,0
0,0
0,0
0,0
0,0
0,0
0,0
0,0
0,0
0,0
0,0
0,0
0,0
0,0
0,0
0,0
0,0
0,0
0,0
0,0
0,0
0,0
0,0
0,0
0,0
0,0
0,0
0,0
0,0
0,0
0,0
0,0
0,0
0,0
0,0
0,0
0,0
0,0
0,0
0,0
0,0
0,0
0,0
0,0
0,0
0,0
0,0
0,0
0,0
0,0
0,0
0,0
0,0
0,0
0,0
0,0
0,0
0,0
0,0
0,0
0,0
0,0
0,0
0,0
0,0
0,0
0,0
0,0
0,0
0,0
0,0
0,0
0,0
0,0
0,0
0,0
0,0
0,0
0,0
0,0
0,0
0,0
0,0
0,0
0,0
0,0
0,0
0,0
0,0
0,0
0,0
0,0
0,0
0,0
0,0
0,0
0,0
0,0
0,0
0,0
0,0
0,0
0,1
0,1
0,1
0,1
0,1
0,1
0,1
0,1
0,1
0,1
0,1
0,1
0,1
0,1
0,1
0,1
0,1
0,1
0,1
0,1
0,1
0,1
0,1
0,1
0,1
0,1
0,1
0,1
0,1
0,1
0,1
0,1
0,1
0,1
0,1
0,1
0,1
0,1
0,1
0,1
0,1
0,1
0,1
0,1
0,1
0,1
0,1
0,1
0,1
0,1
0,1
0,1
0,1
0,1
0,1
0,1
0,1
0,1
0,1
0,1
0,1
0,1
0,1
0,1
0,1
0,1
0,1
0,1
0,1
0,1
0,1
0,1
0,0
0,0
0,0
0,0
0,0
0,0
0,0
0,0
0,0
0,0
0,0
0,0
0,0
0,0
0,0
0,0
0,0
0,0
0,0
0,0
0,0
0,0
0,0
0,0
0,0
0,0
0,0
0,0
0,0
0,0
0,0
0,0
0,0
0,0
0,0
0,0
0,0
0,0
0,0
0,0
0,0
0,0
0,0
0,0
0,0
0,0
0,0
0,0
0,0
0,0
0,0
0,0
0,0
0,0
0,0
0,0
0,0
0,0
0,0
0,0
0,0
0,0
0,0
0,0
0,0
0,0
0,0
0,0
0,0
0,0
0,0
0,0
0,0
0,0
0,0
0,0
0,0
0,0
0,0
0,0
0,0
0,0
0,0
0,0
0,0
0,0
0,0
0,0
0,0
0,0
0,0
0,0
0,0
0,0
0,0
0,0
0,0
0,0
0,0
0,0
0,0
0,0
0,0
0,0
0,0
0,0
0,0
0,0
0,0
0,0
0,0
0,0
0,0
0,0
0,0
0,0
0,0
0,0
0,0
0,0
0,1
0,1
0,1
0,1
0,1
0,1
0,1
0,1
0,1
0,1
0,1
0,1
0,1
0,1
0,1
0,1
0,1
0,1
0,1
0,1
0,1
0,1
0,1
0,1
0,1
0,1
0,1
0,1
0,1
0,1
0,1
0,1
0,1
0,1
0,1
0,1
0,1
0,1
0,1
0,1
0,1
0,1
0,1
0,1
0,1
0,1
0,1
0,1
0,1
0,1
0,1
0,1
0,1
0,1
0,1
0,1
0,1
0,1
0,1
0,1
0,1
0,1
0,1
0,1
0,1
0,1
0,1
0,1
0,1
0,1
0,1
0,1
0,1
0,1
0,1
0,1
0,1
0,1
0,1
0,1
0,1
0,1
0,1
0,1
0,1
0,1
0,1
0,1
0,1
0,1
0,1
0,1
0,1
0,1
3,1
3,1
3,5
3,5
3,5
3,5
3,5
3,5
3,5
3,5
3,5
3,5
3,5
3,5
3,5
3,5
3,5
3,5
3,5
3,5
3,5
3,5
3,5
3,5
3,5
3,5
3,5
3,5
3,5
3,5
3,5
3,5
3,5
3,5
3,5
3,5
3,5
3,5
3,5
3,5
3,5
3,5
3,5
3,5
3,5
3,5
3,5
3,5
3,5
3,5
3,5
3,5
3,5
3,5
3,5
3,5
3,5
3,5
3,5
3,5
3,5
3,5
3,5
3,5
3,5
3,5
3,5
3,5
3,5
3,5
3,5
3,5
3,5
3,5
3,5
3,5
3,5
3,5
3,5
3,5
3,5
3,5
3,6
3,6
3,6
3,6
3,6
3,6
3,6
3,6
3,6
3,6
3,6
3,6
3,6
3,6
3,6
3,6
3,6
3,6
3,6
3,6
3,6
3,6
3,6
3,6
3,6
3,6
3,6
3,6
3,6
3,6
3,6
3,6
3,6
3,6
3,6
3,6
3,6
3,6
3,6
3,6
3,7
3,7
3,7
3,7
3,7
3,7
3,7
3,7
3,7
3,7
3,7
3,7
3,7
3,7
3,7
3,7
3,7
3,7
3,7
3,7
3,7
3,7
3,7
3,7
3,7
3,7
3,7
3,7
3,7
3,7
3,7
3,7
3,7
3,7
3,7
3,7
3,7
3,7
3,7
3,7
3,7
3,7
3,7
3,7
3,7
3,7
3,7
3,7
3,7
3,7
3,7
3,7
3,7
3,7
3,7
3,7
3,7
3,7
3,7
3,7
3,5
3,5
3,5
3,5
3,5
3,5
3,5
3,5
3,5
3,5
3,5
3,5
3,5
3,5
3,5
3,5
3,5
3,5
3,5
3,5
3,5
3,5
3,5
3,5
3,5
3,5
3,5
3,5
3,5
3,5
3,5
3,5
3,5
3,5
3,5
3,5
3,5
3,5
3,5
3,5
3,5
3,5
3,5
3,5
3,5
3,5
3,5
3,5
3,5
3,5
3,5
3,5
3,5
3,5
3,5
3,5
3,5
3,5
3,5
3,5
3,5
3,5
3,5
3,5
3,5
3,5
3,5
3,5
3,5
3,5
3,5
3,5
3,5
3,5
3,5
3,5
3,5
3,5
3,5
3,5
3,5
3,5
3,5
3,5
3,5
3,5
3,5
3,5
3,5
3,5
3,5
3,5
3,6
3,6
3,6
3,6
3,6
3,6
3,6
3,6
3,6
3,6
3,6
3,6
3,6
3,6
3,6
3,6
3,6
3,6
3,6
3,6
3,6
3,6
3,6
3,6
3,6
3,6
3,6
3,6
3,6
3,6
3,6
3,6
3,6
3,6
3,6
3,6
3,6
3,6
3,6
3,6
3,6
3,6
3,6
3,6
3,6
3,6
3,6
3,6
3,6
3,6
3,6
3,6
3,6
3,6
3,6
3,6
3,7
3,7
3,7
3,7
3,7
3,7
3,7
3,7
3,7
3,7
3,7
3,7
3,7
3,7
3,7
3,7
3,7
3,7
3,7
3,7
3,7
3,7
3,7
3,7
3,7
3,7
3,7
3,7
3,7
3,7
3,7
3,7
3,7
3,7
3,7
3,7
3,7
3,7
3,7
3,7
3,7
3,7
3,7
3,7
3,7
3,7
3,7
3,7
3,7
3,7
3,7
3,7
3,7
3,7
3,7
3,7
3,5
3,5
3,5
3,5
3,5
3,5
3,5
3,5
3,5
3,5
3,5
3,5
3,5
3,5
3,5
3,5
3,5
3,5
3,5
3,5
3,5
3,5
3,5
3,5
3,5
3,5
3,5
3,5
3,5
3,5
3,5
3,5
3,5
3,5
3,5
3,5
3,5
3,5
3,5
3,5
3,5
3,5
3,5
3,5
3,5
3,5
3,5
3,5
3,5
3,5
3,5
3,5
3,5
3,5
3,5
3,5
3,5
3,5
3,5
3,5
3,5
3,5
3,5
3,5
3,5
3,5
3,5
3,5
3,5
3,5
3,5
3,5
3,5
3,5
3,5
3,5
3,5
3,5
3,5
3,5
3,5
3,5
3,5
3,5
3,5
3,5
3,5
3,5
3,5
3,5
3,5
3,5
3,5
3,5
3,5
3,5
3,5
3,5
3,5
3,5
3,5
3,5
3,5
3,5
3,5
3,5
3,5
3,5
3,5
3,5
3,5
3,5
3,6
3,6
3,6
3,6
3,6
3,6
3,6
3,6
3,6
3,6
3,6
3,6
3,6
3,6
3,6
3,6
3,6
3,6
3,6
3,6
3,7
3,7
3,7
3,7
3,7
3,7
3,7
3,7
3,7
3,7
3,7
3,7
3,7
3,7
3,7
3,7
3,7
3,7
3,7
3,7
3,7
3,7
3,7
3,7
3,7
3,7
3,7
3,7
3,7
3,7
3,7
3,7
3,7
3,7
3,7
3,7
3,7
3,7
3,7
3,7
3,7
3,7
3,7
3,7
3,7
3,7
3,7
3,7
3,7
3,7
3,7
3,7
3,7
3,7
3,7
3,7
3,7
3,7
3,7
3,7
3,5
3,5
3,5
3,5
3,5
3,5
3,5
3,5
3,5
3,5
3,5
3,5
3,5
3,5
3,5
3,5
3,5
3,5
3,5
3,5
3,5
3,5
3,5
3,5
3,5
3,5
3,5
3,5
3,5
3,5
3,5
3,5
3,5
3,5
3,5
3,5
3,5
3,5
3,5
3,5
3,5
3,5
3,5
3,5
3,5
3,5
3,5
3,5
3,5
3,5
3,5
3,5
3,5
3,5
3,5
3,5
3,5
3,5
3,5
3,5
3,5
3,5
3,5
3,5
3,5
3,5
3,5
3,5
3,5
3,5
3,5
3,5
3,5
3,5
3,5
3,5
3,5
3,5
3,5
3,5
3,5
3,5
3,5
3,5
3,5
3,5
3,5
3,5
3,5
3,5
3,5
3,5
3,5
3,5
3,5
3,5
3,6
3,6
3,6
3,6
3,6
3,6
3,6
3,6
3,6
3,6
3,6
3,6
3,6
3,6
3,6
3,6
3,6
3,6
3,6
3,6
3,6
3,6
3,6
3,6
3,6
3,6
3,6
3,6
3,6
3,6
3,6
3,6
3,6
3,6
3,6
3,6
3,6
3,6
3,6
3,6
3,6
3,6
3,6
3,6
3,6
3,6
3,6
3,6
3,6
3,6
3,6
3,6
3,7
3,7
3,7
3,7
3,7
3,7
3,7
3,7
3,7
3,7
3,7
3,7
3,7
3,7
3,7
3,7
3,7
3,7
3,7
3,7
3,7
3,7
3,7
3,7
3,7
3,7
3,7
3,7
3,7
3,7
3,7
3,7
3,7
3,7
3,7
3,7
3,7
3,7
3,7
3,7
3,7
3,7
3,7
3,7
3,7
3,7
3,7
3,7
3,7
3,7
3,7
3,7
3,7
3,7
3,7
3,7
3,7
3,7
3,7
3,7
3,7
3,7
3,7
3,7
3,7
3,7
3,7
3,7
3,5
3,5
3,5
3,5
3,5
3,5
3,5
3,5
3,5
3,5
3,5
3,5
3,5
3,5
3,5
3,5
3,5
3,5
3,5
3,5
3,5
3,5
3,5
3,5
3,5
3,5
3,5
3,5
3,5
3,5
3,5
3,5
3,5
3,5
3,5
3,5
3,5
3,5
3,5
3,5
3,5
3,5
3,5
3,5
3,5
3,5
3,5
3,5
3,5
3,5
3,5
3,5
3,5
3,5
3,5
3,5
3,5
3,5
3,5
3,5
3,5
3,5
3,5
3,5
3,5
3,5
3,5
3,5
3,5
3,5
3,5
3,5
3,6
3,6
3,6
3,6
3,6
3,6
3,6
3,6
3,6
3,6
3,6
3,6
3,6
3,6
3,6
3,6
3,6
3,6
3,6
3,6
3,6
3,6
3,6
3,6
3,6
3,6
3,6
3,6
3,6
3,6
3,6
3,6
3,6
3,6
3,6
3,6
3,6
3,6
3,6
3,6
3,6
3,6
3,6
3,6
3,6
3,6
3,6
3,6
3,7
3,7
3,7
3,7
3,7
3,7
3,7
3,7
3,7
3,7
3,7
3,7
3,7
3,7
3,7
3,7
3,7
3,7
3,7
3,7
3,7
3,7
3,7
3,7
3,7
3,7
3,7
3,7
3,7
3,7
3,7
3,7
3,7
3,7
3,7
3,7
3,7
3,7
3,7
3,7
3,7
3,7
3,7
3,7
3,7
3,7
3,7
3,7
3,7
3,7
3,7
3,7
3,7
3,7
3,7
3,7
3,7
3,7
3,7
3,7
3,7
3,7
3,7
3,7
3,7
3,7
3,7
3,7
3,7
3,7
3,7
3,7
3,7
3,7
3,7
3,7
3,7
3,7
3,7
3,7
3,8
3,8
3,8
3,8
3,8
3,8
4,8
4,8
4,8
4,8
4,8
4,8
4,8
4,8
4,8
4,8
4,8
4,8
4,8
4,8
4,8
4,8
4,8
4,8
4,8
4,8
4,8
4,8
4,8
4,8
4,8
4,8
4,8
4,8
4,8
4,8
4,8
4,8
4,8
4,8
4,8
4,8
4,8
4,8
4,8
4,8
4,8
4,8
4,8
4,8
4,8
4,8
4,8
4,8
4,8
4,8
4,8
4,8
4,8
4,8
4,8
4,8
4,8
4,8
4,8
4,8
4,8
4,8
4,8
4,8
4,8
4,8
4,8
4,8
4,8
4,8
4,8
4,8
4,8
4,8
4,8
4,8
4,8
4,8
4,8
4,8
4,8
4,8
4,8
4,8
4,8
4,8
4,8
4,8
4,8
4,8
4,8
4,8
4,8
4,8
4,8
4,8
4,8
4,8
4,8
4,8
4,8
4,8
4,8
4,8
4,8
4,8
4,8
4,8
4,8
4,8
4,8
4,8
4,8
4,8
4,8
4,8
4,8
4,8
4,8
4,8
4,8
4,8
4,8
4,8
4,8
4,8
4,8
4,8
4,8
4,8
4,8
4,8
4,8
4,8
4,8
4,8
4,8
4,8
4,8
4,8
4,8
4,8
4,8
4,8
4,8
4,8
4,8
4,8
4,8
4,8
4,8
4,8
4,8
4,8
4,8
4,8
4,8
4,8
4,8
4,8
4,8
4,8
4,8
4,8
4,8
4,8
4,8
4,8
4,8
4,8
4,8
4,8
4,8
4,8
4,8
4,8
4,8
4,8
4,8
4,8
4,8
4,8
4,8
4,8
4,8
4,8
4,8
4,8
4,8
4,8
4,8
4,8
4,8
4,8
4,8
4,8
4,8
4,8
4,8
4,8
4,8
4,8
4,8
4,8
4,8
4,8
4,8
4,8
4,8
4,8
4,8
4,8
4,8
4,8
4,8
4,8
4,8
4,8
4,8
4,8
4,8
4,8
4,8
4,8
4,8
4,8
4,8
4,8
4,8
4,8
4,8
4,8
4,8
4,8
4,8
4,8
4,8
4,8
4,8
4,8
4,8
4,8
4,8
4,8
4,8
4,8
4,8
4,8
4,8
4,8
4,8
4,8
4,8
4,8
4,8
4,8
4,8
4,8
4,8
4,8
4,8
4,8
4,8
4,8
4,8
4,8
4,8
4,8
4,8
4,8
4,8
4,8
4,8
4,8
4,8
4,8
4,8
4,8
4,8
4,8
4,8
4,8
4,8
4,8
4,8
4,8
4,8
4,8
4,8
4,8
4,8
4,8
4,8
4,8
4,8
4,8
4,8
4,8
4,8
4,8
4,8
4,8
4,8
4,8
4,8
4,8
4,8
4,8
4,8
4,8
4,8
4,8
4,8
4,8
4,8
4,8
4,8
4,8
4,8
4,8
4,8
4,8
4,8
4,8
4,8
4,8
4,8
4,8
4,8
4,8
4,8
4,8
4,8
4,8
4,8
4,8
4,8
4,8
4,8
4,8
4,8
4,8
4,8
4,8
4,8
4,8
4,8
4,8
4,8
4,8
4,8
4,8
4,8
4,8
4,8
4,8
4,8
4,8
4,8
4,8
4,8
4,8
4,8
4,8
4,8
4,8
4,8
4,8
4,8
4,8
4,8
4,8
4,8
4,8
4,8
4,8
4,8
4,8
4,8
4,8
4,8
4,8
4,8
4,8
4,8
4,8
4,8
4,8
4,8
4,8
4,8
4,8
4,8
4,8
4,8
4,8
4,8
4,8
4,8
4,8
4,8
4,8
4,8
4,8
4,8
4,8
4,8
4,8
4,8
4,8
4,8
4,8
4,8
4,8
4,8
4,8
4,8
4,8
4,8
4,8
4,8
4,8
4,8
4,8
4,8
4,8
4,8
4,8
4,8
4,8
4,8
4,8
4,8
4,8
4,8
4,8
4,8
4,8
4,8
4,8
4,8
4,8
4,8
4,8
4,8
4,8
4,8
4,8
4,8
4,8
4,8
4,8
4,8
4,8
4,8
4,8
4,8
4,8
4,8
4,8
4,8
4,8
4,8
4,8
4,8
4,8
4,8
4,8
4,8
4,8
4,8
4,8
4,8
4,8
4,8
4,8
4,8
4,8
4,8
4,8
4,8
4,8
4,8
4,8
4,8
4,8
4,8
4,8
4,8
4,8
4,8
4,8
4,8
4,8
4,8
4,8
4,8
4,8
4,8
4,8
4,8
4,8
4,8
4,8
4,8
4,8
4,8
4,8
4,8
4,8
4,8
4,8
4,8
4,8
4,8
4,8
4,8
4,8
4,8
4,8
4,8
4,8
4,8
4,8
4,8
4,8
4,8
4,8
4,8
4,8
4,8
4,8
4,8
4,8
4,8
4,8
4,8
4,8
4,8
4,8
4,8
4,8
4,8
4,8
4,8
4,8
4,8
4,8
4,8
4,8
4,8
4,8
4,8
4,8
4,8
4,8
4,8
4,8
4,8
4,8
4,8
4,8
4,8
4,8
4,8
4,8
4,8
4,8
4,8
4,8
4,8
4,8
4,8
4,8
4,8
4,8
4,8
4,8
4,8
4,8
4,8
4,8
4,8
4,8
4,8
4,8
4,8
4,8
4,8
4,8
4,8
4,8
4,8
4,8
4,8
4,8
4,8
4,8
4,8
4,8
4,8
4,8
4,8
4,8
4,8
4,8
4,8
4,8
4,8
4,8
4,8
4,8
4,8
4,8
4,8
4,8
4,8
4,8
4,8
4,8
4,8
4,8
4,8
4,8
4,8
4,8
4,8
4,8
4,8
4,8
4,8
4,8
4,8
4,8
4,8
4,8
4,8
4,8
4,8
4,8
4,8
4,8
4,8
4,8
4,8
4,8
4,8
4,8
4,8
4,8
4,8
4,8
4,8
4,8
4,8
4,8
4,8
4,8
4,8
4,8
4,8
4,8
4,8
4,8
4,8
4,8
4,8
4,8
4,8
4,8
4,8
4,8
4,8
4,8
4,8
4,8
4,8
4,8
4,8
4,8
4,8
4,8
4,8
4,8
4,8
4,8
4,8
4,8
4,8
4,8
4,8
4,8
4,8
4,8
4,8
4,8
4,8
4,8
4,8
4,8
4,8
4,8
4,8
4,8
4,8
4,8
4,8
4,8
4,8
4,8
4,8
4,8
4,8
4,8
4,8
4,8
4,8
4,8
4,8
4,8
4,8
4,8
4,8
4,8
4,8
4,8
4,8
4,8
4,8
4,8
4,8
4,8
4,8
4,8
4,8
4,8
4,8
4,8
4,8
4,8
4,8
4,8
4,8
4,8
4,8
4,8
4,8
4,8
4,8
4,8
4,8
4,8
4,8
4,8
4,8
4,8
4,8
4,8
4,8
4,8
4,8
4,8
4,8
4,8
4,8
4,8
4,8
4,8
4,8
4,8
4,8
4,8
4,8
4,8
4,8
4,8
4,8
4,8
4,8
4,8
4,8
4,8
4,8
4,8
4,8
4,8
4,8
4,8
4,8
4,8
4,8
4,8
4,8
4,8
4,8
4,8
4,8
4,8
4,8
4,8
4,8
4,8
4,8
4,8
4,8
4,8
4,8
4,8
4,8
4,8
4,8
4,8
4,8
4,8
4,8
4,8
4,8
4,8
4,8
4,8
4,8
4,8
4,8
4,8
4,8
4,8
4,8
4,8
4,8
4,8
4,8
4,8
4,8
4,8
4,8
4,8
4,8
4,8
4,8
4,8
4,8
4,8
4,8
4,8
4,8
4,8
4,8
4,8
4,8
4,8
4,8
4,8
4,8
4,8
4,8
4,8
4,8
4,8
4,8
4,8
4,8
4,8
4,8
4,8
4,8
4,8
4,8
4,8
4,8
4,8
4,8
4,8
4,8
4,8
4,8
4,8
4,8
4,8
4,8
4,8
4,8
4,8
4,8
4,8
4,8
4,8
4,8
4,8
4,8
4,8
4,8
4,8
4,8
4,8
4,8
4,8
4,8
4,8
4,8
4,8
4,8
4,8
4,8
4,8
4,8
4,8
4,8
4,8
4,8
4,8
4,8
4,8
4,8
4,8
4,8
4,8
4,8
4,8
4,8
4,8
4,8
4,8
4,8
4,8
4,8
4,8
4,8
4,8
4,8
4,8
4,8
4,8
4,8
4,8
4,8
4,8
4,8
4,8
4,8
4,8
4,8
4,8
4,8
4,8
4,8
4,8
4,8
4,8
4,8
4,8
4,8
4,8
4,8
4,8
4,8
4,8
4,8
4,8
4,8
4,8
4,8
4,8
4,8
4,8
4,8
4,8
4,8
4,8
4,8
4,8
4,8
4,8
4,8
4,8
4,8
4,8
4,8
4,8
4,8
4,8
4,8
4,8
4,8
4,8
4,8
4,8
4,8
4,8
4,8
4,8
4,8
4,8
4,8
4,8
4,8
4,8
4,8
4,8
4,8
4,8
2,8
2,8
2,8
2,8
2,8
2,8
2,8
2,8
2,8
2,8
2,3
2,3
2,3
2,3
2,3
2,3
2,3
2,3
2,3
2,3
2,3
2,3
2,3
2,3
2,3
2,3
2,3
2,3
2,3
2,3
2,3
2,3
2,3
2,3
2,3
2,3
2,3
2,3
2,3
2,3
2,3
2,3
2,3
2,3
2,3
2,3
2,3
2,3
2,3
2,3
2,3
2,3
2,3
2,3
2,3
2,3
2,3
2,3
2,3
2,3
2,3
2,3
2,3
2,3
2,3
2,3
2,3
2,3
2,3
2,3
2,3
2,3
2,3
2,3
2,3
2,3
2,3
2,3
2,3
2,3
2,3
2,3
2,3
2,3
2,3
2,3
2,3
2,3
2,3
2,3
2,3
2,3
2,3
2,3
2,3
2,3
2,3
2,3
2,3
2,3
2,3
2,3
2,3
2,3
2,3
2,3
2,3
2,3
2,3
2,3
2,3
2,3
2,3
2,3
2,3
2,3
2,3
2,3
2,3
2,3
2,3
2,3
2,3
2,3
2,3
2,3
2,3
2,3
2,3
2,3
2,3
2,3
2,3
2,3
2,3
2,3
2,3
2,3
2,4
2,4
2,4
2,4
2,4
2,4
2,4
2,4
2,4
2,4
2,4
2,4
2,4
2,4
2,4
2,4
2,4
2,4
2,4
2,4
2,4
2,4
2,4
2,4
2,4
2,4
2,4
2,4
2,4
2,4
2,4
2,4
2,4
2,4
2,4
2,4
2,4
2,4
2,4
2,4
2,4
2,4
2,4
2,4
2,4
2,4
2,4
2,4
2,4
2,4
2,4
2,4
2,4
2,4
2,4
2,4
2,4
2,4
2,4
2,4
2,4
2,4
2,4
2,4
2,4
2,4
2,4
2,4
2,4
2,4
2,4
2,4
2,4
2,4
2,4
2,4
2,4
2,4
2,4
2,4
2,4
2,4
2,4
2,4
2,4
2,4
2,4
2,4
2,4
2,4
2,4
2,4
2,4
2,4
2,4
2,4
2,4
2,4
2,4
2,4
2,4
2,4
2,4
2,4
2,4
2,4
2,4
2,4
2,4
2,4
2,4
2,4
2,4
2,4
2,4
2,4
2,4
2,4
2,4
2,4
2,3
2,3
2,3
2,3
2,3
2,3
2,3
2,3
2,3
2,3
2,3
2,3
2,3
2,3
2,3
2,3
2,3
2,3
2,3
2,3
2,3
2,3
2,3
2,3
2,3
2,3
2,3
2,3
2,3
2,3
2,3
2,3
2,3
2,3
2,3
2,3
2,3
2,3
2,3
2,3
2,3
2,3
2,3
2,3
2,3
2,3
2,3
2,3
2,3
2,3
2,3
2,3
2,3
2,3
2,3
2,3
2,3
2,3
2,3
2,3
2,3
2,3
2,3
2,3
2,3
2,3
2,3
2,3
2,3
2,3
2,3
2,3
2,3
2,3
2,3
2,3
2,3
2,3
2,3
2,3
2,3
2,3
2,3
2,3
2,3
2,3
2,3
2,3
2,3
2,3
2,3
2,3
2,3
2,3
2,3
2,3
2,4
2,4
2,4
2,4
2,4
2,4
2,4
2,4
2,4
2,4
2,4
2,4
2,4
2,4
2,4
2,4
2,4
2,4
2,4
2,4
2,4
2,4
2,4
2,4
2,4
2,4
2,4
2,4
2,4
2,4
2,4
2,4
2,4
2,4
2,4
2,4
2,4
2,4
2,4
2,4
2,4
2,4
2,4
2,4
2,4
2,4
2,4
2,4
2,4
2,4
2,4
2,4
2,4
2,4
2,4
2,4
2,4
2,4
2,4
2,4
2,4
2,4
2,4
2,4
2,4
2,4
2,4
2,4
2,4
2,4
2,4
2,4
2,4
2,4
2,4
2,4
2,4
2,4
2,4
2,4
2,4
2,4
2,4
2,4
2,4
2,4
2,4
2,4
2,4
2,4
2,4
2,4
2,4
2,4
2,4
2,4
2,3
2,3
2,3
2,3
2,3
2,3
2,3
2,3
2,3
2,3
2,3
2,3
2,3
2,3
2,3
2,3
2,3
2,3
2,3
2,3
2,3
2,3
2,3
2,3
2,3
2,3
2,3
2,3
2,3
2,3
2,3
2,3
2,3
2,3
2,3
2,3
2,3
2,3
2,3
2,3
2,3
2,3
2,3
2,3
2,3
2,3
2,3
2,3
2,3
2,3
2,3
2,3
2,3
2,3
2,3
2,3
2,3
2,3
2,3
2,3
2,3
2,3
2,3
2,3
2,3
2,3
2,3
2,3
2,3
2,3
2,3
2,3
2,3
2,3
2,3
2,3
2,3
2,3
2,3
2,3
2,3
2,3
2,3
2,3
2,3
2,3
2,3
2,3
2,3
2,3
2,3
2,3
2,3
2,3
2,3
2,3
2,4
2,4
2,4
2,4
2,4
2,4
2,4
2,4
2,4
2,4
2,4
2,4
2,4
2,4
2,4
2,4
2,4
2,4
2,4
2,4
2,4
2,4
2,4
2,4
2,4
2,4
2,4
2,4
2,4
2,4
2,4
2,4
2,4
2,4
2,4
2,4
2,4
2,4
2,4
2,4
2,4
2,4
2,4
2,4
2,4
2,4
2,4
2,4
2,4
2,4
2,4
2,4
2,4
2,4
2,4
2,4
2,4
2,4
2,4
2,4
2,4
2,4
2,4
2,4
2,4
2,4
2,4
2,4
2,4
2,4
2,4
2,4
2,4
2,4
2,4
2,4
2,4
2,4
2,4
2,4
2,4
2,4
2,4
2,4
2,4
2,4
2,4
2,4
2,4
2,4
2,4
2,4
2,4
2,4
2,4
2,4
2,4
2,4
2,4
2,4
2,4
2,4
2,4
2,4
2,4
2,4
2,4
2,4
2,4
2,4
2,4
2,4
2,4
2,4
2,4
2,4
2,4
2,4
2,4
2,4
2,4
2,4
2,4
2,4
2,4
2,4
2,4
2,4
2,3
2,3
2,3
2,3
2,3
2,3
2,3
2,3
2,3
2,3
2,3
2,3
2,3
2,3
2,3
2,3
2,3
2,3
2,3
2,3
2,3
2,3
2,3
2,3
2,3
2,3
2,3
2,3
2,3
2,3
2,3
2,3
2,3
2,3
2,3
2,3
2,3
2,3
2,3
2,3
2,3
2,3
2,3
2,3
2,3
2,3
2,3
2,3
2,3
2,3
2,3
2,3
2,3
2,3
2,3
2,3
2,3
2,3
2,3
2,3
2,3
2,3
2,3
2,3
2,3
2,3
2,3
2,3
2,3
2,3
2,3
2,3
2,3
2,3
2,3
2,3
2,4
2,4
2,4
2,4
2,4
2,4
2,4
2,4
2,4
2,4
2,4
2,4
2,4
2,4
2,4
2,4
2,4
2,4
2,4
2,4
2,4
2,4
2,4
2,4
2,4
2,4
2,4
2,4
2,4
2,4
2,4
2,4
2,4
2,4
2,4
2,4
2,4
2,4
2,4
2,4
2,4
2,4
2,4
2,4
2,4
2,4
2,4
2,4
2,4
2,4
2,4
2,4
2,4
2,4
2,4
2,4
2,4
2,4
2,4
2,4
2,4
2,4
2,4
2,4
2,4
2,4
2,4
2,4
2,4
2,4
2,4
2,4
2,4
2,4
2,4
2,4
2,4
2,4
2,4
2,4
2,4
2,4
2,4
2,4
2,4
2,4
2,4
2,4
2,4
2,4
2,4
2,4
2,4
2,4
2,4
2,4
2,4
2,4
2,4
2,4
2,4
2,4
2,4
2,4
2,4
2,4
2,4
2,4
2,3
2,3
2,3
2,3
2,3
2,3
2,3
2,3
2,3
2,3
2,3
2,3
2,3
2,3
2,3
2,3
2,3
2,3
2,3
2,3
2,3
2,3
2,3
2,3
2,3
2,3
2,3
2,3
2,3
2,3
2,3
2,3
2,3
2,3
2,3
2,3
2,3
2,3
2,3
2,3
2,3
2,3
2,3
2,3
2,3
2,3
2,3
2,3
2,3
2,3
2,3
2,3
2,3
2,3
2,3
2,3
2,3
2,3
2,3
2,3
2,3
2,3
2,3
2,3
2,3
2,3
2,3
2,3
2,3
2,3
2,3
2,3
2,3
2,3
2,3
2,3
2,3
2,3
2,3
2,3
2,3
2,3
2,3
2,3
2,3
2,3
2,3
2,3
2,3
2,3
2,3
2,3
2,3
2,3
2,3
2,3
2,3
2,3
2,3
2,3
2,3
2,3
2,3
2,3
2,3
2,3
2,3
2,3
2,3
2,3
2,3
2,3
2,3
2,3
2,3
2,3
2,3
2,3
2,3
2,3
2,2
2,2
2,2
2,2
2,2
2,2
2,2
2,2
2,2
2,2
2,2
2,2
2,2
2,2
2,2
2,2
2,2
2,2
2,2
2,2
2,2
2,2
1,2
1,2
1,2
1,2
1,2
1,2
1,2
1,2
1,2
1,2
1,2
1,2
1,2
1,2
1,2
1,2
1,2
1,2
1,2
1,2
1,2
1,2
1,2
1,2
1,2
1,2
1,2
1,2
1,2
1,2
1,2
1,2
1,2
1,2
1,2
1,2
1,2
1,2
1,2
1,2
1,2
1,2
1,2
1,2
1,2
1,2
1,2
1,2
1,2
1,2
1,2
1,2
1,2
1,2
1,2
1,2
1,2
1,2
1,2
1,2
1,2
1,2
1,2
1,2
1,2
1,2
1,2
1,2
1,2
1,2
1,2
1,2
1,2
1,2
1,2
1,2
1,2
1,2
1,2
1,2
1,2
1,2
1,2
1,2
1,2
1,2
1,2
1,2
1,2
1,2
1,2
1,2
1,2
1,2
1,2
1,2
1,2
1,2
1,2
1,2
1,2
1,2
1,2
1,2
1,2
1,2
1,2
1,2
1,2
1,2
1,2
1,2
1,2
1,2
1,2
1,2
1,2
1,2
1,2
1,2
1,2
1,2
1,2
1,2
1,2
1,2
1,2
1,2
1,2
1,2
1,2
1,2
1,2
1,2
1,2
1,2
1,2
1,2
1,2
1,2
1,2
1,2
1,2
1,2
1,2
1,2
1,2
1,2
1,2
1,2
1,2
1,2
1,2
1,2
1,2
1,2
1,2
1,2
1,2
1,2
1,2
1,2
1,2
1,2
1,2
1,2
1,2
1,2
1,2
1,2
1,2
1,2
1,2
1,2
1,2
1,2
1,2
1,2
1,2
1,2
1,2
1,2
1,2
1,2
1,2
1,2
1,2
1,2
1,2
1,2
1,2
1,2
1,2
1,2
1,2
1,2
1,2
1,2
1,2
1,2
1,2
1,2
1,2
1,2
1,2
1,2
1,2
1,2
1,2
1,2
1,2
1,2
1,2
1,2
1,2
1,2
1,2
1,2
1,2
1,2
1,2
1,2
1,2
1,2
1,2
1,2
1,2
1,2
1,2
1,2
1,2
1,2
1,2
1,2
1,2
1,2
1,2
1,2
1,2
1,2
1,2
1,2
1,2
1,2
1,2
1,2
1,2
1,2
1,2
1,2
1,2
1,2
1,2
1,2
1,2
1,2
1,2
1,2
1,2
1,2
1,2
1,2
1,2
1,2
1,2
1,2
1,2
1,2
1,2
1,2
1,2
1,2
1,2
1,2
1,2
1,2
1,2
1,2
1,2
1,2
1,2
1,2
1,2
1,2
1,2
1,2
1,2
1,2
1,2
1,2
1,2
1,2
1,2
1,2
1,2
1,2
1,2
1,2
1,2
1,2
1,2
1,2
1,2
1,2
1,2
1,2
1,2
1,2
1,2
1,2
1,2
1,2
1,2
1,2
1,2
1,2
1,2
1,2
1,2
1,2
1,2
1,2
1,2
1,2
1,2
1,2
1,2
1,2
1,2
1,2
1,2
1,2
1,2
1,2
1,2
1,2
1,2
1,2
1,2
1,2
1,2
1,2
1,2
1,2
1,2
1,2
1,2
1,2
1,2
1,2
1,2
1,2
1,2
1,2
1,2
1,2
1,2
1,2
1,2
1,2
1,2
1,2
1,2
1,2
1,2
1,2
1,2
1,2
1,2
1,2
1,2
1,2
1,2
1,2
1,2
1,2
1,2
1,2
1,2
1,2
1,2
1,2
1,2
1,2
1,2
1,2
1,2
1,2
1,2
1,2
1,2
1,2
1,2
1,2
1,2
1,2
1,2
1,2
1,2
1,2
1,2
1,2
1,2
1,2
1,2
1,2
1,2
1,2
1,2
1,2
1,2
1,2
1,2
1,2
1,2
1,2
1,2
1,2
1,2
1,2
1,2
1,2
1,2
1,2
1,2
1,2
1,2
1,2
1,2
1,2
1,2
1,2
1,2
1,2
1,2
1,2
1,2
1,2
1,2
1,2
1,2
1,2
1,2
1,2
1,2
1,2
1,2
1,2
1,2
1,2
1,2
1,2
1,2
1,2
1,2
1,2
1,2
1,2
1,2
1,2
1,2
1,2
1,2
1,2
1,2
1,2
1,2
1,2
1,2
1,2
1,2
1,2
1,2
1,2
1,2
1,2
1,2
1,2
1,2
1,2
1,2
1,2
1,2
1,2
1,2
1,2
1,2
1,2
1,2
1,2
1,2
1,2
1,2
1,2
1,2
1,2
1,2
1,2
1,2
1,2
1,2
1,2
1,2
1,2
1,2
1,2
1,2
1,2
1,2
1,2
1,2
1,2
1,2
1,2
1,2
1,2
1,2
1,2
1,2
1,2
1,2
1,2
1,2
1,2
1,2
1,2
1,2
1,2
1,2
1,2
1,2
1,2
1,2
1,2
1,2
1,2
1,2
1,2
1,2
1,2
1,2
1,2
1,2
1,2
1,2
1,2
1,2
1,2
1,2
1,2
1,2
1,2
1,2
1,2
1,2
1,2
1,2
1,2
1,2
1,2
1,2
1,2
1,2
1,2
1,2
1,2
1,2
1,2
1,2
1,2
1,2
1,2
1,2
1,2
1,2
1,2
1,2
1,2
1,2
1,2
1,2
1,2
1,2
1,2
1,2
1,2
1,2
1,2
1,2
1,2
1,2
1,2
1,2
1,2
1,2
1,2
1,2
1,2
1,2
1,2
1,2
1,2
1,2
1,2
1,2
1,2
1,2
1,2
1,2
1,2
1,2
1,2
1,2
1,2
1,2
1,2
1,2
1,2
1,2
1,2
1,2
1,2
1,2
1,2
1,2
1,2
1,2
1,2
1,2
1,2
1,2
1,2
1,2
1,2
1,2
1,2
1,2
1,2
1,2
1,2
1,2
1,2
1,2
1,2
1,2
1,2
1,2
1,2
1,2
1,2
1,2
1,2
1,2
1,2
1,2
1,2
1,2
1,2
1,2
1,2
1,2
1,2
1,2
1,2
1,2
1,2
1,2
1,2
1,2
1,2
1,2
1,2
1,2
1,2
1,2
1,2
1,2
1,2
1,2
1,2
1,2
1,2
1,2
1,2
1,2
1,2
1,2
1,2
1,2
1,2
1,2
1,2
1,2
1,2
1,2
1,2
1,2
1,2
1,2
1,2
1,2
1,2
1,2
1,2
1,2
1,2
1,2
1,2
1,2
1,2
1,2
1,2
1,2
1,2
1,2
1,2
1,2
1,2
1,2
1,2
1,2
1,2
1,2
1,2
1,2
1,2
1,2
1,2
1,2
1,2
1,2
1,2
1,2
1,2
1,2
1,2
1,2
1,2
1,2
1,2
1,2
1,2
1,2
1,2
1,2
1,2
1,2
1,2
1,2
1,2
1,2
1,2
1,2
1,2
1,2
1,2
1,2
1,2
1,2
1,2
1,2
1,2
1,2
1,2
1,2
1,2
1,2
1,2
1,2
1,2
1,2
1,2
1,2
1,2
1,2
1,2
1,2
1,2
1,2
1,2
1,2
1,2
1,2
1,2
1,2
1,2
1,2
1,2
1,2
1,2
1,2
1,2
1,2
1,2
1,2
1,2
1,2
1,2
1,2
1,2
1,2
1,2
1,2
1,2
1,2
1,2
1,2
1,2
1,2
1,2
1,2
1,2
1,2
1,2
1,2
1,2
1,2
1,2
1,2
1,2
1,2
1,2
1,2
1,2
1,2
1,2
1,2
1,2
1,2
1,2
1,2
1,2
1,2
1,2
1,2
1,2
1,2
1,2
1,2
1,2
1,2
1,2
1,2
1,2
1,2
1,2
1,2
1,2
1,2
1,2
1,2
1,2
1,2
1,2
1,2
1,2
1,2
1,2
1,2
1,2
1,2
1,2
1,2
1,2
1,2
1,2
1,2
1,2
1,2
1,2
1,2
1,2
1,2
1,2
1,2
1,2
1,2
1,2
1,2
1,2
1,2
1,2
1,2
1,2
1,2
1,2
1,2
1,2
1,2
1,2
1,2
1,2
1,2
1,2
1,2
1,2
1,2
1,2
1,2
1,2
1,2
1,2
1,2
1,2
1,2
1,2
1,2
1,2
1,2
1,2
1,2
1,2
1,2
1,2
1,2
1,2
1,2
1,2
1,2
1,2
1,2
1,2
1,2
1,2
1,2
1,2
1,2
1,2
1,2
1,2
1,2
1,2
1,2
1,2
1,2
1,2
1,2
1,2
1,2
1,2
1,2
1,2
1,2
1,2
1,2
1,2
1,2
1,2
1,2
1,2
1,2
1,2
1,2
1,2
1,2
1,2
1,2
1,2
1,2
1,2
1,2
1,2
1,2
1,2
1,2
1,2
1,2
1,2
1,2
1,2
1,2
1,2
1,2
1,2
1,2
1,2
1,2
1,2
1,2
1,2
1,2
1,2
1,2
1,2
1,2
1,2
1,2
1,2
1,2
1,2
1,2
1,2
1,2
1,2
1,2
1,2
1,2
1,2
1,2
1,2
3,2
3,2
3,2
3,2
3,2
3,2
3,2
3,2
3,2
3,2
3,2
3,2
3,2
3,2
3,2
3,2
3,2
3,2
3,2
3,2
3,2
3,2
3,2
3,2
3,2
3,2
3,5
3,5
3,5
3,5
3,5
3,5
3,5
3,5
3,5
3,5
3,5
3,5
3,5
3,5
3,5
3,5
3,5
3,5
3,5
3,5
3,5
3,5
3,5
3,5
3,5
3,5
3,5
3,5
3,5
3,5
3,5
3,5
3,5
3,5
3,5
3,5
3,5
3,5
3,5
3,5
3,5
3,5
3,5
3,5
3,5
3,5
3,5
3,5
3,5
3,5
3,5
3,5
3,5
3,5
3,5
3,5
3,6
3,6
3,6
3,6
3,6
3,6
3,6
3,6
3,6
3,6
3,6
3,6
3,6
3,6
3,6
3,6
3,6
3,6
3,6
3,6
3,6
3,6
3,6
3,6
3,6
3,6
3,6
3,6
3,6
3,6
3,6
3,6
3,6
3,6
3,6
3,6
3,7
3,7
3,7
3,7
3,7
3,7
3,7
3,7
3,7
3,7
3,7
3,7
3,7
3,7
3,7
3,7
3,7
3,7
3,7
3,7
3,7
3,7
3,7
3,7
3,7
3,7
3,7
3,7
3,7
3,7
3,7
3,7
3,7
3,7
3,7
3,7
3,7
3,7
3,7
3,7
3,7
3,7
3,7
3,7
3,7
3,7
3,7
3,7
3,7
3,7
3,7
3,7
3,7
3,7
3,7
3,7
3,7
3,7
3,7
3,7
3,5
3,5
3,5
3,5
3,5
3,5
3,5
3,5
3,5
3,5
3,5
3,5
3,5
3,5
3,5
3,5
3,5
3,5
3,5
3,5
3,5
3,5
3,5
3,5
3,5
3,5
3,5
3,5
3,5
3,5
3,5
3,5
3,5
3,5
3,5
3,5
3,5
3,5
3,5
3,5
3,5
3,5
3,5
3,5
3,5
3,5
3,5
3,5
3,5
3,5
3,5
3,5
3,5
3,5
3,5
3,5
3,5
3,5
3,5
3,5
3,5
3,5
3,5
3,5
3,5
3,5
3,5
3,5
3,5
3,5
3,5
3,5
3,5
3,5
3,5
3,5
3,5
3,5
3,5
3,5
3,5
3,5
3,5
3,5
3,5
3,5
3,5
3,5
3,5
3,5
3,5
3,5
3,5
3,5
3,5
3,5
3,6
3,6
3,6
3,6
3,6
3,6
3,6
3,6
3,6
3,6
3,6
3,6
3,6
3,6
3,6
3,6
3,6
3,6
3,6
3,6
3,6
3,6
3,6
3,6
3,6
3,6
3,6
3,6
3,6
3,6
3,6
3,6
3,6
3,6
3,6
3,6
3,6
3,6
3,6
3,6
3,6
3,6
3,6
3,6
3,6
3,6
3,6
3,6
3,6
3,6
3,6
3,6
3,6
3,6
3,6
3,6
3,6
3,6
3,6
3,6
3,7
3,7
3,7
3,7
3,7
3,7
3,7
3,7
3,7
3,7
3,7
3,7
3,7
3,7
3,7
3,7
3,7
3,7
3,7
3,7
3,7
3,7
3,7
3,7
3,7
3,7
3,7
3,7
3,7
3,7
3,7
3,7
3,7
3,7
3,7
3,7
3,7
3,7
3,7
3,7
3,7
3,7
3,7
3,7
3,7
3,7
3,7
3,7
3,7
3,7
3,7
3,7
3,7
3,7
3,7
3,7
3,7
3,7
3,7
3,7
3,5
3,5
3,5
3,5
3,5
3,5
3,5
3,5
3,5
3,5
3,5
3,5
3,5
3,5
3,5
3,5
3,5
3,5
3,5
3,5
3,5
3,5
3,5
3,5
3,5
3,5
3,5
3,5
3,5
3,5
3,5
3,5
3,5
3,5
3,5
3,5
3,5
3,5
3,5
3,5
3,5
3,5
3,5
3,5
3,5
3,5
3,5
3,5
3,5
3,5
3,5
3,5
3,5
3,5
3,5
3,5
3,5
3,5
3,5
3,5
3,5
3,5
3,5
3,5
3,5
3,5
3,5
3,5
3,5
3,5
3,5
3,5
3,6
3,6
3,6
3,6
3,6
3,6
3,6
3,6
3,6
3,6
3,6
3,6
3,6
3,6
3,6
3,6
3,6
3,6
3,6
3,6
3,6
3,6
3,6
3,6
3,6
3,6
3,6
3,6
3,6
3,6
3,6
3,6
3,6
3,6
3,6
3,6
3,6
3,6
3,6
3,6
3,6
3,6
3,6
3,6
3,6
3,6
3,6
3,6
3,6
3,6
3,6
3,6
3,6
3,6
3,6
3,6
3,7
3,7
3,7
3,7
3,7
3,7
3,7
3,7
3,7
3,7
3,7
3,7
3,7
3,7
3,7
3,7
3,7
3,7
3,7
3,7
3,7
3,7
3,7
3,7
3,7
3,7
3,7
3,7
3,7
3,7
3,7
3,7
3,7
3,7
3,7
3,7
3,7
3,7
3,7
3,7
3,7
3,7
3,7
3,7
3,7
3,7
3,7
3,7
3,7
3,7
3,7
3,7
3,7
3,7
3,7
3,7
3,7
3,7
3,7
3,7
3,7
3,7
3,7
3,7
3,5
3,5
3,5
3,5
3,5
3,5
3,5
3,5
3,5
3,5
3,5
3,5
3,5
3,5
3,5
3,5
3,5
3,5
3,5
3,5
3,5
3,5
3,5
3,5
3,5
3,5
3,5
3,5
3,5
3,5
3,5
3,5
3,5
3,5
3,5
3,5
3,5
3,5
3,5
3,5
3,5
3,5
3,5
3,5
3,5
3,5
3,5
3,5
3,5
3,5
3,5
3,5
3,5
3,5
3,5
3,5
3,5
3,5
3,5
3,5
3,5
3,5
3,5
3,5
3,5
3,5
3,5
3,5
3,5
3,5
3,5
3,5
3,5
3,5
3,5
3,5
3,5
3,5
3,5
3,5
3,5
3,5
3,5
3,5
3,5
3,5
3,5
3,5
3,6
3,6
3,6
3,6
3,6
3,6
3,6
3,6
3,6
3,6
3,6
3,6
3,6
3,6
3,6
3,6
3,6
3,6
3,6
3,6
3,6
3,6
3,6
3,6
3,6
3,6
3,6
3,6
3,6
3,6
3,6
3,6
3,6
3,6
3,6
3,6
3,6
3,6
3,6
3,6
3,6
3,6
3,6
3,6
3,6
3,6
3,6
3,6
3,6
3,6
3,6
3,6
3,6
3,6
3,6
3,6
3,7
3,7
3,7
3,7
3,7
3,7
3,7
3,7
3,7
3,7
3,7
3,7
3,7
3,7
3,7
3,7
3,7
3,7
3,7
3,7
3,7
3,7
3,7
3,7
3,7
3,7
3,7
3,7
3,7
3,7
3,7
3,7
3,7
3,7
3,7
3,7
3,7
3,7
3,7
3,7
3,7
3,7
3,7
3,7
3,7
3,7
3,7
3,7
3,7
3,7
3,7
3,7
3,7
3,7
3,7
3,7
3,5
3,5
3,5
3,5
3,5
3,5
3,5
3,5
3,5
3,5
3,5
3,5
3,5
3,5
3,5
3,5
3,5
3,5
3,5
3,5
3,5
3,5
3,5
3,5
3,5
3,5
3,5
3,5
3,5
3,5
3,5
3,5
3,5
3,5
3,5
3,5
3,5
3,5
3,5
3,5
3,5
3,5
3,5
3,5
3,5
3,5
3,5
3,5
3,5
3,5
3,5
3,5
3,5
3,5
3,5
3,5
3,5
3,5
3,5
3,5
3,5
3,5
3,5
3,5
3,5
3,5
3,5
3,5
3,5
3,5
3,5
3,5
3,5
3,5
3,5
3,5
3,5
3,5
3,5
3,5
3,6
3,6
3,6
3,6
3,6
3,6
3,6
3,6
3,6
3,6
3,6
3,6
3,6
3,6
3,6
3,6
3,6
3,6
3,6
3,6
3,6
3,6
3,6
3,6
3,6
3,6
3,6
3,6
3,6
3,6
3,6
3,6
3,6
3,6
3,6
3,6
3,6
3,6
3,6
3,6
3,6
3,6
3,6
3,6
3,6
3,6
3,6
3,6
3,6
3,6
3,6
3,6
3,6
3,6
3,6
3,6
3,7
3,7
3,7
3,7
3,7
3,7
3,7
3,7
3,7
3,7
3,7
3,7
3,7
3,7
3,7
3,7
3,7
3,7
3,7
3,7
3,7
3,7
3,7
3,7
3,7
3,7
3,7
3,7
3,7
3,7
3,7
3,7
3,7
3,7
3,7
3,7
3,7
3,7
3,7
3,7
3,7
3,7
3,7
3,7
3,7
3,7
3,7
3,7
3,7
3,7
3,7
3,7
3,7
3,7
3,7
3,7
3,5
3,5
3,5
3,5
3,5
3,5
3,5
3,5
3,5
3,5
3,5
3,5
3,5
3,5
3,5
3,5
3,5
3,5
3,5
3,5
3,5
3,5
3,5
3,5
3,5
3,5
3,5
3,5
3,5
3,5
3,5
3,5
3,5
3,5
3,5
3,5
3,5
3,5
3,5
3,5
3,5
3,5
3,5
3,5
3,5
3,5
3,5
3,5
3,5
3,5
3,5
3,5
3,5
3,5
3,5
3,5
3,5
3,5
3,5
3,5
3,5
3,5
3,5
3,5
3,5
3,5
3,5
3,5
3,5
3,5
3,5
3,5
3,5
3,5
3,5
3,5
3,5
3,5
3,5
3,5
3,5
3,5
3,5
3,5
3,5
3,5
3,5
3,5
3,5
3,5
3,5
3,5
3,5
3,5
3,5
3,5
3,6
3,6
3,6
3,6
3,6
3,6
3,6
3,6
3,6
3,6
3,6
3,6
3,6
3,6
3,6
3,6
3,6
3,6
3,6
3,6
3,6
3,6
3,6
3,6
3,6
3,6
3,6
3,6
3,6
3,6
3,6
3,6
3,6
3,6
3,6
3,6
3,6
3,6
3,6
3,6
3,6
3,6
3,6
3,6
3,6
3,6
3,6
3,6
3,6
3,6
3,6
3,6
3,7
3,7
3,7
3,7
3,7
3,7
3,7
3,7
3,7
3,7
3,7
3,7
3,7
3,7
3,7
3,7
3,7
3,7
3,7
3,7
3,7
3,7
3,7
3,7
3,7
3,7
3,7
3,7
3,7
3,7
3,7
3,7
3,7
3,7
3,7
3,7
3,7
3,7
3,7
3,7
3,7
3,7
3,7
3,7
3,7
3,7
3,7
3,7
3,7
3,7
3,7
3,7
3,7
3,7
3,7
3,7
3,7
3,7
3,7
3,7
3,5
3,5
3,5
3,5
3,5
3,5
3,5
3,5
3,5
3,5
3,5
3,5
3,5
3,5
3,5
3,5
3,5
3,5
3,5
3,5
3,5
3,5
3,5
3,5
3,5
3,5
3,5
3,5
3,5
3,5
3,5
3,5
3,5
3,5
3,5
3,5
3,5
3,5
3,5
3,5
3,5
3,5
3,5
3,5
3,5
3,5
3,5
3,5
3,5
3,5
3,5
3,5
3,5
3,5
3,5
3,5
3,5
3,5
3,5
3,5
3,5
3,5
3,5
3,5
3,5
3,5
3,5
3,5
3,5
3,5
3,5
3,5
3,5
3,5
3,5
3,5
3,5
3,5
3,5
3,5
3,5
3,5
3,5
3,5
3,5
3,5
3,5
3,5
3,5
3,5
3,5
3,5
3,5
3,5
3,5
3,5
3,6
3,6
3,6
3,6
3,6
3,6
3,6
3,6
3,6
3,6
3,6
3,6
3,6
3,6
3,6
3,6
3,6
3,6
3,6
3,6
3,6
3,6
3,6
3,6
3,6
3,6
3,6
3,6
3,6
3,6
3,6
3,6
3,7
3,7
3,7
3,7
3,7
3,7
3,7
3,7
3,7
3,7
3,7
3,7
3,7
3,7
3,7
3,7
3,7
3,7
3,7
3,7
3,7
3,7
3,7
3,7
3,7
3,7
3,7
3,7
3,7
3,7
3,7
3,7
3,7
3,7
3,7
3,7
3,7
3,7
3,7
3,7
3,7
3,7
3,7
3,7
3,7
3,7
3,7
3,7
3,7
3,7
3,7
3,7
3,7
3,7
3,7
3,7
3,7
3,7
3,7
3,7
3,7
3,7
3,7
3,7
3,5
3,5
3,5
3,5
3,5
3,5
3,5
3,5
3,5
3,5
3,5
3,5
3,5
3,5
3,5
3,5
3,5
3,5
3,5
3,5
3,5
3,5
3,5
3,5
3,5
3,5
3,5
3,5
3,5
3,5
3,5
3,5
3,5
3,5
3,5
3,5
3,5
3,5
3,5
3,5
3,5
3,5
3,5
3,5
3,5
3,5
3,5
3,5
3,5
3,5
3,5
3,5
3,5
3,5
3,5
3,5
3,5
3,5
3,5
3,5
3,5
3,5
3,5
3,5
3,5
3,5
3,5
3,5
3,5
3,5
3,5
3,5
3,5
3,5
3,5
3,5
3,5
3,5
3,5
3,5
3,5
3,5
3,5
3,5
3,5
3,5
3,5
3,5
3,5
3,5
3,5
3,5
3,5
3,5
3,5
3,5
3,6
3,6
3,6
3,6
3,6
3,6
3,6
3,6
3,6
3,6
3,6
3,6
3,6
3,6
3,6
3,6
3,6
3,6
3,6
3,6
3,6
3,6
3,6
3,6
3,6
3,6
3,6
3,6
3,6
3,6
3,6
3,6
3,6
3,6
3,6
3,6
3,6
3,6
3,6
3,6
3,6
3,6
3,6
3,6
3,6
3,6
3,6
3,6
3,6
3,6
3,6
3,6
3,6
3,6
3,6
3,6
3,6
3,6
3,6
3,6
3,6
3,6
3,6
3,6
3,7
3,7
3,7
3,7
3,7
3,7
3,7
3,7
3,7
3,7
3,7
3,7
3,7
3,7
3,7
3,7
3,7
3,7
3,7
3,7
3,7
3,7
3,7
3,7
3,7
3,7
3,7
3,7
3,7
3,7
3,7
3,7
3,7
3,7
3,7
3,7
3,7
3,7
3,7
3,7
3,7
3,7
3,7
3,7
3,7
3,7
3,7
3,7
3,7
3,7
3,7
3,7
3,7
3,7
3,7
3,7
3,5
3,5
3,5
3,5
3,5
3,5
3,5
3,5
3,5
3,5
3,5
3,5
3,5
3,5
3,5
3,5
3,5
3,5
3,5
3,5
3,5
3,5
3,5
3,5
3,5
3,5
3,5
3,5
3,5
3,5
3,5
3,5
3,5
3,5
3,5
3,5
3,5
3,5
3,5
3,5
3,5
3,5
3,5
3,5
3,5
3,5
3,5
3,5
3,5
3,5
3,5
3,5
3,5
3,5
3,5
3,5
3,5
3,5
3,5
3,5
3,5
3,5
3,5
3,5
3,5
3,5
3,5
3,5
3,5
3,5
3,5
3,5
3,6
3,6
3,6
3,6
3,6
3,6
3,6
3,6
3,6
3,6
3,6
3,6
3,6
3,6
3,6
3,6
3,6
3,6
3,6
3,6
3,6
3,6
3,6
3,6
3,6
3,6
3,6
3,6
3,6
3,6
3,6
3,6
3,6
3,6
3,6
3,6
3,6
3,6
3,6
3,6
3,6
3,6
3,6
3,6
3,6
3,6
3,6
3,6
3,6
3,6
3,6
3,6
3,6
3,6
3,6
3,6
3,6
3,6
3,6
3,6
3,6
3,6
3,6
3,6
3,6
3,6
3,6
3,6
3,7
3,7
3,7
3,7
3,7
3,7
3,7
3,7
3,7
3,7
3,7
3,7
3,7
3,7
3,7
3,7
3,7
3,7
3,7
3,7
3,7
3,7
3,7
3,7
3,7
3,7
3,7
3,7
3,7
3,7
3,7
3,7
3,7
3,7
3,7
3,7
3,7
3,7
3,7
3,7
3,7
3,7
3,7
3,7
3,7
3,7
3,7
3,7
3,7
3,7
3,7
3,7
3,7
3,7
3,7
3,7
3,5
3,5
3,5
3,5
3,5
3,5
3,5
3,5
3,5
3,5
3,5
3,5
3,5
3,5
3,5
3,5
3,5
3,5
3,5
3,5
3,5
3,5
3,5
3,5
3,5
3,5
3,5
3,5
3,5
3,5
3,5
3,5
3,5
3,5
3,5
3,5
3,5
3,5
3,5
3,5
3,5
3,5
3,5
3,5
3,5
3,5
3,5
3,5
3,5
3,5
3,5
3,5
3,5
3,5
3,5
3,5
3,5
3,5
3,5
3,5
3,5
3,5
3,5
3,5
3,5
3,5
3,5
3,5
3,5
3,5
3,5
3,5
3,5
3,5
3,5
3,5
3,5
3,5
3,5
3,5
3,5
3,5
3,5
3,5
3,6
3,6
3,6
3,6
3,6
3,6
3,6
3,6
3,6
3,6
3,6
3,6
3,6
3,6
3,6
3,6
3,6
3,6
3,6
3,6
3,6
3,6
3,6
3,6
3,6
3,6
3,6
3,6
3,6
3,6
3,6
3,6
3,6
3,6
3,6
3,6
3,6
3,6
3,6
3,6
3,6
3,6
3,6
3,6
3,6
3,6
3,6
3,6
3,6
3,6
3,6
3,6
3,6
3,6
3,6
3,6
3,7
3,7
3,7
3,7
3,7
3,7
3,7
3,7
3,7
3,7
3,7
3,7
3,7
3,7
3,7
3,7
3,7
3,7
3,7
3,7
3,7
3,7
3,7
3,7
3,7
3,7
3,7
3,7
3,7
3,7
3,7
3,7
3,7
3,7
3,7
3,7
3,7
3,7
3,7
3,7
3,7
3,7
3,7
3,7
3,7
3,7
3,7
3,7
3,0
3,0
3,0
3,0
3,0
3,0
3,0
3,0
3,0
3,0
3,0
3,0
3,0
3,0
3,0
3,0
3,0
3,0
3,0
3,0
3,0
3,0
0,0
0,0
0,0
0,0
0,0
0,0
0,0
0,0
0,0
0,0
0,0
0,0
0,0
0,0
0,0
0,0
0,0
0,0
0,0
0,0
0,0
0,0
0,0
0,0
0,0
0,0
0,0
0,0
0,0
0,0
0,0
0,0
0,0
0,0
0,0
0,0
0,0
0,0
0,0
0,0
0,0
0,0
0,0
0,0
0,0
0,0
0,0
0,0
0,0
0,0
0,0
0,0
0,0
0,0
0,0
0,0
0,0
0,0
0,0
0,0
0,0
0,0
0,0
0,0
0,0
0,0
0,0
0,0
0,0
0,0
0,0
0,0
0,0
0,0
0,0
0,0
0,0
0,0
0,0
0,0
0,0
0,0
0,0
0,0
0,0
0,0
0,0
0,0
0,0
0,0
0,0
0,0
0,0
0,0
0,0
0,0
0,0
0,0
0,1
0,1
0,1
0,1
0,1
0,1
0,1
0,1
0,1
0,1
0,1
0,1
0,1
0,1
0,1
0,1
0,1
0,1
0,1
0,1
0,1
0,1
0,1
0,1
0,1
0,1
0,1
0,1
0,1
0,1
0,1
0,1
0,1
0,1
0,1
0,1
0,1
0,1
0,1
0,1
0,1
0,1
0,1
0,1
0,1
0,1
0,1
0,1
0,1
0,1
0,1
0,1
0,1
0,1
0,1
0,1
0,1
0,1
0,1
0,1
0,1
0,1
0,1
0,1
0,1
0,1
0,1
0,1
0,1
0,1
0,1
0,1
0,1
0,1
0,1
0,1
0,1
0,1
0,1
0,1
0,1
0,1
0,1
0,1
0,1
0,1
0,1
0,1
0,1
0,1
0,1
0,1
0,1
0,1
0,1
0,1
0,0
0,0
0,0
0,0
0,0
0,0
0,0
0,0
0,0
0,0
0,0
0,0
0,0
0,0
0,0
0,0
0,0
0,0
0,0
0,0
0,0
0,0
0,0
0,0
0,0
0,0
0,0
0,0
0,0
0,0
0,0
0,0
0,0
0,0
0,0
0,0
0,0
0,0
0,0
0,0
0,0
0,0
0,0
0,0
0,0
0,0
0,0
0,0
0,0
0,0
0,0
0,0
0,0
0,0
0,0
0,0
0,0
0,0
0,0
0,0
0,0
0,0
0,0
0,0
0,0
0,0
0,0
0,0
0,0
0,0
0,0
0,0
0,0
0,0
0,0
0,0
0,0
0,0
0,0
0,0
0,0
0,0
0,0
0,0
0,0
0,0
0,0
0,0
0,0
0,0
0,0
0,0
0,0
0,0
0,0
0,0
0,0
0,0
0,0
0,0
0,0
0,0
0,0
0,0
0,0
0,0
0,0
0,0
0,1
0,1
0,1
0,1
0,1
0,1
0,1
0,1
0,1
0,1
0,1
0,1
0,1
0,1
0,1
0,1
0,1
0,1
0,1
0,1
0,1
0,1
0,1
0,1
0,1
0,1
0,1
0,1
0,1
0,1
0,1
0,1
0,1
0,1
0,1
0,1
0,1
0,1
0,1
0,1
0,1
0,1
0,1
0,1
0,1
0,1
0,1
0,1
0,1
0,1
0,1
0,1
0,1
0,1
0,1
0,1
0,1
0,1
0,1
0,1
0,1
0,1
0,1
0,1
0,1
0,1
0,1
0,1
0,1
0,1
0,1
0,1
0,1
0,1
0,1
0,1
0,1
0,1
0,1
0,1
0,1
0,1
0,1
0,1
0,0
0,0
0,0
0,0
0,0
0,0
0,0
0,0
0,0
0,0
0,0
0,0
0,0
0,0
0,0
0,0
0,0
0,0
0,0
0,0
0,0
0,0
0,0
0,0
0,0
0,0
0,0
0,0
0,0
0,0
0,0
0,0
0,0
0,0
0,0
0,0
0,0
0,0
0,0
0,0
0,0
0,0
0,0
0,0
0,0
0,0
0,0
0,0
0,0
0,0
0,0
0,0
0,0
0,0
0,0
0,0
0,0
0,0
0,0
0,0
0,0
0,0
0,0
0,0
0,0
0,0
0,0
0,0
0,0
0,0
0,0
0,0
0,0
0,0
0,0
0,0
0,0
0,0
0,0
0,0
0,0
0,0
0,0
0,0
0,0
0,0
0,0
0,0
0,0
0,0
0,0
0,0
0,0
0,0
0,0
0,0
0,0
0,0
0,0
0,0
0,0
0,0
0,0
0,0
0,0
0,0
0,0
0,0
0,0
0,0
0,0
0,0
0,1
0,1
0,1
0,1
0,1
0,1
0,1
0,1
0,1
0,1
0,1
0,1
0,1
0,1
0,1
0,1
0,1
0,1
0,1
0,1
0,1
0,1
0,1
0,1
0,1
0,1
0,1
0,1
0,1
0,1
0,1
0,1
0,1
0,1
0,1
0,1
0,1
0,1
0,1
0,1
0,1
0,1
0,1
0,1
0,1
0,1
0,1
0,1
0,1
0,1
0,1
0,1
0,1
0,1
0,1
0,1
0,1
0,1
0,1
0,1
0,1
0,1
0,1
0,1
0,1
0,1
0,1
0,1
0,1
0,1
0,1
0,1
0,1
0,1
0,1
0,1
0,1
0,1
0,1
0,1
0,1
0,1
0,1
0,1
0,1
0,1
0,1
0,1
0,1
0,1
0,1
0,1
0,1
0,1
0,1
0,1
0,0
0,0
0,0
0,0
0,0
0,0
0,0
0,0
0,0
0,0
0,0
0,0
0,0
0,0
0,0
0,0
0,0
0,0
0,0
0,0
0,0
0,0
0,0
0,0
0,0
0,0
0,0
0,0
0,0
0,0
0,0
0,0
0,0
0,0
0,0
0,0
0,0
0,0
0,0
0,0
0,0
0,0
0,0
0,0
0,0
0,0
0,0
0,0
0,0
0,0
0,0
0,0
0,0
0,0
0,0
0,0
0,0
0,0
0,0
0,0
0,0
0,0
0,0
0,0
0,0
0,0
0,0
0,0
0,0
0,0
0,0
0,0
0,0
0,0
0,0
0,0
0,0
0,0
0,0
0,0
0,0
0,0
0,0
0,0
0,0
0,0
0,0
0,0
0,0
0,0
0,0
0,0
0,0
0,0
0,0
0,0
0,0
0,0
0,0
0,0
0,0
0,0
0,0
0,0
0,0
0,0
0,0
0,0
0,0
0,0
0,0
0,0
0,1
0,1
0,1
0,1
0,1
0,1
0,1
0,1
0,1
0,1
0,1
0,1
0,1
0,1
0,1
0,1
0,1
0,1
0,1
0,1
0,1
0,1
0,1
0,1
0,1
0,1
0,1
0,1
0,1
0,1
0,1
0,1
0,1
0,1
0,1
0,1
0,1
0,1
0,1
0,1
0,1
0,1
0,1
0,1
0,1
0,1
0,1
0,1
0,1
0,1
0,1
0,1
0,1
0,1
0,1
0,1
0,1
0,1
0,1
0,1
0,1
0,1
0,1
0,1
0,1
0,1
0,1
0,1
0,1
0,1
0,1
0,1
0,1
0,1
0,1
0,1
0,0
0,0
0,0
0,0
0,0
0,0
0,0
0,0
0,0
0,0
0,0
0,0
0,0
0,0
0,0
0,0
0,0
0,0
0,0
0,0
0,0
0,0
0,0
0,0
0,0
0,0
0,0
0,0
0,0
0,0
0,0
0,0
0,0
0,0
0,0
0,0
0,0
0,0
0,0
0,0
0,0
0,0
0,0
0,0
0,0
0,0
0,0
0,0
0,0
0,0
0,0
0,0
0,0
0,0
0,0
0,0
0,0
0,0
0,0
0,0
0,0
0,0
0,0
0,0
0,0
0,0
0,0
0,0
0,0
0,0
0,0
0,0
0,0
0,0
0,0
0,0
0,0
0,0
0,0
0,0
0,0
0,0
0,0
0,0
0,0
0,0
0,0
0,0
0,0
0,0
0,0
0,0
0,0
0,0
0,0
0,0
0,0
0,0
0,0
0,0
0,0
0,0
0,0
0,0
0,0
0,0
0,0
0,0
0,0
0,0
0,0
0,0
0,0
0,0
0,0
0,0
0,0
0,0
0,0
0,0
0,0
0,0
0,0
0,1
0,1
0,1
0,1
0,1
0,1
0,1
0,1
0,1
0,1
0,1
0,1
0,1
0,1
0,1
0,1
0,1
0,1
0,1
0,1
0,1
0,1
0,1
0,1
0,1
0,1
0,1
0,1
0,1
0,1
0,1
0,1
0,1
0,1
0,1
0,1
0,1
0,1
0,1
0,1
0,1
0,1
0,1
0,1
0,1
0,1
0,1
0,1
0,1
0,1
0,1
0,1
0,1
0,1
0,1
0,1
0,1
0,1
0,1
0,1
0,1
0,1
0,1
0,1
0,1
0,1
0,1
0,1
0,1
0,1
0,1
0,1
0,1
0,1
0,1
0,1
0,1
0,1
0,1
0,1
0,1
0,1
0,1
0,1
0,1
0,1
0,1
0,1
0,1
0,5
0,5
0,5
0,5
0,5
0,5
3,5
3,5
3,5
3,5
3,5
3,5
3,5
3,5
3,5
3,5
3,5
3,5
3,5
3,5
3,5
3,5
3,5
3,5
3,5
3,5
3,5
3,5
3,5
3,5
3,5
3,5
3,5
3,5
3,5
3,5
3,5
3,5
3,5
3,5
3,5
3,5
3,5
3,5
3,5
3,5
3,5
3,5
3,5
3,5
3,5
3,5
3,5
3,5
3,5
3,5
3,5
3,5
3,5
3,5
3,5
3,5
3,5
3,5
3,5
3,5
3,5
3,5
3,5
3,5
3,5
3,5
3,5
3,5
3,5
3,5
3,5
3,5
3,5
3,5
3,6
3,6
3,6
3,6
3,6
3,6
3,6
3,6
3,6
3,6
3,6
3,6
3,6
3,6
3,6
3,6
3,6
3,6
3,6
3,6
3,6
3,6
3,6
3,6
3,6
3,6
3,6
3,6
3,6
3,6
3,6
3,6
3,6
3,6
3,6
3,6
3,6
3,6
3,6
3,6
3,6
3,6
3,6
3,6
3,6
3,6
3,6
3,6
3,6
3,6
3,6
3,6
3,6
3,6
3,6
3,6
3,7
3,7
3,7
3,7
3,7
3,7
3,7
3,7
3,7
3,7
3,7
3,7
3,7
3,7
3,7
3,7
3,7
3,7
3,7
3,7
3,7
3,7
3,7
3,7
3,7
3,7
3,7
3,7
3,7
3,7
3,7
3,7
3,7
3,7
3,7
3,7
3,7
3,7
3,7
3,7
3,7
3,7
3,7
3,7
3,7
3,7
3,7
3,7
3,7
3,7
3,7
3,7
3,7
3,7
3,7
3,7
3,5
3,5
3,5
3,5
3,5
3,5
3,5
3,5
3,5
3,5
3,5
3,5
3,5
3,5
3,5
3,5
3,5
3,5
3,5
3,5
3,5
3,5
3,5
3,5
3,5
3,5
3,5
3,5
3,5
3,5
3,5
3,5
3,5
3,5
3,5
3,5
3,5
3,5
3,5
3,5
3,5
3,5
3,5
3,5
3,5
3,5
3,5
3,5
3,5
3,5
3,5
3,5
3,5
3,5
3,5
3,5
3,5
3,5
3,5
3,5
3,5
3,5
3,5
3,5
3,5
3,5
3,5
3,5
3,5
3,5
3,5
3,5
3,5
3,5
3,5
3,5
3,5
3,5
3,5
3,5
3,5
3,5
3,5
3,5
3,5
3,5
3,5
3,5
3,6
3,6
3,6
3,6
3,6
3,6
3,6
3,6
3,6
3,6
3,6
3,6
3,6
3,6
3,6
3,6
3,6
3,6
3,6
3,6
3,6
3,6
3,6
3,6
3,6
3,6
3,6
3,6
3,6
3,6
3,6
3,6
3,6
3,6
3,6
3,6
3,6
3,6
3,6
3,6
3,6
3,6
3,6
3,6
3,6
3,6
3,6
3,6
3,7
3,7
3,7
3,7
3,7
3,7
3,7
3,7
3,7
3,7
3,7
3,7
3,7
3,7
3,7
3,7
3,7
3,7
3,7
3,7
3,7
3,7
3,7
3,7
3,7
3,7
3,7
3,7
3,7
3,7
3,7
3,7
3,7
3,7
3,7
3,7
3,7
3,7
3,7
3,7
3,7
3,7
3,7
3,7
3,7
3,7
3,7
3,7
3,7
3,7
3,7
3,7
3,7
3,7
3,7
3,7
3,7
3,7
3,7
3,7
3,7
3,7
3,7
3,7
3,5
3,5
3,5
3,5
3,5
3,5
3,5
3,5
3,5
3,5
3,5
3,5
3,5
3,5
3,5
3,5
3,5
3,5
3,5
3,5
3,5
3,5
3,5
3,5
3,5
3,5
3,5
3,5
3,5
3,5
3,5
3,5
3,5
3,5
3,5
3,5
3,5
3,5
3,5
3,5
3,5
3,5
3,5
3,5
3,5
3,5
3,5
3,5
3,5
3,5
3,5
3,5
3,5
3,5
3,5
3,5
3,5
3,5
3,5
3,5
3,5
3,5
3,5
3,5
3,5
3,5
3,5
3,5
3,5
3,5
3,5
3,5
3,5
3,5
3,5
3,5
3,5
3,5
3,5
3,5
3,5
3,5
3,5
3,5
3,5
3,5
3,5
3,5
3,6
3,6
3,6
3,6
3,6
3,6
3,6
3,6
3,6
3,6
3,6
3,6
3,6
3,6
3,6
3,6
3,6
3,6
3,6
3,6
3,6
3,6
3,6
3,6
3,6
3,6
3,6
3,6
3,6
3,6
3,6
3,6
3,6
3,6
3,6
3,6
3,6
3,6
3,6
3,6
3,6
3,6
3,6
3,6
3,6
3,6
3,6
3,6
3,6
3,6
3,6
3,6
3,6
3,6
3,7
3,7
3,7
3,7
3,7
3,7
3,7
3,7
3,7
3,7
3,7
3,7
3,7
3,7
3,7
3,7
3,7
3,7
3,7
3,7
3,7
3,7
3,7
3,7
3,7
3,7
3,7
3,7
3,7
3,7
3,7
3,7
3,7
3,7
3,7
3,7
3,7
3,7
3,7
3,7
3,7
3,7
3,7
3,7
3,7
3,7
3,7
3,7
3,7
3,7
3,7
3,7
3,7
3,7
3,7
3,7
3,7
3,7
3,5
3,5
3,5
3,5
3,5
3,5
3,5
3,5
3,5
3,5
3,5
3,5
3,5
3,5
3,5
3,5
3,5
3,5
3,5
3,5
3,5
3,5
3,5
3,5
3,5
3,5
3,5
3,5
3,5
3,5
3,5
3,5
3,5
3,5
3,5
3,5
3,5
3,5
3,5
3,5
3,5
3,5
3,5
3,5
3,5
3,5
3,5
3,5
3,5
3,5
3,5
3,5
3,5
3,5
3,5
3,5
3,5
3,5
3,5
3,5
3,5
3,5
3,5
3,5
3,5
3,5
3,5
3,5
3,5
3,5
3,5
3,5
3,5
3,5
3,5
3,5
3,5
3,5
3,5
3,5
3,5
3,5
3,5
3,5
3,5
3,5
3,5
3,5
3,5
3,5
3,5
3,5
3,5
3,5
3,5
3,5
3,6
3,6
3,6
3,6
3,6
3,6
3,6
3,6
3,6
3,6
3,6
3,6
3,6
3,6
3,6
3,6
3,6
3,6
3,6
3,6
3,6
3,6
3,6
3,6
3,6
3,6
3,6
3,6
3,6
3,6
3,6
3,6
3,6
3,6
3,6
3,6
3,6
3,6
3,6
3,6
3,7
3,7
3,7
3,7
3,7
3,7
3,7
3,7
3,7
3,7
3,7
3,7
3,7
3,7
3,7
3,7
3,7
3,7
3,7
3,7
3,7
3,7
3,7
3,7
3,7
3,7
3,7
3,7
3,7
3,7
3,7
3,7
3,7
3,7
3,7
3,7
3,7
3,7
3,7
3,7
3,7
3,7
3,7
3,7
3,7
3,7
3,7
3,7
3,7
3,7
3,7
3,7
3,7
3,7
3,7
3,7
3,5
3,5
3,5
3,5
3,5
3,5
3,5
3,5
3,5
3,5
3,5
3,5
3,5
3,5
3,5
3,5
3,5
3,5
3,5
3,5
3,5
3,5
3,5
3,5
3,5
3,5
3,5
3,5
3,5
3,5
3,5
3,5
3,5
3,5
3,5
3,5
3,5
3,5
3,5
3,5
3,5
3,5
3,5
3,5
3,5
3,5
3,5
3,5
3,5
3,5
3,5
3,5
3,5
3,5
3,5
3,5
3,5
3,5
3,5
3,5
3,5
3,5
3,5
3,5
3,5
3,5
3,5
3,5
3,5
3,5
3,5
3,5
3,5
3,5
3,5
3,5
3,5
3,5
3,5
3,5
3,5
3,5
3,5
3,5
3,5
3,5
3,5
3,5
3,5
3,5
3,5
3,5
3,5
3,5
3,5
3,5
3,6
3,6
3,6
3,6
3,6
3,6
3,6
3,6
3,6
3,6
3,6
3,6
3,6
3,6
3,6
3,6
3,6
3,6
3,6
3,6
3,6
3,6
3,6
3,6
3,6
3,6
3,6
3,6
3,6
3,6
3,6
3,6
3,6
3,6
3,6
3,6
3,6
3,6
3,6
3,6
3,6
3,6
3,6
3,6
3,6
3,6
3,6
3,6
3,7
3,7
3,7
3,7
3,7
3,7
3,7
3,7
3,7
3,7
3,7
3,7
3,7
3,7
3,7
3,7
3,7
3,7
3,7
3,7
3,7
3,7
3,7
3,7
3,7
3,7
3,7
3,7
3,7
3,7
3,7
3,7
3,7
3,7
3,7
3,7
3,7
3,7
3,7
3,7
3,7
3,7
3,7
3,7
3,7
3,7
3,7
3,7
3,7
3,7
3,7
3,7
3,7
3,7
3,7
3,7
3,7
3,7
3,7
3,7
3,7
3,7
3,7
3,7
3,7
3,7
3,8
3,8
3,8
3,8
3,8
3,8
3,8
3,8
3,8
3,8
3,8
3,8
4,8
4,8
4,8
4,8
4,8
4,8
4,8
4,8
4,8
4,8
4,8
4,8
4,8
4,8
4,8
4,8
4,8
4,8
4,8
4,8
4,8
4,8
4,8
4,8
4,8
4,8
4,8
4,8
4,8
4,8
4,8
4,8
4,8
4,8
4,8
4,8
4,8
4,8
4,8
4,8
4,8
4,8
4,8
4,8
4,8
4,8
4,8
4,8
4,8
4,8
4,8
4,8
4,8
4,8
4,8
4,8
4,8
4,8
4,8
4,8
4,8
4,8
4,8
4,8
4,8
4,8
4,8
4,8
4,8
4,8
4,8
4,8
4,8
4,8
4,8
4,8
4,8
4,8
4,8
4,8
4,8
4,8
4,8
4,8
4,8
4,8
4,8
4,8
4,8
4,8
4,8
4,8
4,8
4,8
4,8
4,8
4,8
4,8
4,8
4,8
4,8
4,8
4,8
4,8
4,8
4,8
4,8
4,8
4,8
4,8
4,8
4,8
4,8
4,8
4,8
4,8
4,8
4,8
4,8
4,8
4,8
4,8
4,8
4,8
4,8
4,8
4,8
4,8
4,8
4,8
4,8
4,8
4,8
4,8
4,8
4,8
4,8
4,8
4,8
4,8
4,8
4,8
4,8
4,8
4,8
4,8
4,8
4,8
4,8
4,8
4,8
4,8
4,8
4,8
4,8
4,8
4,8
4,8
4,8
4,8
4,8
4,8
4,8
4,8
4,8
4,8
4,8
4,8
4,8
4,8
4,8
4,8
4,8
4,8
4,8
4,8
4,8
4,8
4,8
4,8
4,8
4,8
4,8
4,8
4,8
4,8
4,8
4,8
4,8
4,8
4,8
4,8
4,8
4,8
4,8
4,8
4,8
4,8
4,8
4,8
4,8
4,8
4,8
4,8
4,8
4,8
4,8
4,8
4,8
4,8
4,8
4,8
4,8
4,8
4,8
4,8
4,8
4,8
4,8
4,8
4,8
4,8
4,8
4,8
4,8
4,8
4,8
4,8
4,8
4,8
4,8
4,8
4,8
4,8
4,8
4,8
4,8
4,8
4,8
4,8
4,8
4,8
4,8
4,8
4,8
4,8
4,8
4,8
4,8
4,8
4,8
4,8
4,8
4,8
4,8
4,8
4,8
4,8
4,8
4,8
4,8
4,8
4,8
4,8
4,8
4,8
4,8
4,8
4,8
4,8
4,8
4,8
4,8
4,8
4,8
4,8
4,8
4,8
4,8
4,8
4,8
4,8
4,8
4,8
4,8
4,8
4,8
4,8
4,8
4,8
4,8
4,8
4,8
4,8
4,8
4,8
4,8
4,8
4,8
4,8
4,8
4,8
4,8
4,8
4,8
4,8
4,8
4,8
4,8
4,8
4,8
4,8
4,8
4,8
4,8
4,8
4,8
4,8
4,8
4,8
4,8
4,8
4,8
4,8
4,8
4,8
4,8
4,8
4,8
4,8
4,8
4,8
4,8
4,8
4,8
4,8
4,8
4,8
4,8
4,8
4,8
4,8
4,8
4,8
4,8
4,8
4,8
4,8
4,8
4,8
4,8
4,8
4,8
4,8
4,8
4,8
4,8
4,8
4,8
4,8
4,8
4,8
4,8
4,8
4,8
4,8
4,8
4,8
4,8
4,8
4,8
4,8
4,8
4,8
4,8
4,8
4,8
4,8
4,8
4,8
4,8
4,8
4,8
4,8
4,8
4,8
4,8
4,8
4,8
4,8
4,8
4,8
4,8
4,8
4,8
4,8
4,8
4,8
4,8
4,8
4,8
4,8
4,8
4,8
4,8
4,8
4,8
4,8
4,8
4,8
4,8
4,8
4,8
4,8
4,8
4,8
4,8
4,8
4,8
4,8
4,8
4,8
4,8
4,8
4,8
4,8
4,8
4,8
4,8
4,8
4,8
4,8
4,8
4,8
4,8
4,8
4,8
4,8
4,8
4,8
4,8
4,8
4,8
4,8
4,8
4,8
4,8
4,8
4,8
4,8
4,8
4,8
4,8
4,8
4,8
4,8
4,8
4,8
4,8
4,8
4,8
4,8
4,8
4,8
4,8
4,8
4,8
4,8
4,8
4,8
4,8
4,8
4,8
4,8
4,8
4,8
4,8
4,8
4,8
4,8
4,8
4,8
4,8
4,8
4,8
4,8
4,8
4,8
4,8
4,8
4,8
4,8
4,8
4,8
4,8
4,8
4,8
4,8
4,8
4,8
4,8
4,8
4,8
4,8
4,8
4,8
4,8
4,8
4,8
4,8
4,8
4,8
4,8
4,8
4,8
4,8
4,8
4,8
4,8
4,8
4,8
4,8
4,8
4,8
4,8
4,8
4,8
4,8
4,8
4,8
4,8
4,8
4,8
4,8
4,8
4,8
4,8
4,8
4,8
4,8
4,8
4,8
4,8
4,8
4,8
4,8
4,8
4,8
4,8
4,8
4,8
4,8
4,8
4,8
4,8
4,8
4,8
4,8
4,8
4,8
4,8
4,8
4,8
4,8
4,8
4,8
4,8
4,8
4,8
4,8
4,8
4,8
4,8
4,8
4,8
4,8
4,8
4,8
4,8
4,8
4,8
4,8
4,8
4,8
4,8
4,8
4,8
4,8
4,8
4,8
4,8
4,8
4,8
4,8
4,8
4,8
4,8
4,8
4,8
4,8
4,8
4,8
4,8
4,8
4,8
4,8
4,8
4,8
4,8
4,8
4,8
4,8
4,8
4,8
4,8
4,8
4,8
4,8
4,8
4,8
4,8
4,8
4,8
4,8
4,8
4,8
4,8
4,8
4,8
4,8
4,8
4,8
4,8
4,8
4,8
4,8
4,8
4,8
4,8
4,8
4,8
4,8
4,8
4,8
4,8
4,8
4,8
4,8
4,8
4,8
4,8
4,8
4,8
4,8
4,8
4,8
4,8
4,8
4,8
4,8
4,8
4,8
4,8
4,8
4,8
4,8
4,8
4,8
4,8
4,8
4,8
4,8
4,8
4,8
4,8
4,8
4,8
4,8
4,8
4,8
4,8
4,8
4,8
4,8
4,8
4,8
4,8
4,8
4,8
4,8
4,8
4,8
4,8
4,8
4,8
4,8
4,8
4,8
4,8
4,8
4,8
4,8
4,8
4,8
4,8
4,8
4,8
4,8
4,8
4,8
4,8
4,8
4,8
4,8
4,8
4,8
4,8
4,8
4,8
4,8
4,8
4,8
4,8
4,8
4,8
4,8
4,8
4,8
4,8
4,8
4,8
4,8
4,8
4,8
4,8
4,8
4,8
4,8
4,8
4,8
4,8
4,8
4,8
4,8
4,8
4,8
4,8
4,8
4,8
4,8
4,8
4,8
4,8
4,8
4,8
4,8
4,8
4,8
4,8
4,8
4,8
4,8
4,8
4,8
4,8
4,8
4,8
4,8
4,8
4,8
4,8
4,8
4,8
4,8
4,8
4,8
4,8
4,8
4,8
4,8
4,8
4,8
4,8
4,8
4,8
4,8
4,8
4,8
4,8
4,8
4,8
4,8
4,8
4,8
4,8
4,8
4,8
4,8
4,8
4,8
4,8
4,8
4,8
4,8
4,8
4,8
4,8
4,8
4,8
4,8
4,8
4,8
4,8
4,8
4,8
4,8
4,8
4,8
4,8
4,8
4,8
4,8
4,8
4,8
4,8
4,8
4,8
4,8
4,8
4,8
4,8
4,8
4,8
4,8
4,8
4,8
4,8
4,8
4,8
4,8
4,8
4,8
4,8
4,8
4,8
4,8
4,8
4,8
4,8
4,8
4,8
4,8
4,8
4,8
4,8
4,8
4,8
4,8
4,8
4,8
4,8
4,8
4,8
4,8
4,8
4,8
4,8
4,8
4,8
4,8
4,8
4,8
4,8
4,8
4,8
4,8
4,8
4,8
4,8
4,8
4,8
4,8
4,8
4,8
4,8
4,8
4,8
4,8
4,8
4,8
4,8
4,8
4,8
4,8
4,8
4,8
4,8
4,8
4,8
4,8
4,8
4,8
4,8
4,8
4,8
4,8
4,8
4,8
4,8
4,8
4,8
4,8
4,8
4,8
4,8
4,8
4,8
4,8
4,8
4,8
4,8
4,8
4,8
4,8
4,8
4,8
4,8
4,8
4,8
4,8
4,8
4,8
4,8
4,8
4,8
4,8
4,8
4,8
4,8
4,8
4,8
4,8
4,8
4,8
4,8
4,8
4,8
4,8
4,8
4,8
4,8
4,8
4,8
4,8
4,8
4,8
4,8
4,8
4,8
4,8
4,8
4,8
4,8
4,8
4,8
4,8
4,8
4,8
4,8
4,8
4,8
4,8
4,8
4,8
4,8
4,8
4,8
4,8
4,8
4,8
4,8
4,8
4,8
4,8
4,8
4,8
4,8
4,8
4,8
4,8
4,8
4,8
4,8
4,8
4,8
4,8
4,8
4,8
4,8
4,8
0,8
0,8
0,8
0,8
0,8
0,8
0,0
0,0
0,0
0,0
0,0
0,0
0,0
0,0
0,0
0,0
0,0
0,0
0,0
0,0
0,0
0,0
0,0
0,0
0,0
0,0
0,0
0,0
0,0
0,0
0,0
0,0
0,0
0,0
0,0
0,0
0,0
0,0
0,0
0,0
0,0
0,0
0,0
0,0
0,0
0,0
0,0
0,0
0,0
0,0
0,0
0,0
0,0
0,0
0,0
0,0
0,0
0,0
0,0
0,0
0,0
0,0
0,0
0,0
0,0
0,0
0,0
0,0
0,0
0,0
0,0
0,0
0,0
0,0
0,0
0,0
0,0
0,0
0,0
0,0
0,0
0,0
0,0
0,0
0,0
0,0
0,0
0,0
0,0
0,0
0,0
0,0
0,0
0,0
0,0
0,0
0,0
0,0
0,1
0,1
0,1
0,1
0,1
0,1
0,1
0,1
0,1
0,1
0,1
0,1
0,1
0,1
0,1
0,1
0,1
0,1
0,1
0,1
0,1
0,1
0,1
0,1
0,1
0,1
0,1
0,1
0,1
0,1
0,1
0,1
0,1
0,1
0,1
0,1
0,1
0,1
0,1
0,1
0,1
0,1
0,1
0,1
0,1
0,1
0,1
0,1
0,1
0,1
0,1
0,1
0,1
0,1
0,1
0,1
0,1
0,1
0,1
0,1
0,1
0,1
0,1
0,1
0,1
0,1
0,1
0,1
0,1
0,1
0,1
0,1
0,1
0,1
0,1
0,1
0,1
0,1
0,1
0,1
0,1
0,1
0,1
0,1
0,0
0,0
0,0
0,0
0,0
0,0
0,0
0,0
0,0
0,0
0,0
0,0
0,0
0,0
0,0
0,0
0,0
0,0
0,0
0,0
0,0
0,0
0,0
0,0
0,0
0,0
0,0
0,0
0,0
0,0
0,0
0,0
0,0
0,0
0,0
0,0
0,0
0,0
0,0
0,0
0,0
0,0
0,0
0,0
0,0
0,0
0,0
0,0
0,0
0,0
0,0
0,0
0,0
0,0
0,0
0,0
0,0
0,0
0,0
0,0
0,0
0,0
0,0
0,0
0,0
0,0
0,0
0,0
0,0
0,0
0,0
0,0
0,0
0,0
0,0
0,0
0,0
0,0
0,0
0,0
0,0
0,0
0,0
0,0
0,0
0,0
0,0
0,0
0,0
0,0
0,0
0,0
0,0
0,0
0,0
0,0
0,0
0,0
0,0
0,0
0,0
0,0
0,0
0,0
0,0
0,0
0,0
0,0
0,0
0,0
0,0
0,0
0,0
0,0
0,0
0,0
0,0
0,0
0,0
0,0
0,1
0,1
0,1
0,1
0,1
0,1
0,1
0,1
0,1
0,1
0,1
0,1
0,1
0,1
0,1
0,1
0,1
0,1
0,1
0,1
0,1
0,1
0,1
0,1
0,1
0,1
0,1
0,1
0,1
0,1
0,1
0,1
0,1
0,1
0,1
0,1
0,1
0,1
0,1
0,1
0,1
0,1
0,1
0,1
0,1
0,1
0,1
0,1
0,1
0,1
0,1
0,1
0,1
0,1
0,1
0,1
0,1
0,1
0,1
0,1
0,1
0,1
0,1
0,1
0,1
0,1
0,1
0,1
0,1
0,1
0,1
0,1
0,1
0,1
0,1
0,1
0,1
0,1
0,1
0,1
0,1
0,1
0,1
0,1
0,1
0,1
0,1
0,1
0,1
0,1
0,0
0,0
0,0
0,0
0,0
0,0
0,0
0,0
0,0
0,0
0,0
0,0
0,0
0,0
0,0
0,0
0,0
0,0
0,0
0,0
0,0
0,0
0,0
0,0
0,0
0,0
0,0
0,0
0,0
0,0
0,0
0,0
0,0
0,0
0,0
0,0
0,0
0,0
0,0
0,0
0,0
0,0
0,0
0,0
0,0
0,0
0,0
0,0
0,0
0,0
0,0
0,0
0,0
0,0
0,0
0,0
0,0
0,0
0,0
0,0
0,0
0,0
0,0
0,0
0,0
0,0
0,0
0,0
0,0
0,0
0,0
0,0
0,0
0,0
0,0
0,0
0,0
0,0
0,0
0,0
0,0
0,0
0,0
0,0
0,0
0,0
0,0
0,0
0,0
0,0
0,0
0,0
0,0
0,0
0,0
0,0
0,0
0,0
0,0
0,0
0,0
0,0
0,0
0,0
0,0
0,0
0,0
0,0
0,0
0,0
0,0
0,0
0,0
0,0
0,1
0,1
0,1
0,1
0,1
0,1
0,1
0,1
0,1
0,1
0,1
0,1
0,1
0,1
0,1
0,1
0,1
0,1
0,1
0,1
0,1
0,1
0,1
0,1
0,1
0,1
0,1
0,1
0,1
0,1
0,1
0,1
0,1
0,1
0,1
0,1
0,1
0,1
0,1
0,1
0,1
0,1
0,1
0,1
0,1
0,1
0,1
0,1
0,1
0,1
0,1
0,1
0,1
0,1
0,1
0,1
0,1
0,1
0,1
0,1
0,1
0,1
0,1
0,1
0,1
0,1
0,1
0,1
0,1
0,1
0,1
0,1
0,0
0,0
0,0
0,0
0,0
0,0
0,0
0,0
0,0
0,0
0,0
0,0
0,0
0,0
0,0
0,0
0,0
0,0
0,0
0,0
0,0
0,0
0,0
0,0
0,0
0,0
0,0
0,0
0,0
0,0
0,0
0,0
0,0
0,0
0,0
0,0
0,0
0,0
0,0
0,0
0,0
0,0
0,0
0,0
0,0
0,0
0,0
0,0
0,0
0,0
0,0
0,0
0,0
0,0
0,0
0,0
0,0
0,0
0,0
0,0
0,0
0,0
0,0
0,0
0,0
0,0
0,0
0,0
0,0
0,0
0,0
0,0
0,0
0,0
0,0
0,0
0,0
0,0
0,0
0,0
0,0
0,0
0,0
0,0
0,0
0,0
0,0
0,0
0,0
0,0
0,0
0,0
0,0
0,0
0,0
0,0
0,0
0,0
0,0
0,0
0,0
0,0
0,0
0,0
0,0
0,0
0,0
0,0
0,0
0,0
0,0
0,0
0,0
0,0
0,0
0,0
0,0
0,0
0,0
0,0
0,1
0,1
0,1
0,1
0,1
0,1
0,1
0,1
0,1
0,1
0,1
0,1
0,1
0,1
0,1
0,1
0,1
0,1
0,1
0,1
0,1
0,1
0,1
0,1
0,1
0,1
0,1
0,1
0,1
0,1
0,1
0,1
0,1
0,1
0,1
0,1
0,1
0,1
0,1
0,1
0,1
0,1
0,1
0,1
0,1
0,1
0,1
0,1
0,1
0,1
0,1
0,1
0,1
0,1
0,1
0,1
0,1
0,1
0,1
0,1
0,1
0,1
0,1
0,1
0,1
0,1
0,1
0,1
0,1
0,1
0,1
0,1
0,1
0,1
0,1
0,1
0,1
0,1
0,1
0,1
0,1
0,1
0,1
0,1
0,1
0,1
0,1
0,1
0,1
0,1
0,1
0,1
0,1
0,1
0,1
0,1
0,0
0,0
0,0
0,0
0,0
0,0
0,0
0,0
0,0
0,0
0,0
0,0
0,0
0,0
0,0
0,0
0,0
0,0
0,0
0,0
0,0
0,0
0,0
0,0
0,0
0,0
0,0
0,0
0,0
0,0
0,0
0,0
0,0
0,0
0,0
0,0
0,0
0,0
0,0
0,0
0,0
0,0
0,0
0,0
0,0
0,0
0,0
0,0
0,0
0,0
0,0
0,0
0,0
0,0
0,0
0,0
0,0
0,0
0,0
0,0
0,0
0,0
0,0
0,0
0,0
0,0
0,0
0,0
0,0
0,0
0,0
0,0
0,0
0,0
0,0
0,0
0,0
0,0
0,0
0,0
0,0
0,0
0,0
0,0
0,0
0,0
0,0
0,0
0,0
0,0
0,0
0,0
0,0
0,0
0,0
0,0
0,0
0,0
0,0
0,0
0,0
0,0
0,0
0,0
0,0
0,0
0,0
0,0
0,0
0,0
0,0
0,0
0,1
0,1
0,1
0,1
0,1
0,1
0,1
0,1
0,1
0,1
0,1
0,1
0,1
0,1
0,1
0,1
0,1
0,1
0,1
0,1
0,1
0,1
0,1
0,1
0,1
0,1
0,1
0,1
0,1
0,1
0,1
0,1
0,1
0,1
0,1
0,1
0,1
0,1
0,1
0,1
0,1
0,1
0,1
0,1
0,1
0,1
0,1
0,1
0,1
0,1
0,1
0,1
0,1
0,1
0,1
0,1
0,1
0,1
0,1
0,1
0,1
0,1
0,1
0,1
0,1
0,1
0,1
0,1
0,1
0,1
0,1
0,1
0,1
0,1
0,1
0,1
0,1
0,1
0,1
0,1
0,0
0,0
0,0
0,0
0,0
0,0
0,0
0,0
0,0
0,0
0,0
0,0
0,0
0,0
0,0
0,0
0,0
0,0
0,0
0,0
0,0
0,0
0,0
0,0
0,0
0,0
0,0
0,0
0,0
0,0
0,0
0,0
0,0
0,0
0,0
0,0
0,0
0,0
0,0
0,0
0,0
0,0
0,0
0,0
0,0
0,0
0,0
0,0
0,0
0,0
0,0
0,0
0,0
0,0
0,0
0,0
0,0
0,0
0,0
0,0
0,0
0,0
0,0
0,0
0,0
0,0
0,0
0,0
0,0
0,0
0,0
0,0
0,0
0,0
0,0
0,0
0,0
0,0
0,0
0,0
0,0
0,0
0,0
0,0
0,0
0,0
0,0
0,0
0,0
0,0
0,0
0,0
0,0
0,0
0,0
0,0
0,0
0,0
0,0
0,0
0,0
0,0
0,0
0,0
0,0
0,0
0,0
0,0
0,0
0,0
0,0
0,0
0,1
0,1
0,1
0,1
0,1
0,1
0,1
0,1
0,1
0,1
0,1
0,1
0,1
0,1
0,1
0,1
0,1
0,1
0,1
0,1
0,1
0,1
0,1
0,1
0,1
0,1
0,1
0,1
0,1
0,1
0,1
0,1
0,1
0,1
0,1
0,1
0,1
0,1
0,1
0,1
0,1
0,1
0,1
0,1
0,1
0,1
0,1
0,1
0,1
0,1
0,1
0,1
0,1
0,1
0,1
0,1
0,1
0,1
0,1
0,1
0,1
0,1
0,1
0,1
0,1
0,1
0,1
0,1
0,1
0,1
0,1
0,1
0,1
0,1
0,1
0,1
0,1
0,1
0,1
0,1
0,1
0,1
0,1
0,1
0,1
0,1
0,1
0,1
0,1
0,1
0,1
0,1
0,0
0,0
0,0
0,0
0,0
0,0
0,0
0,0
0,0
0,0
0,0
0,0
0,0
0,0
0,0
0,0
0,0
0,0
0,0
0,0
0,0
0,0
0,0
0,0
0,0
0,0
0,0
0,0
0,0
0,0
0,0
0,0
0,0
0,0
0,0
0,0
0,0
0,0
0,0
0,0
0,0
0,0
0,0
0,0
0,0
0,0
0,0
0,0
0,0
0,0
0,0
0,0
0,0
0,0
0,0
0,0
0,0
0,0
0,0
0,0
0,0
0,0
0,0
0,0
0,0
0,0
0,0
0,0
0,0
0,0
0,0
0,0
0,0
0,0
0,0
0,0
0,0
0,0
0,0
0,0
0,0
0,0
0,0
0,0
0,0
0,0
0,0
0,0
0,0
0,0
0,0
0,0
0,0
0,0
0,0
0,0
0,0
0,0
0,0
0,0
0,0
0,0
0,0
0,0
0,0
0,0
0,0
0,0
0,1
0,1
0,1
0,1
0,1
0,1
0,1
0,1
0,1
0,1
0,1
0,1
0,1
0,1
0,1
0,1
0,1
0,1
0,1
0,1
0,1
0,1
0,1
0,1
0,1
0,1
0,1
0,1
0,1
0,1
0,1
0,1
0,1
0,1
0,1
0,1
0,1
0,1
0,1
0,1
0,1
0,1
0,1
0,1
0,1
0,1
0,1
0,1
0,1
0,1
0,1
0,1
0,1
0,1
0,1
0,1
0,1
0,1
0,1
0,1
0,1
0,1
0,1
0,1
0,1
0,1
0,1
0,1
0,1
0,1
0,1
0,1
0,1
0,1
0,1
0,1
0,1
0,1
0,1
0,1
0,1
0,1
0,1
0,1
0,0
0,0
0,0
0,0
0,0
0,0
0,0
0,0
0,0
0,0
0,0
0,0
0,0
0,0
0,0
0,0
0,0
0,0
0,0
0,0
0,0
0,0
0,0
0,0
0,0
0,0
0,0
0,0
0,0
0,0
0,0
0,0
0,0
0,0
0,0
0,0
0,0
0,0
0,0
0,0
0,0
0,0
0,0
0,0
0,0
0,0
0,0
0,0
0,0
0,0
0,0
0,0
0,0
0,0
0,0
0,0
0,0
0,0
0,0
0,0
0,0
0,0
0,0
0,0
0,0
0,0
0,0
0,0
0,0
0,0
0,0
0,0
0,0
0,0
0,0
0,0
0,0
0,0
0,0
0,0
0,0
0,0
0,0
0,0
0,0
0,0
0,0
0,0
0,0
0,0
0,0
0,0
0,0
0,0
0,0
0,0
0,0
0,0
0,0
0,0
0,0
0,0
0,0
0,0
0,0
0,0
0,0
0,0
0,0
0,0
0,0
0,0
0,0
0,0
0,0
0,0
0,0
0,0
0,0
0,0
0,0
0,0
0,0
0,0
0,0
0,0
0,0
0,0
0,0
0,0
0,0
0,0
0,1
0,1
0,1
0,1
0,1
0,1
0,1
0,1
0,1
0,1
0,1
0,1
0,1
0,1
0,1
0,1
0,1
0,1
0,1
0,1
0,1
0,1
0,1
0,1
0,1
0,1
0,1
0,1
0,1
0,1
0,1
0,1
0,1
0,1
0,1
0,1
0,1
0,1
0,1
0,1
0,1
0,1
0,1
0,1
0,1
0,1
0,1
0,1
0,1
0,1
0,1
0,1
0,1
0,1
0,1
0,1
0,1
0,1
0,1
0,1
0,1
0,1
0,1
0,1
0,1
0,1
0,1
0,1
0,1
0,1
0,1
0,1
0,0
0,0
0,0
0,0
0,0
0,0
0,0
0,0
0,0
0,0
0,0
0,0
0,0
0,0
0,0
0,0
0,0
0,0
0,0
0,0
0,0
0,0
0,0
0,0
0,0
0,0
0,0
0,0
0,0
0,0
0,0
0,0
0,0
0,0
0,0
0,0
0,0
0,0
0,0
0,0
0,0
0,0
0,0
0,0
0,0
0,0
0,0
0,0
0,0
0,0
0,0
0,0
0,0
0,0
0,0
0,0
0,0
0,0
0,0
0,0
0,0
0,0
0,0
0,0
0,0
0,0
0,0
0,0
0,0
0,0
0,0
0,0
0,0
0,0
0,0
0,0
0,0
0,0
0,0
0,0
0,0
0,0
0,0
0,0
0,0
0,0
0,0
0,0
0,0
0,0
0,0
0,0
0,0
0,0
0,0
0,0
0,0
0,0
0,0
0,0
0,0
0,0
0,0
0,0
0,0
0,0
0,0
0,0
0,0
0,0
0,0
0,0
0,0
0,0
0,0
0,0
0,0
0,0
0,1
0,1
0,1
0,1
0,1
0,1
0,1
0,1
0,1
0,1
0,1
0,1
0,1
0,1
0,1
0,1
0,1
0,1
0,1
0,1
0,1
0,1
0,1
0,1
0,1
0,1
0,1
0,1
0,1
0,1
0,1
0,1
0,1
0,1
0,1
0,1
0,1
0,1
0,1
0,1
0,1
0,1
0,1
0,1
0,1
0,1
0,1
0,1
0,1
0,1
0,1
0,1
0,1
0,1
0,1
0,1
0,1
0,1
0,1
0,1
0,1
0,1
0,1
0,1
0,1
0,1
0,1
0,1
0,1
0,1
0,1
0,1
0,1
0,1
0,0
0,0
0,0
0,0
0,0
0,0
0,0
0,0
0,0
0,0
0,0
0,0
0,0
0,0
0,0
0,0
0,0
0,0
0,0
0,0
0,0
0,0
0,0
0,0
0,0
0,0
0,0
0,0
0,0
0,0
0,0
0,0
0,0
0,0
0,0
0,0
0,0
0,0
0,0
0,0
0,0
0,0
0,0
0,0
0,0
0,0
0,0
0,0
0,0
0,0
0,0
0,0
0,0
0,0
0,0
0,0
0,0
0,0
0,0
0,0
0,0
0,0
0,0
0,0
0,0
0,0
0,0
0,0
0,0
0,0
0,0
0,0
0,0
0,0
0,0
0,0
0,0
0,0
0,0
0,0
0,0
0,0
0,0
0,0
0,0
0,0
0,0
0,0
0,0
0,0
0,0
0,0
0,0
0,0
0,0
0,0
0,0
0,0
0,0
0,0
0,0
0,0
0,0
0,0
0,0
0,0
0,0
0,0
0,0
0,0
0,0
0,0
0,0
0,0
0,0
0,0
0,0
0,0
0,0
0,0
0,1
0,1
0,1
0,1
0,1
0,1
0,1
0,1
0,1
0,1
0,1
0,1
0,1
0,1
0,1
0,1
0,1
0,1
0,1
0,1
0,1
0,1
0,1
0,1
0,1
0,1
0,1
0,1
0,1
0,1
0,1
0,1
0,1
0,1
0,1
0,1
0,1
0,1
0,1
0,1
0,1
0,1
0,1
0,1
0,1
0,1
0,1
0,1
0,1
0,1
0,1
0,1
0,1
0,1
0,1
0,1
0,1
0,1
0,1
0,1
0,1
0,1
0,1
0,1
0,1
0,1
0,1
0,1
0,1
0,1
0,1
0,1
0,1
0,1
0,1
0,1
0,1
0,1
0,1
0,1
0,1
0,1
0,1
0,1
0,1
0,1
0,1
0,1
0,1
0,1
0,1
0,1
0,1
0,1
0,1
0,1
0,5
0,5
0,5
0,5
0,5
0,5
3,5
3,5
3,5
3,5
3,5
3,5
3,5
3,5
3,5
3,5
3,5
3,5
3,5
3,5
3,5
3,5
3,5
3,5
3,5
3,5
3,5
3,5
3,5
3,5
3,5
3,5
3,5
3,5
3,5
3,5
3,5
3,5
3,5
3,5
3,5
3,5
3,5
3,5
3,5
3,5
3,5
3,5
3,5
3,5
3,5
3,5
3,5
3,5
3,5
3,5
3,5
3,5
3,5
3,5
3,5
3,5
3,5
3,5
3,5
3,5
3,5
3,5
3,5
3,5
3,5
3,5
3,5
3,5
3,5
3,5
3,5
3,5
3,5
3,5
3,5
3,5
3,5
3,5
3,5
3,5
3,5
3,5
3,6
3,6
3,6
3,6
3,6
3,6
3,6
3,6
3,6
3,6
3,6
3,6
3,6
3,6
3,6
3,6
3,6
3,6
3,6
3,6
3,6
3,6
3,6
3,6
3,6
3,6
3,6
3,6
3,6
3,6
3,6
3,6
3,6
3,6
3,6
3,6
3,6
3,6
3,6
3,6
3,6
3,6
3,6
3,6
3,6
3,6
3,6
3,6
3,6
3,6
3,6
3,6
3,6
3,6
3,6
3,6
3,7
3,7
3,7
3,7
3,7
3,7
3,7
3,7
3,7
3,7
3,7
3,7
3,7
3,7
3,7
3,7
3,7
3,7
3,7
3,7
3,7
3,7
3,7
3,7
3,7
3,7
3,7
3,7
3,7
3,7
3,7
3,7
3,7
3,7
3,7
3,7
3,7
3,7
3,7
3,7
3,7
3,7
3,7
3,7
3,7
3,7
3,7
3,7
3,7
3,7
3,7
3,7
3,7
3,7
3,7
3,7
3,5
3,5
3,5
3,5
3,5
3,5
3,5
3,5
3,5
3,5
3,5
3,5
3,5
3,5
3,5
3,5
3,5
3,5
3,5
3,5
3,5
3,5
3,5
3,5
3,5
3,5
3,5
3,5
3,5
3,5
3,5
3,5
3,5
3,5
3,5
3,5
3,5
3,5
3,5
3,5
3,5
3,5
3,5
3,5
3,5
3,5
3,5
3,5
3,5
3,5
3,5
3,5
3,5
3,5
3,5
3,5
3,5
3,5
3,5
3,5
3,5
3,5
3,5
3,5
3,5
3,5
3,5
3,5
3,5
3,5
3,5
3,5
3,5
3,5
3,5
3,5
3,5
3,5
3,5
3,5
3,5
3,5
3,5
3,5
3,5
3,5
3,5
3,5
3,6
3,6
3,6
3,6
3,6
3,6
3,6
3,6
3,6
3,6
3,6
3,6
3,6
3,6
3,6
3,6
3,6
3,6
3,6
3,6
3,6
3,6
3,6
3,6
3,6
3,6
3,6
3,6
3,6
3,6
3,6
3,6
3,6
3,6
3,6
3,6
3,7
3,7
3,7
3,7
3,7
3,7
3,7
3,7
3,7
3,7
3,7
3,7
3,7
3,7
3,7
3,7
3,7
3,7
3,7
3,7
3,7
3,7
3,7
3,7
3,7
3,7
3,7
3,7
3,7
3,7
3,7
3,7
3,7
3,7
3,7
3,7
3,7
3,7
3,7
3,7
3,7
3,7
3,7
3,7
3,7
3,7
3,7
3,7
3,7
3,7
3,7
3,7
3,7
3,7
3,7
3,7
3,7
3,7
3,7
3,7
3,5
3,5
3,5
3,5
3,5
3,5
3,5
3,5
3,5
3,5
3,5
3,5
3,5
3,5
3,5
3,5
3,5
3,5
3,5
3,5
3,5
3,5
3,5
3,5
3,5
3,5
3,5
3,5
3,5
3,5
3,5
3,5
3,5
3,5
3,5
3,5
3,5
3,5
3,5
3,5
3,5
3,5
3,5
3,5
3,5
3,5
3,5
3,5
3,5
3,5
3,5
3,5
3,5
3,5
3,5
3,5
3,5
3,5
3,5
3,5
3,5
3,5
3,5
3,5
3,5
3,5
3,5
3,5
3,5
3,5
3,5
3,5
3,5
3,5
3,5
3,5
3,5
3,5
3,5
3,5
3,5
3,5
3,5
3,5
3,5
3,5
3,5
3,5
3,5
3,5
3,5
3,5
3,5
3,5
3,5
3,5
3,6
3,6
3,6
3,6
3,6
3,6
3,6
3,6
3,6
3,6
3,6
3,6
3,6
3,6
3,6
3,6
3,6
3,6
3,6
3,6
3,6
3,6
3,6
3,6
3,6
3,6
3,6
3,6
3,6
3,6
3,6
3,6
3,6
3,6
3,6
3,6
3,6
3,6
3,6
3,6
3,6
3,6
3,6
3,6
3,6
3,6
3,6
3,6
3,6
3,6
3,6
3,6
3,6
3,6
3,6
3,6
3,7
3,7
3,7
3,7
3,7
3,7
3,7
3,7
3,7
3,7
3,7
3,7
3,7
3,7
3,7
3,7
3,7
3,7
3,7
3,7
3,7
3,7
3,7
3,7
3,7
3,7
3,7
3,7
3,7
3,7
3,7
3,7
3,7
3,7
3,7
3,7
3,7
3,7
3,7
3,7
3,7
3,7
3,7
3,7
3,7
3,7
3,7
3,7
3,7
3,7
3,7
3,7
3,7
3,7
3,7
3,7
3,7
3,7
3,7
3,7
3,7
3,7
3,7
3,7
3,5
3,5
3,5
3,5
3,5
3,5
3,5
3,5
3,5
3,5
3,5
3,5
3,5
3,5
3,5
3,5
3,5
3,5
3,5
3,5
3,5
3,5
3,5
3,5
3,5
3,5
3,5
3,5
3,5
3,5
3,5
3,5
3,5
3,5
3,5
3,5
3,5
3,5
3,5
3,5
3,5
3,5
3,5
3,5
3,5
3,5
3,5
3,5
3,5
3,5
3,5
3,5
3,5
3,5
3,5
3,5
3,5
3,5
3,5
3,5
3,5
3,5
3,5
3,5
3,5
3,5
3,5
3,5
3,5
3,5
3,5
3,5
3,6
3,6
3,6
3,6
3,6
3,6
3,6
3,6
3,6
3,6
3,6
3,6
3,6
3,6
3,6
3,6
3,6
3,6
3,6
3,6
3,6
3,6
3,6
3,6
3,6
3,6
3,6
3,6
3,6
3,6
3,6
3,6
3,6
3,6
3,6
3,6
3,6
3,6
3,6
3,6
3,6
3,6
3,6
3,6
3,6
3,6
3,6
3,6
3,6
3,6
3,6
3,6
3,6
3,6
3,6
3,6
3,6
3,6
3,6
3,6
3,7
3,7
3,7
3,7
3,7
3,7
3,7
3,7
3,7
3,7
3,7
3,7
3,7
3,7
3,7
3,7
3,7
3,7
3,7
3,7
3,7
3,7
3,7
3,7
3,7
3,7
3,7
3,7
3,7
3,7
3,7
3,7
3,7
3,7
3,7
3,7
3,7
3,7
3,7
3,7
3,7
3,7
3,7
3,7
3,7
3,7
3,7
3,7
3,7
3,7
3,7
3,7
3,7
3,7
3,7
3,7
3,5
3,5
3,5
3,5
3,5
3,5
3,5
3,5
3,5
3,5
3,5
3,5
3,5
3,5
3,5
3,5
3,5
3,5
3,5
3,5
3,5
3,5
3,5
3,5
3,5
3,5
3,5
3,5
3,5
3,5
3,5
3,5
3,5
3,5
3,5
3,5
3,5
3,5
3,5
3,5
3,5
3,5
3,5
3,5
3,5
3,5
3,5
3,5
3,5
3,5
3,5
3,5
3,5
3,5
3,5
3,5
3,5
3,5
3,5
3,5
3,5
3,5
3,5
3,5
3,5
3,5
3,5
3,5
3,5
3,5
3,5
3,5
3,5
3,5
3,5
3,5
3,5
3,5
3,5
3,5
3,5
3,5
3,5
3,5
3,6
3,6
3,6
3,6
3,6
3,6
3,6
3,6
3,6
3,6
3,6
3,6
3,6
3,6
3,6
3,6
3,6
3,6
3,6
3,6
3,6
3,6
3,6
3,6
3,6
3,6
3,6
3,6
3,6
3,6
3,6
3,6
3,6
3,6
3,6
3,6
3,6
3,6
3,6
3,6
3,6
3,6
3,6
3,6
3,6
3,6
3,6
3,6
3,6
3,6
3,6
3,6
3,6
3,6
3,6
3,6
3,7
3,7
3,7
3,7
3,7
3,7
3,7
3,7
3,7
3,7
3,7
3,7
3,7
3,7
3,7
3,7
3,7
3,7
3,7
3,7
3,7
3,7
3,7
3,7
3,7
3,7
3,7
3,7
3,7
3,7
3,7
3,7
3,7
3,7
3,7
3,7
3,7
3,7
3,7
3,7
3,7
3,7
3,7
3,7
3,7
3,7
3,7
3,7
3,7
3,7
3,7
3,7
3,7
3,7
3,7
3,7
3,7
3,7
3,7
3,7
3,7
3,7
3,3
3,3
3,3
3,3
3,3
3,3
3,3
3,3
3,3
3,3
3,3
3,3
3,3
3,3
3,3
3,3
2,3
2,3
2,4
2,4
2,4
2,4
2,4
2,4
2,4
2,4
2,4
2,4
2,4
2,4
2,4
2,4
2,4
2,4
2,4
2,4
2,4
2,4
2,4
2,4
2,4
2,4
2,4
2,4
2,4
2,4
2,4
2,4
2,4
2,4
2,4
2,4
2,4
2,4
2,4
2,4
2,4
2,4
2,4
2,4
2,4
2,4
2,4
2,4
2,4
2,4
2,3
2,3
2,3
2,3
2,3
2,3
2,3
2,3
2,3
2,3
2,3
2,3
2,3
2,3
2,3
2,3
2,3
2,3
2,3
2,3
2,3
2,3
2,3
2,3
2,3
2,3
2,3
2,3
2,3
2,3
2,3
2,3
2,3
2,3
2,3
2,3
2,3
2,3
2,3
2,3
2,3
2,3
2,3
2,3
2,3
2,3
2,3
2,3
2,3
2,3
2,3
2,3
2,3
2,3
2,3
2,3
2,3
2,3
2,3
2,3
2,3
2,3
2,3
2,3
2,3
2,3
2,3
2,3
2,3
2,3
2,3
2,3
2,3
2,3
2,3
2,3
2,3
2,3
2,3
2,3
2,3
2,3
2,3
2,3
2,3
2,3
2,3
2,3
2,3
2,3
2,3
2,3
2,3
2,3
2,3
2,3
2,4
2,4
2,4
2,4
2,4
2,4
2,4
2,4
2,4
2,4
2,4
2,4
2,4
2,4
2,4
2,4
2,4
2,4
2,4
2,4
2,4
2,4
2,4
2,4
2,4
2,4
2,4
2,4
2,4
2,4
2,4
2,4
2,4
2,4
2,4
2,4
2,4
2,4
2,4
2,4
2,4
2,4
2,4
2,4
2,4
2,4
2,4
2,4
2,4
2,4
2,4
2,4
2,4
2,4
2,4
2,4
2,4
2,4
2,4
2,4
2,4
2,4
2,4
2,4
2,4
2,4
2,4
2,4
2,4
2,4
2,4
2,4
2,4
2,4
2,4
2,4
2,4
2,4
2,4
2,4
2,4
2,4
2,4
2,4
2,4
2,4
2,4
2,4
2,4
2,4
2,4
2,4
2,4
2,4
2,4
2,4
2,4
2,4
2,4
2,4
2,4
2,4
2,4
2,4
2,4
2,4
2,4
2,4
2,3
2,3
2,3
2,3
2,3
2,3
2,3
2,3
2,3
2,3
2,3
2,3
2,3
2,3
2,3
2,3
2,3
2,3
2,3
2,3
2,3
2,3
2,3
2,3
2,3
2,3
2,3
2,3
2,3
2,3
2,3
2,3
2,3
2,3
2,3
2,3
2,3
2,3
2,3
2,3
2,3
2,3
2,3
2,3
2,3
2,3
2,3
2,3
2,3
2,3
2,3
2,3
2,3
2,3
2,3
2,3
2,3
2,3
2,3
2,3
2,3
2,3
2,3
2,3
2,3
2,3
2,3
2,3
2,3
2,3
2,3
2,3
2,3
2,3
2,3
2,3
2,3
2,3
2,3
2,3
2,3
2,3
2,3
2,3
2,3
2,3
2,3
2,3
2,3
2,3
2,3
2,3
2,3
2,3
2,3
2,3
2,4
2,4
2,4
2,4
2,4
2,4
2,4
2,4
2,4
2,4
2,4
2,4
2,4
2,4
2,4
2,4
2,4
2,4
2,4
2,4
2,4
2,4
2,4
2,4
2,4
2,4
2,4
2,4
2,4
2,4
2,4
2,4
2,4
2,4
2,4
2,4
2,4
2,4
2,4
2,4
2,4
2,4
2,4
2,4
2,4
2,4
2,4
2,4
2,4
2,4
2,4
2,4
2,4
2,4
2,4
2,4
2,4
2,4
2,4
2,4
2,4
2,4
2,4
2,4
2,4
2,4
2,4
2,4
2,4
2,4
2,4
2,4
2,4
2,4
2,4
2,4
2,4
2,4
2,4
2,4
2,4
2,4
2,4
2,4
2,4
2,4
2,4
2,4
2,4
2,4
2,4
2,4
2,4
2,4
2,4
2,4
2,4
2,4
2,4
2,4
2,4
2,4
2,4
2,4
2,4
2,4
2,4
2,4
2,4
2,4
2,4
2,4
2,4
2,4
2,4
2,4
2,3
2,3
2,3
2,3
2,3
2,3
2,3
2,3
2,3
2,3
2,3
2,3
2,3
2,3
2,3
2,3
2,3
2,3
2,3
2,3
2,3
2,3
2,3
2,3
2,3
2,3
2,3
2,3
2,3
2,3
2,3
2,3
2,3
2,3
2,3
2,3
2,3
2,3
2,3
2,3
2,3
2,3
2,3
2,3
2,3
2,3
2,3
2,3
2,3
2,3
2,3
2,3
2,3
2,3
2,3
2,3
2,3
2,3
2,3
2,3
2,3
2,3
2,3
2,3
2,3
2,3
2,3
2,3
2,3
2,3
2,3
2,3
2,3
2,3
2,3
2,3
2,4
2,4
2,4
2,4
2,4
2,4
2,4
2,4
2,4
2,4
2,4
2,4
2,4
2,4
2,4
2,4
2,4
2,4
2,4
2,4
2,4
2,4
2,4
2,4
2,4
2,4
2,4
2,4
2,4
2,4
2,4
2,4
2,4
2,4
2,4
2,4
2,4
2,4
2,4
2,4
2,4
2,4
2,4
2,4
2,4
2,4
2,4
2,4
2,4
2,4
2,4
2,4
2,4
2,4
2,4
2,4
2,4
2,4
2,4
2,4
2,4
2,4
2,4
2,4
2,4
2,4
2,4
2,4
2,4
2,4
2,4
2,4
2,4
2,4
2,4
2,4
2,4
2,4
2,4
2,4
2,4
2,4
2,4
2,4
2,4
2,4
2,4
2,4
2,4
2,4
2,4
2,4
2,4
2,4
2,4
2,4
2,4
2,4
2,4
2,4
2,4
2,4
2,4
2,4
2,4
2,4
2,4
2,4
2,4
2,4
2,4
2,4
2,4
2,4
2,4
2,4
2,3
2,3
2,3
2,3
2,3
2,3
2,3
2,3
2,3
2,3
2,3
2,3
2,3
2,3
2,3
2,3
2,3
2,3
2,3
2,3
2,3
2,3
2,3
2,3
2,3
2,3
2,3
2,3
2,3
2,3
2,3
2,3
2,3
2,3
2,3
2,3
2,3
2,3
2,3
2,3
2,3
2,3
2,3
2,3
2,3
2,3
2,3
2,3
2,3
2,3
2,3
2,3
2,3
2,3
2,3
2,3
2,3
2,3
2,3
2,3
2,3
2,3
2,3
2,3
2,3
2,3
2,3
2,3
2,3
2,3
2,3
2,3
2,3
2,3
2,3
2,3
2,3
2,3
2,3
2,3
2,3
2,3
2,3
2,3
2,3
2,3
2,3
2,3
2,4
2,4
2,4
2,4
2,4
2,4
2,4
2,4
2,4
2,4
2,4
2,4
2,4
2,4
2,4
2,4
2,4
2,4
2,4
2,4
2,4
2,4
2,4
2,4
2,4
2,4
2,4
2,4
2,4
2,4
2,4
2,4
2,4
2,4
2,4
2,4
2,4
2,4
2,4
2,4
2,4
2,4
2,4
2,4
2,4
2,4
2,4
2,4
2,4
2,4
2,4
2,4
2,4
2,4
2,4
2,4
2,4
2,4
2,4
2,4
2,4
2,4
2,4
2,4
2,4
2,4
2,4
2,4
2,4
2,4
2,4
2,4
2,4
2,4
2,4
2,4
2,4
2,4
2,4
2,4
2,4
2,4
2,4
2,4
2,4
2,4
2,4
2,4
2,4
2,4
2,4
2,4
2,4
2,4
2,4
2,4
2,4
2,4
2,4
2,4
2,4
2,4
2,3
2,3
2,3
2,3
2,3
2,3
2,3
2,3
2,3
2,3
2,3
2,3
2,3
2,3
2,3
2,3
2,3
2,3
2,3
2,3
2,3
2,3
2,3
2,3
2,3
2,3
2,3
2,3
2,3
2,3
2,3
2,3
2,3
2,3
2,3
2,3
2,3
2,3
2,3
2,3
2,3
2,3
2,3
2,3
2,3
2,3
2,3
2,3
2,3
2,3
2,3
2,3
2,3
2,3
2,3
2,3
2,3
2,3
2,3
2,3
2,3
2,3
2,3
2,3
2,3
2,3
2,3
2,3
2,3
2,3
2,3
2,3
2,3
2,3
2,3
2,3
2,3
2,3
2,3
2,3
2,3
2,3
2,3
2,3
2,3
2,3
2,3
2,3
2,3
2,3
2,3
2,3
2,3
2,3
2,3
2,3
2,3
2,3
2,3
2,3
2,3
2,3
2,3
2,3
2,3
2,3
2,3
2,3
2,3
2,3
2,3
2,3
2,3
2,3
2,3
2,3
2,3
2,3
2,3
2,3
2,3
2,3
2,3
2,3
2,3
2,3
2,3
2,3
2,3
2,3
2,3
2,3
2,3
2,3
2,3
2,3
2,3
2,3
2,3
2,3
2,3
2,3
2,3
2,3
2,3
2,3
2,3
2,3
2,3
2,3
2,3
2,3
4,3
4,3
4,3
4,3
4,3
4,3
4,3
4,3
4,8
4,8
4,8
4,8
4,8
4,8
4,8
4,8
4,8
4,8
4,8
4,8
4,8
4,8
4,8
4,8
4,8
4,8
4,8
4,8
4,8
4,8
4,8
4,8
4,8
4,8
4,8
4,8
4,8
4,8
4,8
4,8
4,8
4,8
4,8
4,8
4,8
4,8
4,8
4,8
4,8
4,8
4,8
4,8
4,8
4,8
4,8
4,8
4,8
4,8
4,8
4,8
4,8
4,8
4,8
4,8
4,8
4,8
4,8
4,8
4,8
4,8
4,8
4,8
4,8
4,8
4,8
4,8
4,8
4,8
4,8
4,8
4,8
4,8
4,8
4,8
4,8
4,8
4,8
4,8
4,8
4,8
4,8
4,8
4,8
4,8
4,8
4,8
4,8
4,8
4,8
4,8
4,8
4,8
4,8
4,8
4,8
4,8
4,8
4,8
4,8
4,8
4,8
4,8
4,8
4,8
4,8
4,8
4,8
4,8
4,8
4,8
4,8
4,8
4,8
4,8
4,8
4,8
4,8
4,8
4,8
4,8
4,8
4,8
4,8
4,8
4,8
4,8
4,8
4,8
4,8
4,8
4,8
4,8
4,8
4,8
4,8
4,8
4,8
4,8
4,8
4,8
4,8
4,8
4,8
4,8
4,8
4,8
4,8
4,8
4,8
4,8
4,8
4,8
4,8
4,8
4,8
4,8
4,8
4,8
4,8
4,8
4,8
4,8
4,8
4,8
4,8
4,8
4,8
4,8
4,8
4,8
4,8
4,8
4,8
4,8
4,8
4,8
4,8
4,8
4,8
4,8
4,8
4,8
4,8
4,8
4,8
4,8
4,8
4,8
4,8
4,8
4,8
4,8
4,8
4,8
4,8
4,8
4,8
4,8
4,8
4,8
4,8
4,8
4,8
4,8
4,8
4,8
4,8
4,8
4,8
4,8
4,8
4,8
4,8
4,8
4,8
4,8
4,8
4,8
4,8
4,8
4,8
4,8
4,8
4,8
4,8
4,8
4,8
4,8
4,8
4,8
4,8
4,8
4,8
4,8
4,8
4,8
4,8
4,8
4,8
4,8
4,8
4,8
4,8
4,8
4,8
4,8
4,8
4,8
4,8
4,8
4,8
4,8
4,8
4,8
4,8
4,8
4,8
4,8
4,8
4,8
4,8
4,8
4,8
4,8
4,8
4,8
4,8
4,8
4,8
4,8
4,8
4,8
4,8
4,8
4,8
4,8
4,8
4,8
4,8
4,8
4,8
4,8
4,8
4,8
4,8
4,8
4,8
4,8
4,8
4,8
4,8
4,8
4,8
4,8
4,8
4,8
4,8
4,8
4,8
4,8
4,8
4,8
4,8
4,8
4,8
4,8
4,8
4,8
4,8
4,8
4,8
4,8
4,8
4,8
4,8
4,8
4,8
4,8
4,8
4,8
4,8
4,8
4,8
4,8
4,8
4,8
4,8
4,8
4,8
4,8
4,8
4,8
4,8
4,8
4,8
4,8
4,8
4,8
4,8
4,8
4,8
4,8
4,8
4,8
4,8
4,8
4,8
4,8
4,8
4,8
4,8
4,8
4,8
4,8
4,8
4,8
4,8
4,8
4,8
4,8
4,8
4,8
4,8
4,8
4,8
4,8
4,8
4,8
4,8
4,8
4,8
4,8
4,8
4,8
4,8
4,8
4,8
4,8
4,8
4,8
4,8
4,8
4,8
4,8
4,8
4,8
4,8
4,8
4,8
4,8
4,8
4,8
4,8
4,8
4,8
4,8
4,8
4,8
4,8
4,8
4,8
4,8
4,8
4,8
4,8
4,8
4,8
4,8
4,8
4,8
4,8
4,8
4,8
4,8
4,8
4,8
4,8
4,8
4,8
4,8
4,8
4,8
4,8
4,8
4,8
4,8
4,8
4,8
4,8
4,8
4,8
4,8
4,8
4,8
4,8
4,8
4,8
4,8
4,8
4,8
4,8
4,8
4,8
4,8
4,8
4,8
4,8
4,8
4,8
4,8
4,8
4,8
4,8
4,8
4,8
4,8
4,8
4,8
4,8
4,8
4,8
4,8
4,8
4,8
4,8
4,8
4,8
4,8
4,8
4,8
4,8
4,8
4,8
4,8
4,8
4,8
4,8
4,8
4,8
4,8
4,8
4,8
4,8
4,8
4,8
4,8
4,8
4,8
4,8
4,8
4,8
4,8
4,8
4,8
4,8
4,8
4,8
4,8
4,8
4,8
4,8
4,8
4,8
4,8
4,8
4,8
4,8
4,8
4,8
4,8
4,8
4,8
4,8
4,8
4,8
4,8
4,8
4,8
4,8
4,8
4,8
4,8
4,8
4,8
4,8
4,8
4,8
4,8
4,8
4,8
4,8
4,8
4,8
4,8
4,8
4,8
4,8
4,8
4,8
4,8
4,8
4,8
4,8
4,8
4,8
4,8
4,8
4,8
4,8
4,8
4,8
4,8
4,8
4,8
4,8
4,8
4,8
4,8
4,8
4,8
4,8
4,8
4,8
4,8
4,8
4,8
4,8
4,8
4,8
4,8
4,8
4,8
4,8
4,8
4,8
4,8
4,8
4,8
4,8
4,8
4,8
4,8
4,8
4,8
4,8
4,8
4,8
4,8
4,8
4,8
4,8
4,8
4,8
4,8
4,8
4,8
4,8
4,8
4,8
4,8
4,8
4,8
4,8
4,8
4,8
4,8
4,8
4,8
4,8
4,8
4,8
4,8
4,8
4,8
4,8
4,8
4,8
4,8
4,8
4,8
4,8
4,8
4,8
4,8
4,8
4,8
4,8
4,8
4,8
4,8
4,8
4,8
4,8
4,8
4,8
4,8
4,8
4,8
4,8
4,8
4,8
4,8
4,8
4,8
4,8
4,8
4,8
4,8
4,8
4,8
4,8
4,8
4,8
4,8
4,8
4,8
4,8
4,8
4,8
4,8
4,8
4,8
4,8
4,8
4,8
4,8
4,8
4,8
4,8
4,8
4,8
4,8
4,8
4,8
4,8
4,8
4,8
4,8
4,8
4,8
4,8
4,8
4,8
4,8
4,8
4,8
4,8
4,8
4,8
4,8
4,8
4,8
4,8
4,8
4,8
4,8
4,8
4,8
4,8
4,8
4,8
4,8
4,8
4,8
4,8
4,8
4,8
4,8
4,8
4,8
4,8
4,8
4,8
4,8
4,8
4,8
4,8
4,8
4,8
4,8
4,8
4,8
4,8
4,8
4,8
4,8
4,8
4,8
4,8
4,8
4,8
4,8
4,8
4,8
4,8
4,8
4,8
4,8
4,8
4,8
4,8
4,8
4,8
4,8
4,8
4,8
4,8
4,8
4,8
4,8
4,8
4,8
4,8
4,8
4,8
4,8
4,8
4,8
4,8
4,8
4,8
4,8
4,8
4,8
4,8
4,8
4,8
4,8
4,8
4,8
4,8
4,8
4,8
4,8
4,8
4,8
4,8
4,8
4,8
4,8
4,8
4,8
4,8
4,8
4,8
4,8
4,8
4,8
4,8
4,8
4,8
4,8
4,8
4,8
4,8
4,8
4,8
4,8
4,8
4,8
4,8
4,8
4,8
4,8
4,8
4,8
4,8
4,8
4,8
4,8
4,8
4,8
4,8
4,8
4,8
4,8
4,8
4,8
4,8
4,8
4,8
4,8
4,8
4,8
4,8
4,8
4,8
4,8
4,8
4,8
4,8
4,8
4,8
4,8
4,8
4,8
4,8
4,8
4,8
4,8
4,8
4,8
4,8
4,8
4,8
4,8
4,8
4,8
4,8
4,8
4,8
4,8
4,8
4,8
4,8
4,8
4,8
4,8
4,8
4,8
4,8
4,8
4,8
4,8
4,8
4,8
4,8
4,8
4,8
4,8
4,8
4,8
4,8
4,8
4,8
4,8
4,8
4,8
4,8
4,8
4,8
4,8
4,8
4,8
4,8
4,8
4,8
4,8
4,8
4,8
4,8
4,8
4,8
4,8
4,8
4,8
4,8
4,8
4,8
4,8
4,8
4,8
4,8
4,8
4,8
4,8
4,8
4,8
4,8
4,8
4,8
4,8
4,8
4,8
4,8
4,8
4,8
4,8
4,8
4,8
4,8
4,8
4,8
4,8
4,8
4,8
4,8
4,8
4,8
4,8
4,8
4,8
4,8
4,8
4,8
4,8
4,8
4,8
4,8
4,8
4,8
4,8
4,8
4,8
4,8
4,8
4,8
4,8
4,8
4,8
4,8
4,8
4,8
4,8
4,8
4,8
4,8
4,8
4,8
4,8
4,8
4,8
4,8
4,8
4,8
4,8
4,8
4,8
4,0
4,0
4,0
4,0
4,0
4,0
4,0
4,0
4,0
4,0
4,0
4,0
4,0
4,0
4,0
4,0
4,0
4,0
4,0
4,0
4,0
4,0
